event_id,timestamp,week,day,event_name,page_section,page_path,source,campaign,device_type,country,plan,user_id,session_id,revenue
evt_000001,2026-04-29T18:36:00+00:00,2026-W18,Wed,page_view,product,/integrations,linkedin,founders,desktop,DE,free,user_0000,session_0000_0,0
evt_000002,2026-04-29T18:36:23+00:00,2026-W18,Wed,page_view,marketing,/,linkedin,founders,desktop,DE,free,user_0000,session_0000_0,0
evt_000003,2026-04-13T17:14:00+00:00,2026-W16,Mon,page_view,marketing,/,linkedin,founders,desktop,DE,free,user_0000,session_0000_1,0
evt_000004,2026-04-13T17:15:05+00:00,2026-W16,Mon,page_view,learn,/docs/getting-started,linkedin,founders,desktop,DE,free,user_0000,session_0000_1,0
evt_000005,2026-04-13T17:18:19+00:00,2026-W16,Mon,page_view,product,/product,linkedin,founders,desktop,DE,free,user_0000,session_0000_1,0
evt_000006,2026-04-13T17:19:30+00:00,2026-W16,Mon,page_view,product,/product,linkedin,founders,desktop,DE,free,user_0000,session_0000_1,0
evt_000007,2026-04-13T17:20:56+00:00,2026-W16,Mon,page_view,learn,/docs/getting-started,linkedin,founders,desktop,DE,free,user_0000,session_0000_1,0
evt_000008,2026-04-13T17:21:12+00:00,2026-W16,Mon,page_view,learn,/docs/getting-started,linkedin,founders,desktop,DE,free,user_0000,session_0000_1,0
evt_000009,2026-04-18T03:18:00+00:00,2026-W16,Sat,page_view,learn,/docs/getting-started,linkedin,founders,desktop,GB,free,user_0001,session_0001_0,0
evt_000010,2026-04-18T03:20:49+00:00,2026-W16,Sat,page_view,marketing,/pricing,linkedin,founders,desktop,GB,free,user_0001,session_0001_0,0
evt_000011,2026-04-18T03:21:15+00:00,2026-W16,Sat,page_view,learn,/docs/getting-started,linkedin,founders,desktop,GB,free,user_0001,session_0001_0,0
evt_000012,2026-04-18T03:23:47+00:00,2026-W16,Sat,page_view,marketing,/,linkedin,founders,desktop,GB,free,user_0001,session_0001_0,0
evt_000013,2026-04-18T03:25:38+00:00,2026-W16,Sat,signup_started,account,/signup,linkedin,founders,desktop,GB,free,user_0001,session_0001_0,0
evt_000014,2026-04-13T09:52:00+00:00,2026-W16,Mon,page_view,learn,/docs/getting-started,linkedin,founders,mobile,DE,free,user_0002,session_0002_0,0
evt_000015,2026-04-13T09:55:56+00:00,2026-W16,Mon,page_view,marketing,/,linkedin,founders,mobile,DE,free,user_0002,session_0002_0,0
evt_000016,2026-04-20T21:41:00+00:00,2026-W17,Mon,page_view,marketing,/,linkedin,founders,mobile,DE,free,user_0002,session_0002_1,0
evt_000017,2026-04-20T21:42:45+00:00,2026-W17,Mon,page_view,marketing,/,linkedin,founders,mobile,DE,free,user_0002,session_0002_1,0
evt_000018,2026-04-20T21:44:08+00:00,2026-W17,Mon,page_view,learn,/docs/getting-started,linkedin,founders,mobile,DE,free,user_0002,session_0002_1,0
evt_000019,2026-04-20T21:47:17+00:00,2026-W17,Mon,page_view,product,/integrations,linkedin,founders,mobile,DE,free,user_0002,session_0002_1,0
evt_000020,2026-04-26T23:29:00+00:00,2026-W17,Sun,page_view,marketing,/,linkedin,founders,desktop,GB,free,user_0003,session_0003_0,0
evt_000021,2026-04-26T23:30:38+00:00,2026-W17,Sun,page_view,learn,/docs/getting-started,linkedin,founders,desktop,GB,free,user_0003,session_0003_0,0
evt_000022,2026-04-26T23:34:11+00:00,2026-W17,Sun,page_view,marketing,/,linkedin,founders,desktop,GB,free,user_0003,session_0003_0,0
evt_000023,2026-04-26T23:37:56+00:00,2026-W17,Sun,page_view,marketing,/,linkedin,founders,desktop,GB,free,user_0003,session_0003_0,0
evt_000024,2026-04-26T23:39:31+00:00,2026-W17,Sun,page_view,product,/product,linkedin,founders,desktop,GB,free,user_0003,session_0003_0,0
evt_000025,2026-04-26T23:40:02+00:00,2026-W17,Sun,page_view,marketing,/,linkedin,founders,desktop,GB,free,user_0003,session_0003_0,0
evt_000026,2026-04-14T04:45:00+00:00,2026-W16,Tue,page_view,learn,/docs/getting-started,newsletter,april_launch,desktop,CA,free,user_0004,session_0004_0,0
evt_000027,2026-04-14T04:47:32+00:00,2026-W16,Tue,page_view,marketing,/pricing,newsletter,april_launch,desktop,CA,free,user_0004,session_0004_0,0
evt_000028,2026-04-14T04:50:16+00:00,2026-W16,Tue,page_view,product,/product,newsletter,april_launch,desktop,CA,free,user_0004,session_0004_0,0
evt_000029,2026-04-14T04:53:00+00:00,2026-W16,Tue,signup_started,account,/signup,newsletter,april_launch,desktop,CA,free,user_0004,session_0004_0,0
evt_000030,2026-04-11T23:13:00+00:00,2026-W15,Sat,page_view,product,/integrations,direct,none,desktop,US,pro,user_0005,session_0005_0,0
evt_000031,2026-04-11T23:14:53+00:00,2026-W15,Sat,page_view,marketing,/pricing,direct,none,desktop,US,pro,user_0005,session_0005_0,0
evt_000032,2026-04-11T23:17:07+00:00,2026-W15,Sat,page_view,product,/product,direct,none,desktop,US,pro,user_0005,session_0005_0,0
evt_000033,2026-04-11T23:19:43+00:00,2026-W15,Sat,page_view,learn,/docs/getting-started,direct,none,desktop,US,pro,user_0005,session_0005_0,0
evt_000034,2026-04-11T23:20:00+00:00,2026-W15,Sat,page_view,product,/integrations,direct,none,desktop,US,pro,user_0005,session_0005_0,0
evt_000035,2026-04-29T08:59:00+00:00,2026-W18,Wed,page_view,learn,/docs/getting-started,google,spring_search,desktop,DE,free,user_0006,session_0006_0,0
evt_000036,2026-04-29T09:01:24+00:00,2026-W18,Wed,page_view,learn,/blog/warehouse,google,spring_search,desktop,DE,free,user_0006,session_0006_0,0
evt_000037,2026-04-29T09:05:21+00:00,2026-W18,Wed,page_view,product,/integrations,google,spring_search,desktop,DE,free,user_0006,session_0006_0,0
evt_000038,2026-04-29T09:09:11+00:00,2026-W18,Wed,page_view,product,/integrations,google,spring_search,desktop,DE,free,user_0006,session_0006_0,0
evt_000039,2026-04-29T09:12:01+00:00,2026-W18,Wed,page_view,marketing,/,google,spring_search,desktop,DE,free,user_0006,session_0006_0,0
evt_000040,2026-04-29T09:13:51+00:00,2026-W18,Wed,page_view,learn,/docs/getting-started,google,spring_search,desktop,DE,free,user_0006,session_0006_0,0
evt_000041,2026-04-17T10:29:00+00:00,2026-W16,Fri,page_view,marketing,/,direct,none,mobile,US,free,user_0007,session_0007_0,0
evt_000042,2026-04-17T10:32:59+00:00,2026-W16,Fri,page_view,product,/product,direct,none,mobile,US,free,user_0007,session_0007_0,0
evt_000043,2026-04-17T10:33:34+00:00,2026-W16,Fri,page_view,marketing,/,direct,none,mobile,US,free,user_0007,session_0007_0,0
evt_000044,2026-04-23T05:38:00+00:00,2026-W17,Thu,page_view,product,/product,newsletter,april_launch,tablet,AU,pro,user_0008,session_0008_0,0
evt_000045,2026-04-23T05:40:50+00:00,2026-W17,Thu,page_view,product,/product,newsletter,april_launch,tablet,AU,pro,user_0008,session_0008_0,0
evt_000046,2026-04-23T05:41:59+00:00,2026-W17,Thu,page_view,learn,/blog/warehouse,newsletter,april_launch,tablet,AU,pro,user_0008,session_0008_0,0
evt_000047,2026-04-23T05:45:27+00:00,2026-W17,Thu,page_view,learn,/docs/getting-started,newsletter,april_launch,tablet,AU,pro,user_0008,session_0008_0,0
evt_000048,2026-04-28T10:38:00+00:00,2026-W18,Tue,page_view,learn,/blog/warehouse,newsletter,april_launch,tablet,AU,pro,user_0008,session_0008_1,0
evt_000049,2026-04-28T10:41:01+00:00,2026-W18,Tue,page_view,marketing,/pricing,newsletter,april_launch,tablet,AU,pro,user_0008,session_0008_1,0
evt_000050,2026-04-28T10:43:28+00:00,2026-W18,Tue,page_view,product,/product,newsletter,april_launch,tablet,AU,pro,user_0008,session_0008_1,0
evt_000051,2026-04-28T10:44:46+00:00,2026-W18,Tue,page_view,marketing,/,newsletter,april_launch,tablet,AU,pro,user_0008,session_0008_1,0
evt_000052,2026-04-28T10:46:27+00:00,2026-W18,Tue,page_view,marketing,/,newsletter,april_launch,tablet,AU,pro,user_0008,session_0008_1,0
evt_000053,2026-04-28T10:49:03+00:00,2026-W18,Tue,signup_completed,account,/signup,newsletter,april_launch,tablet,AU,pro,user_0008,session_0008_1,99
evt_000054,2026-04-22T08:07:00+00:00,2026-W17,Wed,page_view,product,/integrations,organic,none,mobile,GB,free,user_0009,session_0009_0,0
evt_000055,2026-04-22T08:08:09+00:00,2026-W17,Wed,page_view,product,/product,organic,none,mobile,GB,free,user_0009,session_0009_0,0
evt_000056,2026-04-22T08:11:29+00:00,2026-W17,Wed,page_view,learn,/blog/warehouse,organic,none,mobile,GB,free,user_0009,session_0009_0,0
evt_000057,2026-04-22T08:14:10+00:00,2026-W17,Wed,page_view,product,/product,organic,none,mobile,GB,free,user_0009,session_0009_0,0
evt_000058,2026-05-01T16:08:00+00:00,2026-W18,Fri,page_view,marketing,/,organic,none,mobile,GB,free,user_0009,session_0009_1,0
evt_000059,2026-05-01T16:08:39+00:00,2026-W18,Fri,page_view,product,/integrations,organic,none,mobile,GB,free,user_0009,session_0009_1,0
evt_000060,2026-05-01T16:10:24+00:00,2026-W18,Fri,page_view,product,/product,organic,none,mobile,GB,free,user_0009,session_0009_1,0
evt_000061,2026-05-01T16:12:38+00:00,2026-W18,Fri,page_view,learn,/docs/getting-started,organic,none,mobile,GB,free,user_0009,session_0009_1,0
evt_000062,2026-05-01T16:13:06+00:00,2026-W18,Fri,page_view,product,/integrations,organic,none,mobile,GB,free,user_0009,session_0009_1,0
evt_000063,2026-04-23T15:18:00+00:00,2026-W17,Thu,page_view,product,/product,organic,none,desktop,DE,pro,user_0010,session_0010_0,0
evt_000064,2026-04-23T15:19:26+00:00,2026-W17,Thu,page_view,product,/product,organic,none,desktop,DE,pro,user_0010,session_0010_0,0
evt_000065,2026-04-23T15:23:24+00:00,2026-W17,Thu,page_view,learn,/blog/warehouse,organic,none,desktop,DE,pro,user_0010,session_0010_0,0
evt_000066,2026-05-01T18:47:00+00:00,2026-W18,Fri,page_view,marketing,/,organic,none,desktop,DE,pro,user_0010,session_0010_1,0
evt_000067,2026-05-01T18:49:33+00:00,2026-W18,Fri,page_view,learn,/docs/getting-started,organic,none,desktop,DE,pro,user_0010,session_0010_1,0
evt_000068,2026-04-07T05:37:00+00:00,2026-W15,Tue,page_view,marketing,/,direct,none,mobile,GB,free,user_0011,session_0011_0,0
evt_000069,2026-04-07T05:38:54+00:00,2026-W15,Tue,page_view,marketing,/pricing,direct,none,mobile,GB,free,user_0011,session_0011_0,0
evt_000070,2026-04-07T05:42:29+00:00,2026-W15,Tue,page_view,learn,/docs/getting-started,direct,none,mobile,GB,free,user_0011,session_0011_0,0
evt_000071,2026-04-07T05:43:57+00:00,2026-W15,Tue,page_view,product,/product,direct,none,mobile,GB,free,user_0011,session_0011_0,0
evt_000072,2026-04-07T05:47:19+00:00,2026-W15,Tue,page_view,learn,/blog/warehouse,direct,none,mobile,GB,free,user_0011,session_0011_0,0
evt_000073,2026-04-29T10:42:00+00:00,2026-W18,Wed,page_view,marketing,/,google,spring_search,desktop,GB,team,user_0012,session_0012_0,0
evt_000074,2026-04-29T10:44:17+00:00,2026-W18,Wed,page_view,product,/product,google,spring_search,desktop,GB,team,user_0012,session_0012_0,0
evt_000075,2026-04-27T08:01:00+00:00,2026-W18,Mon,page_view,marketing,/,google,spring_search,desktop,AU,free,user_0013,session_0013_0,0
evt_000076,2026-04-27T08:03:40+00:00,2026-W18,Mon,page_view,marketing,/pricing,google,spring_search,desktop,AU,free,user_0013,session_0013_0,0
evt_000077,2026-04-27T08:06:27+00:00,2026-W18,Mon,page_view,marketing,/,google,spring_search,desktop,AU,free,user_0013,session_0013_0,0
evt_000078,2026-04-27T08:07:02+00:00,2026-W18,Mon,page_view,product,/product,google,spring_search,desktop,AU,free,user_0013,session_0013_0,0
evt_000079,2026-04-27T08:09:46+00:00,2026-W18,Mon,page_view,product,/product,google,spring_search,desktop,AU,free,user_0013,session_0013_0,0
evt_000080,2026-04-12T22:51:00+00:00,2026-W15,Sun,page_view,marketing,/pricing,google,spring_search,desktop,AU,free,user_0013,session_0013_1,0
evt_000081,2026-04-12T22:52:22+00:00,2026-W15,Sun,page_view,marketing,/pricing,google,spring_search,desktop,AU,free,user_0013,session_0013_1,0
evt_000082,2026-04-12T22:55:28+00:00,2026-W15,Sun,page_view,product,/integrations,google,spring_search,desktop,AU,free,user_0013,session_0013_1,0
evt_000083,2026-04-12T22:57:40+00:00,2026-W15,Sun,page_view,marketing,/pricing,google,spring_search,desktop,AU,free,user_0013,session_0013_1,0
evt_000084,2026-04-12T23:01:07+00:00,2026-W15,Sun,page_view,learn,/blog/warehouse,google,spring_search,desktop,AU,free,user_0013,session_0013_1,0
evt_000085,2026-04-12T23:01:24+00:00,2026-W15,Sun,page_view,product,/product,google,spring_search,desktop,AU,free,user_0013,session_0013_1,0
evt_000086,2026-04-12T23:04:03+00:00,2026-W15,Sun,page_view,learn,/blog/warehouse,google,spring_search,desktop,AU,free,user_0013,session_0013_1,0
evt_000087,2026-04-11T14:57:00+00:00,2026-W15,Sat,page_view,learn,/docs/getting-started,google,spring_search,desktop,DE,pro,user_0014,session_0014_0,0
evt_000088,2026-04-11T14:59:51+00:00,2026-W15,Sat,page_view,learn,/blog/warehouse,google,spring_search,desktop,DE,pro,user_0014,session_0014_0,0
evt_000089,2026-04-11T15:03:32+00:00,2026-W15,Sat,page_view,product,/integrations,google,spring_search,desktop,DE,pro,user_0014,session_0014_0,0
evt_000090,2026-04-11T15:03:49+00:00,2026-W15,Sat,page_view,product,/integrations,google,spring_search,desktop,DE,pro,user_0014,session_0014_0,0
evt_000091,2026-04-11T15:06:25+00:00,2026-W15,Sat,page_view,marketing,/pricing,google,spring_search,desktop,DE,pro,user_0014,session_0014_0,0
evt_000092,2026-04-11T15:09:29+00:00,2026-W15,Sat,page_view,marketing,/,google,spring_search,desktop,DE,pro,user_0014,session_0014_0,0
evt_000093,2026-04-11T15:13:28+00:00,2026-W15,Sat,signup_completed,account,/signup,google,spring_search,desktop,DE,pro,user_0014,session_0014_0,99
evt_000094,2026-04-27T21:38:00+00:00,2026-W18,Mon,page_view,product,/product,organic,none,desktop,DE,free,user_0015,session_0015_0,0
evt_000095,2026-04-27T21:39:19+00:00,2026-W18,Mon,page_view,learn,/blog/warehouse,organic,none,desktop,DE,free,user_0015,session_0015_0,0
evt_000096,2026-04-27T21:43:10+00:00,2026-W18,Mon,page_view,marketing,/,organic,none,desktop,DE,free,user_0015,session_0015_0,0
evt_000097,2026-04-27T21:46:07+00:00,2026-W18,Mon,page_view,product,/product,organic,none,desktop,DE,free,user_0015,session_0015_0,0
evt_000098,2026-04-07T00:07:00+00:00,2026-W15,Tue,page_view,learn,/docs/getting-started,organic,none,desktop,DE,free,user_0015,session_0015_1,0
evt_000099,2026-04-07T00:09:58+00:00,2026-W15,Tue,page_view,learn,/blog/warehouse,organic,none,desktop,DE,free,user_0015,session_0015_1,0
evt_000100,2026-04-07T00:10:54+00:00,2026-W15,Tue,page_view,learn,/docs/getting-started,organic,none,desktop,DE,free,user_0015,session_0015_1,0
evt_000101,2026-04-07T00:13:30+00:00,2026-W15,Tue,page_view,learn,/docs/getting-started,organic,none,desktop,DE,free,user_0015,session_0015_1,0
evt_000102,2026-04-10T14:40:00+00:00,2026-W15,Fri,page_view,marketing,/,organic,none,desktop,GB,free,user_0016,session_0016_0,0
evt_000103,2026-04-10T14:41:48+00:00,2026-W15,Fri,page_view,learn,/blog/warehouse,organic,none,desktop,GB,free,user_0016,session_0016_0,0
evt_000104,2026-04-10T14:45:26+00:00,2026-W15,Fri,page_view,learn,/blog/warehouse,organic,none,desktop,GB,free,user_0016,session_0016_0,0
evt_000105,2026-05-03T13:52:00+00:00,2026-W18,Sun,page_view,learn,/docs/getting-started,newsletter,april_launch,desktop,GB,free,user_0017,session_0017_0,0
evt_000106,2026-05-03T13:53:15+00:00,2026-W18,Sun,page_view,learn,/docs/getting-started,newsletter,april_launch,desktop,GB,free,user_0017,session_0017_0,0
evt_000107,2026-05-03T13:56:54+00:00,2026-W18,Sun,page_view,learn,/docs/getting-started,newsletter,april_launch,desktop,GB,free,user_0017,session_0017_0,0
evt_000108,2026-05-03T14:00:54+00:00,2026-W18,Sun,page_view,product,/product,newsletter,april_launch,desktop,GB,free,user_0017,session_0017_0,0
evt_000109,2026-05-03T14:01:54+00:00,2026-W18,Sun,page_view,learn,/docs/getting-started,newsletter,april_launch,desktop,GB,free,user_0017,session_0017_0,0
evt_000110,2026-05-03T14:03:34+00:00,2026-W18,Sun,page_view,learn,/docs/getting-started,newsletter,april_launch,desktop,GB,free,user_0017,session_0017_0,0
evt_000111,2026-05-03T01:19:00+00:00,2026-W18,Sun,page_view,marketing,/,newsletter,april_launch,mobile,GB,free,user_0018,session_0018_0,0
evt_000112,2026-05-03T01:22:44+00:00,2026-W18,Sun,page_view,learn,/blog/warehouse,newsletter,april_launch,mobile,GB,free,user_0018,session_0018_0,0
evt_000113,2026-05-03T01:24:28+00:00,2026-W18,Sun,page_view,marketing,/pricing,newsletter,april_launch,mobile,GB,free,user_0018,session_0018_0,0
evt_000114,2026-05-03T01:28:06+00:00,2026-W18,Sun,page_view,learn,/docs/getting-started,newsletter,april_launch,mobile,GB,free,user_0018,session_0018_0,0
evt_000115,2026-05-03T01:29:18+00:00,2026-W18,Sun,page_view,marketing,/,newsletter,april_launch,mobile,GB,free,user_0018,session_0018_0,0
evt_000116,2026-05-03T01:30:22+00:00,2026-W18,Sun,signup_started,account,/signup,newsletter,april_launch,mobile,GB,free,user_0018,session_0018_0,0
evt_000117,2026-04-23T11:18:00+00:00,2026-W17,Thu,page_view,marketing,/,organic,none,mobile,DE,free,user_0019,session_0019_0,0
evt_000118,2026-04-23T11:19:21+00:00,2026-W17,Thu,page_view,marketing,/,organic,none,mobile,DE,free,user_0019,session_0019_0,0
evt_000119,2026-04-22T03:56:00+00:00,2026-W17,Wed,page_view,learn,/blog/warehouse,organic,none,mobile,DE,pro,user_0020,session_0020_0,0
evt_000120,2026-04-22T03:57:03+00:00,2026-W17,Wed,page_view,marketing,/pricing,organic,none,mobile,DE,pro,user_0020,session_0020_0,0
evt_000121,2026-04-22T04:00:19+00:00,2026-W17,Wed,page_view,product,/product,organic,none,mobile,DE,pro,user_0020,session_0020_0,0
evt_000122,2026-04-22T04:02:47+00:00,2026-W17,Wed,page_view,learn,/blog/warehouse,organic,none,mobile,DE,pro,user_0020,session_0020_0,0
evt_000123,2026-04-22T04:05:19+00:00,2026-W17,Wed,page_view,product,/integrations,organic,none,mobile,DE,pro,user_0020,session_0020_0,0
evt_000124,2026-04-15T17:18:00+00:00,2026-W16,Wed,page_view,product,/integrations,organic,none,desktop,DE,free,user_0021,session_0021_0,0
evt_000125,2026-04-15T17:19:38+00:00,2026-W16,Wed,page_view,product,/product,organic,none,desktop,DE,free,user_0021,session_0021_0,0
evt_000126,2026-04-15T17:21:08+00:00,2026-W16,Wed,page_view,product,/product,organic,none,desktop,DE,free,user_0021,session_0021_0,0
evt_000127,2026-04-15T17:22:12+00:00,2026-W16,Wed,page_view,product,/product,organic,none,desktop,DE,free,user_0021,session_0021_0,0
evt_000128,2026-04-15T09:47:00+00:00,2026-W16,Wed,page_view,product,/product,linkedin,founders,mobile,AU,free,user_0022,session_0022_0,0
evt_000129,2026-04-15T09:49:43+00:00,2026-W16,Wed,page_view,product,/integrations,linkedin,founders,mobile,AU,free,user_0022,session_0022_0,0
evt_000130,2026-04-15T09:51:20+00:00,2026-W16,Wed,page_view,product,/product,linkedin,founders,mobile,AU,free,user_0022,session_0022_0,0
evt_000131,2026-04-25T11:26:00+00:00,2026-W17,Sat,page_view,learn,/docs/getting-started,linkedin,founders,desktop,GB,free,user_0023,session_0023_0,0
evt_000132,2026-04-25T11:29:27+00:00,2026-W17,Sat,page_view,marketing,/,linkedin,founders,desktop,GB,free,user_0023,session_0023_0,0
evt_000133,2026-04-30T02:29:00+00:00,2026-W18,Thu,page_view,product,/product,organic,none,desktop,US,free,user_0024,session_0024_0,0
evt_000134,2026-04-30T02:31:56+00:00,2026-W18,Thu,page_view,product,/product,organic,none,desktop,US,free,user_0024,session_0024_0,0
evt_000135,2026-04-30T02:35:14+00:00,2026-W18,Thu,page_view,product,/integrations,organic,none,desktop,US,free,user_0024,session_0024_0,0
evt_000136,2026-04-30T02:37:35+00:00,2026-W18,Thu,page_view,marketing,/pricing,organic,none,desktop,US,free,user_0024,session_0024_0,0
evt_000137,2026-04-30T02:38:27+00:00,2026-W18,Thu,page_view,product,/integrations,organic,none,desktop,US,free,user_0024,session_0024_0,0
evt_000138,2026-04-20T01:42:00+00:00,2026-W17,Mon,page_view,marketing,/pricing,newsletter,april_launch,mobile,CA,free,user_0025,session_0025_0,0
evt_000139,2026-04-20T01:45:52+00:00,2026-W17,Mon,page_view,marketing,/,newsletter,april_launch,mobile,CA,free,user_0025,session_0025_0,0
evt_000140,2026-04-20T01:46:41+00:00,2026-W17,Mon,page_view,learn,/docs/getting-started,newsletter,april_launch,mobile,CA,free,user_0025,session_0025_0,0
evt_000141,2026-04-20T01:49:46+00:00,2026-W17,Mon,page_view,product,/product,newsletter,april_launch,mobile,CA,free,user_0025,session_0025_0,0
evt_000142,2026-04-20T01:52:24+00:00,2026-W17,Mon,page_view,product,/integrations,newsletter,april_launch,mobile,CA,free,user_0025,session_0025_0,0
evt_000143,2026-04-20T01:55:52+00:00,2026-W17,Mon,page_view,learn,/blog/warehouse,newsletter,april_launch,mobile,CA,free,user_0025,session_0025_0,0
evt_000144,2026-04-20T08:50:00+00:00,2026-W17,Mon,page_view,learn,/docs/getting-started,newsletter,april_launch,desktop,AU,free,user_0026,session_0026_0,0
evt_000145,2026-04-20T08:51:25+00:00,2026-W17,Mon,page_view,learn,/docs/getting-started,newsletter,april_launch,desktop,AU,free,user_0026,session_0026_0,0
evt_000146,2026-04-20T08:53:53+00:00,2026-W17,Mon,page_view,product,/product,newsletter,april_launch,desktop,AU,free,user_0026,session_0026_0,0
evt_000147,2026-04-14T15:00:00+00:00,2026-W16,Tue,page_view,learn,/docs/getting-started,newsletter,april_launch,desktop,AU,free,user_0026,session_0026_1,0
evt_000148,2026-04-14T15:01:15+00:00,2026-W16,Tue,page_view,marketing,/pricing,newsletter,april_launch,desktop,AU,free,user_0026,session_0026_1,0
evt_000149,2026-04-19T11:17:00+00:00,2026-W16,Sun,page_view,product,/product,organic,none,desktop,CA,pro,user_0027,session_0027_0,0
evt_000150,2026-04-19T11:17:30+00:00,2026-W16,Sun,page_view,marketing,/,organic,none,desktop,CA,pro,user_0027,session_0027_0,0
evt_000151,2026-04-19T11:19:32+00:00,2026-W16,Sun,page_view,marketing,/pricing,organic,none,desktop,CA,pro,user_0027,session_0027_0,0
evt_000152,2026-04-19T11:23:04+00:00,2026-W16,Sun,page_view,product,/integrations,organic,none,desktop,CA,pro,user_0027,session_0027_0,0
evt_000153,2026-04-19T11:26:17+00:00,2026-W16,Sun,page_view,marketing,/,organic,none,desktop,CA,pro,user_0027,session_0027_0,0
evt_000154,2026-04-19T11:30:17+00:00,2026-W16,Sun,page_view,learn,/docs/getting-started,organic,none,desktop,CA,pro,user_0027,session_0027_0,0
evt_000155,2026-04-17T10:11:00+00:00,2026-W16,Fri,page_view,learn,/docs/getting-started,organic,none,desktop,CA,pro,user_0027,session_0027_1,0
evt_000156,2026-04-17T10:14:48+00:00,2026-W16,Fri,page_view,product,/product,organic,none,desktop,CA,pro,user_0027,session_0027_1,0
evt_000157,2026-04-17T10:18:14+00:00,2026-W16,Fri,page_view,learn,/docs/getting-started,organic,none,desktop,CA,pro,user_0027,session_0027_1,0
evt_000158,2026-04-17T10:21:53+00:00,2026-W16,Fri,page_view,product,/integrations,organic,none,desktop,CA,pro,user_0027,session_0027_1,0
evt_000159,2026-04-17T10:23:04+00:00,2026-W16,Fri,page_view,product,/product,organic,none,desktop,CA,pro,user_0027,session_0027_1,0
evt_000160,2026-05-02T15:57:00+00:00,2026-W18,Sat,page_view,learn,/blog/warehouse,google,spring_search,desktop,DE,free,user_0028,session_0028_0,0
evt_000161,2026-05-02T15:59:31+00:00,2026-W18,Sat,page_view,marketing,/,google,spring_search,desktop,DE,free,user_0028,session_0028_0,0
evt_000162,2026-05-02T16:01:26+00:00,2026-W18,Sat,page_view,product,/integrations,google,spring_search,desktop,DE,free,user_0028,session_0028_0,0
evt_000163,2026-04-16T07:13:00+00:00,2026-W16,Thu,page_view,marketing,/pricing,organic,none,mobile,GB,pro,user_0029,session_0029_0,0
evt_000164,2026-04-16T07:16:29+00:00,2026-W16,Thu,page_view,learn,/docs/getting-started,organic,none,mobile,GB,pro,user_0029,session_0029_0,0
evt_000165,2026-04-16T07:17:55+00:00,2026-W16,Thu,page_view,learn,/docs/getting-started,organic,none,mobile,GB,pro,user_0029,session_0029_0,0
evt_000166,2026-04-16T07:21:42+00:00,2026-W16,Thu,page_view,product,/product,organic,none,mobile,GB,pro,user_0029,session_0029_0,0
evt_000167,2026-04-16T07:25:30+00:00,2026-W16,Thu,page_view,marketing,/,organic,none,mobile,GB,pro,user_0029,session_0029_0,0
evt_000168,2026-04-07T11:56:00+00:00,2026-W15,Tue,page_view,product,/integrations,organic,none,mobile,GB,pro,user_0029,session_0029_1,0
evt_000169,2026-04-07T11:59:34+00:00,2026-W15,Tue,page_view,learn,/blog/warehouse,organic,none,mobile,GB,pro,user_0029,session_0029_1,0
evt_000170,2026-04-07T11:59:59+00:00,2026-W15,Tue,page_view,learn,/docs/getting-started,organic,none,mobile,GB,pro,user_0029,session_0029_1,0
evt_000171,2026-04-12T15:52:00+00:00,2026-W15,Sun,page_view,marketing,/pricing,organic,none,desktop,GB,free,user_0030,session_0030_0,0
evt_000172,2026-04-12T15:53:49+00:00,2026-W15,Sun,page_view,marketing,/,organic,none,desktop,GB,free,user_0030,session_0030_0,0
evt_000173,2026-04-12T15:56:39+00:00,2026-W15,Sun,page_view,learn,/blog/warehouse,organic,none,desktop,GB,free,user_0030,session_0030_0,0
evt_000174,2026-04-12T15:59:57+00:00,2026-W15,Sun,page_view,marketing,/,organic,none,desktop,GB,free,user_0030,session_0030_0,0
evt_000175,2026-04-12T16:03:41+00:00,2026-W15,Sun,page_view,marketing,/,organic,none,desktop,GB,free,user_0030,session_0030_0,0
evt_000176,2026-04-12T16:05:15+00:00,2026-W15,Sun,page_view,marketing,/,organic,none,desktop,GB,free,user_0030,session_0030_0,0
evt_000177,2026-04-12T16:05:36+00:00,2026-W15,Sun,page_view,learn,/blog/warehouse,organic,none,desktop,GB,free,user_0030,session_0030_0,0
evt_000178,2026-04-09T23:47:00+00:00,2026-W15,Thu,page_view,learn,/docs/getting-started,direct,none,desktop,GB,free,user_0031,session_0031_0,0
evt_000179,2026-04-09T23:49:48+00:00,2026-W15,Thu,page_view,learn,/docs/getting-started,direct,none,desktop,GB,free,user_0031,session_0031_0,0
evt_000180,2026-04-09T23:53:26+00:00,2026-W15,Thu,page_view,learn,/blog/warehouse,direct,none,desktop,GB,free,user_0031,session_0031_0,0
evt_000181,2026-04-09T23:57:01+00:00,2026-W15,Thu,page_view,marketing,/,direct,none,desktop,GB,free,user_0031,session_0031_0,0
evt_000182,2026-04-21T03:36:00+00:00,2026-W17,Tue,page_view,learn,/blog/warehouse,google,spring_search,desktop,AU,free,user_0032,session_0032_0,0
evt_000183,2026-04-21T03:38:57+00:00,2026-W17,Tue,page_view,learn,/blog/warehouse,google,spring_search,desktop,AU,free,user_0032,session_0032_0,0
evt_000184,2026-04-21T03:41:09+00:00,2026-W17,Tue,page_view,learn,/docs/getting-started,google,spring_search,desktop,AU,free,user_0032,session_0032_0,0
evt_000185,2026-04-21T03:43:15+00:00,2026-W17,Tue,page_view,marketing,/,google,spring_search,desktop,AU,free,user_0032,session_0032_0,0
evt_000186,2026-04-21T03:45:43+00:00,2026-W17,Tue,page_view,learn,/blog/warehouse,google,spring_search,desktop,AU,free,user_0032,session_0032_0,0
evt_000187,2026-04-25T18:22:00+00:00,2026-W17,Sat,page_view,product,/product,google,spring_search,desktop,AU,free,user_0032,session_0032_1,0
evt_000188,2026-04-25T18:25:46+00:00,2026-W17,Sat,page_view,learn,/docs/getting-started,google,spring_search,desktop,AU,free,user_0032,session_0032_1,0
evt_000189,2026-04-25T18:27:09+00:00,2026-W17,Sat,page_view,marketing,/pricing,google,spring_search,desktop,AU,free,user_0032,session_0032_1,0
evt_000190,2026-04-25T18:28:26+00:00,2026-W17,Sat,page_view,learn,/docs/getting-started,google,spring_search,desktop,AU,free,user_0032,session_0032_1,0
evt_000191,2026-04-25T18:29:03+00:00,2026-W17,Sat,page_view,marketing,/pricing,google,spring_search,desktop,AU,free,user_0032,session_0032_1,0
evt_000192,2026-04-25T18:31:13+00:00,2026-W17,Sat,signup_started,account,/signup,google,spring_search,desktop,AU,free,user_0032,session_0032_1,0
evt_000193,2026-04-17T08:49:00+00:00,2026-W16,Fri,page_view,marketing,/pricing,linkedin,founders,desktop,US,free,user_0033,session_0033_0,0
evt_000194,2026-04-17T08:51:47+00:00,2026-W16,Fri,page_view,learn,/docs/getting-started,linkedin,founders,desktop,US,free,user_0033,session_0033_0,0
evt_000195,2026-04-17T08:53:12+00:00,2026-W16,Fri,page_view,product,/product,linkedin,founders,desktop,US,free,user_0033,session_0033_0,0
evt_000196,2026-04-17T08:55:39+00:00,2026-W16,Fri,page_view,learn,/blog/warehouse,linkedin,founders,desktop,US,free,user_0033,session_0033_0,0
evt_000197,2026-04-17T08:56:15+00:00,2026-W16,Fri,signup_started,account,/signup,linkedin,founders,desktop,US,free,user_0033,session_0033_0,0
evt_000198,2026-04-08T10:02:00+00:00,2026-W15,Wed,page_view,product,/product,google,spring_search,desktop,CA,free,user_0034,session_0034_0,0
evt_000199,2026-04-08T10:03:17+00:00,2026-W15,Wed,page_view,marketing,/pricing,google,spring_search,desktop,CA,free,user_0034,session_0034_0,0
evt_000200,2026-04-08T10:06:00+00:00,2026-W15,Wed,page_view,marketing,/pricing,google,spring_search,desktop,CA,free,user_0034,session_0034_0,0
evt_000201,2026-04-13T04:07:00+00:00,2026-W16,Mon,page_view,marketing,/,google,spring_search,mobile,DE,free,user_0035,session_0035_0,0
evt_000202,2026-04-13T04:07:45+00:00,2026-W16,Mon,page_view,learn,/docs/getting-started,google,spring_search,mobile,DE,free,user_0035,session_0035_0,0
evt_000203,2026-04-13T04:11:15+00:00,2026-W16,Mon,page_view,product,/integrations,google,spring_search,mobile,DE,free,user_0035,session_0035_0,0
evt_000204,2026-04-13T04:12:19+00:00,2026-W16,Mon,page_view,marketing,/,google,spring_search,mobile,DE,free,user_0035,session_0035_0,0
evt_000205,2026-04-13T04:14:37+00:00,2026-W16,Mon,page_view,marketing,/pricing,google,spring_search,mobile,DE,free,user_0035,session_0035_0,0
evt_000206,2026-04-13T04:17:22+00:00,2026-W16,Mon,page_view,learn,/blog/warehouse,google,spring_search,mobile,DE,free,user_0035,session_0035_0,0
evt_000207,2026-04-13T04:19:51+00:00,2026-W16,Mon,page_view,product,/integrations,google,spring_search,mobile,DE,free,user_0035,session_0035_0,0
evt_000208,2026-04-07T18:53:00+00:00,2026-W15,Tue,page_view,product,/integrations,organic,none,desktop,DE,free,user_0036,session_0036_0,0
evt_000209,2026-04-07T18:53:47+00:00,2026-W15,Tue,page_view,product,/integrations,organic,none,desktop,DE,free,user_0036,session_0036_0,0
evt_000210,2026-04-07T18:57:14+00:00,2026-W15,Tue,page_view,product,/product,organic,none,desktop,DE,free,user_0036,session_0036_0,0
evt_000211,2026-04-07T19:01:12+00:00,2026-W15,Tue,page_view,marketing,/,organic,none,desktop,DE,free,user_0036,session_0036_0,0
evt_000212,2026-04-09T02:13:00+00:00,2026-W15,Thu,page_view,product,/product,google,spring_search,desktop,GB,team,user_0037,session_0037_0,0
evt_000213,2026-04-09T02:15:42+00:00,2026-W15,Thu,page_view,product,/integrations,google,spring_search,desktop,GB,team,user_0037,session_0037_0,0
evt_000214,2026-04-09T02:16:10+00:00,2026-W15,Thu,page_view,marketing,/,google,spring_search,desktop,GB,team,user_0037,session_0037_0,0
evt_000215,2026-04-09T02:19:52+00:00,2026-W15,Thu,page_view,product,/product,google,spring_search,desktop,GB,team,user_0037,session_0037_0,0
evt_000216,2026-04-09T02:21:24+00:00,2026-W15,Thu,page_view,marketing,/,google,spring_search,desktop,GB,team,user_0037,session_0037_0,0
evt_000217,2026-04-18T15:22:00+00:00,2026-W16,Sat,page_view,marketing,/pricing,organic,none,mobile,AU,free,user_0038,session_0038_0,0
evt_000218,2026-04-18T15:24:45+00:00,2026-W16,Sat,page_view,learn,/blog/warehouse,organic,none,mobile,AU,free,user_0038,session_0038_0,0
evt_000219,2026-04-18T15:26:18+00:00,2026-W16,Sat,page_view,product,/product,organic,none,mobile,AU,free,user_0038,session_0038_0,0
evt_000220,2026-04-18T15:26:48+00:00,2026-W16,Sat,page_view,product,/integrations,organic,none,mobile,AU,free,user_0038,session_0038_0,0
evt_000221,2026-04-18T15:30:12+00:00,2026-W16,Sat,page_view,marketing,/,organic,none,mobile,AU,free,user_0038,session_0038_0,0
evt_000222,2026-04-18T15:33:42+00:00,2026-W16,Sat,signup_started,account,/signup,organic,none,mobile,AU,free,user_0038,session_0038_0,0
evt_000223,2026-04-28T20:16:00+00:00,2026-W18,Tue,page_view,marketing,/pricing,linkedin,founders,desktop,GB,free,user_0039,session_0039_0,0
evt_000224,2026-04-28T20:17:14+00:00,2026-W18,Tue,page_view,marketing,/pricing,linkedin,founders,desktop,GB,free,user_0039,session_0039_0,0
evt_000225,2026-04-28T20:18:41+00:00,2026-W18,Tue,page_view,learn,/docs/getting-started,linkedin,founders,desktop,GB,free,user_0039,session_0039_0,0
evt_000226,2026-04-28T20:20:52+00:00,2026-W18,Tue,page_view,marketing,/,linkedin,founders,desktop,GB,free,user_0039,session_0039_0,0
evt_000227,2026-04-28T20:22:06+00:00,2026-W18,Tue,page_view,learn,/blog/warehouse,linkedin,founders,desktop,GB,free,user_0039,session_0039_0,0
evt_000228,2026-04-24T22:34:00+00:00,2026-W17,Fri,page_view,product,/product,linkedin,founders,desktop,GB,free,user_0039,session_0039_1,0
evt_000229,2026-04-24T22:36:34+00:00,2026-W17,Fri,page_view,marketing,/,linkedin,founders,desktop,GB,free,user_0039,session_0039_1,0
evt_000230,2026-04-24T22:37:27+00:00,2026-W17,Fri,page_view,learn,/blog/warehouse,linkedin,founders,desktop,GB,free,user_0039,session_0039_1,0
evt_000231,2026-04-20T04:14:00+00:00,2026-W17,Mon,page_view,product,/integrations,organic,none,desktop,DE,free,user_0040,session_0040_0,0
evt_000232,2026-04-20T04:17:14+00:00,2026-W17,Mon,page_view,product,/product,organic,none,desktop,DE,free,user_0040,session_0040_0,0
evt_000233,2026-04-20T04:18:38+00:00,2026-W17,Mon,page_view,product,/product,organic,none,desktop,DE,free,user_0040,session_0040_0,0
evt_000234,2026-04-20T04:20:59+00:00,2026-W17,Mon,page_view,product,/product,organic,none,desktop,DE,free,user_0040,session_0040_0,0
evt_000235,2026-04-20T04:23:47+00:00,2026-W17,Mon,page_view,marketing,/,organic,none,desktop,DE,free,user_0040,session_0040_0,0
evt_000236,2026-04-24T20:02:00+00:00,2026-W17,Fri,page_view,learn,/blog/warehouse,linkedin,founders,mobile,US,free,user_0041,session_0041_0,0
evt_000237,2026-04-24T20:05:07+00:00,2026-W17,Fri,page_view,learn,/docs/getting-started,linkedin,founders,mobile,US,free,user_0041,session_0041_0,0
evt_000238,2026-04-24T14:52:00+00:00,2026-W17,Fri,page_view,learn,/docs/getting-started,organic,none,mobile,CA,free,user_0042,session_0042_0,0
evt_000239,2026-04-24T14:52:38+00:00,2026-W17,Fri,page_view,product,/product,organic,none,mobile,CA,free,user_0042,session_0042_0,0
evt_000240,2026-04-24T14:54:37+00:00,2026-W17,Fri,page_view,marketing,/pricing,organic,none,mobile,CA,free,user_0042,session_0042_0,0
evt_000241,2026-04-24T14:57:43+00:00,2026-W17,Fri,page_view,marketing,/,organic,none,mobile,CA,free,user_0042,session_0042_0,0
evt_000242,2026-04-24T14:58:39+00:00,2026-W17,Fri,page_view,marketing,/pricing,organic,none,mobile,CA,free,user_0042,session_0042_0,0
evt_000243,2026-04-24T15:01:51+00:00,2026-W17,Fri,page_view,product,/product,organic,none,mobile,CA,free,user_0042,session_0042_0,0
evt_000244,2026-04-24T15:04:55+00:00,2026-W17,Fri,page_view,learn,/blog/warehouse,organic,none,mobile,CA,free,user_0042,session_0042_0,0
evt_000245,2026-04-22T00:02:00+00:00,2026-W17,Wed,page_view,learn,/docs/getting-started,organic,none,desktop,DE,free,user_0043,session_0043_0,0
evt_000246,2026-04-22T00:04:13+00:00,2026-W17,Wed,page_view,product,/product,organic,none,desktop,DE,free,user_0043,session_0043_0,0
evt_000247,2026-04-22T00:05:16+00:00,2026-W17,Wed,page_view,product,/product,organic,none,desktop,DE,free,user_0043,session_0043_0,0
evt_000248,2026-04-22T00:08:10+00:00,2026-W17,Wed,page_view,learn,/docs/getting-started,organic,none,desktop,DE,free,user_0043,session_0043_0,0
evt_000249,2026-04-22T00:11:05+00:00,2026-W17,Wed,page_view,product,/product,organic,none,desktop,DE,free,user_0043,session_0043_0,0
evt_000250,2026-04-22T00:11:33+00:00,2026-W17,Wed,page_view,marketing,/,organic,none,desktop,DE,free,user_0043,session_0043_0,0
evt_000251,2026-04-22T00:14:08+00:00,2026-W17,Wed,page_view,marketing,/,organic,none,desktop,DE,free,user_0043,session_0043_0,0
evt_000252,2026-04-28T05:24:00+00:00,2026-W18,Tue,page_view,product,/product,google,spring_search,mobile,US,free,user_0044,session_0044_0,0
evt_000253,2026-04-28T05:26:36+00:00,2026-W18,Tue,page_view,product,/product,google,spring_search,mobile,US,free,user_0044,session_0044_0,0
evt_000254,2026-04-28T05:27:48+00:00,2026-W18,Tue,page_view,learn,/blog/warehouse,google,spring_search,mobile,US,free,user_0044,session_0044_0,0
evt_000255,2026-04-28T05:28:32+00:00,2026-W18,Tue,page_view,product,/product,google,spring_search,mobile,US,free,user_0044,session_0044_0,0
evt_000256,2026-04-21T08:19:00+00:00,2026-W17,Tue,page_view,product,/product,linkedin,founders,desktop,DE,free,user_0045,session_0045_0,0
evt_000257,2026-04-21T08:20:53+00:00,2026-W17,Tue,page_view,marketing,/,linkedin,founders,desktop,DE,free,user_0045,session_0045_0,0
evt_000258,2026-04-21T08:23:41+00:00,2026-W17,Tue,page_view,product,/product,linkedin,founders,desktop,DE,free,user_0045,session_0045_0,0
evt_000259,2026-04-21T08:27:41+00:00,2026-W17,Tue,page_view,marketing,/,linkedin,founders,desktop,DE,free,user_0045,session_0045_0,0
evt_000260,2026-04-21T08:28:13+00:00,2026-W17,Tue,page_view,marketing,/pricing,linkedin,founders,desktop,DE,free,user_0045,session_0045_0,0
evt_000261,2026-04-24T19:47:00+00:00,2026-W17,Fri,page_view,product,/product,organic,none,mobile,DE,pro,user_0046,session_0046_0,0
evt_000262,2026-04-24T19:47:53+00:00,2026-W17,Fri,page_view,product,/product,organic,none,mobile,DE,pro,user_0046,session_0046_0,0
evt_000263,2026-04-24T19:50:11+00:00,2026-W17,Fri,page_view,marketing,/pricing,organic,none,mobile,DE,pro,user_0046,session_0046_0,0
evt_000264,2026-04-24T19:52:47+00:00,2026-W17,Fri,page_view,learn,/docs/getting-started,organic,none,mobile,DE,pro,user_0046,session_0046_0,0
evt_000265,2026-04-24T19:54:38+00:00,2026-W17,Fri,page_view,product,/product,organic,none,mobile,DE,pro,user_0046,session_0046_0,0
evt_000266,2026-04-24T19:56:15+00:00,2026-W17,Fri,page_view,learn,/docs/getting-started,organic,none,mobile,DE,pro,user_0046,session_0046_0,0
evt_000267,2026-04-24T19:59:28+00:00,2026-W17,Fri,page_view,marketing,/,organic,none,mobile,DE,pro,user_0046,session_0046_0,0
evt_000268,2026-04-24T20:01:21+00:00,2026-W17,Fri,signup_started,account,/signup,organic,none,mobile,DE,pro,user_0046,session_0046_0,0
evt_000269,2026-04-10T16:54:00+00:00,2026-W15,Fri,page_view,marketing,/,organic,none,mobile,CA,free,user_0047,session_0047_0,0
evt_000270,2026-04-10T16:56:46+00:00,2026-W15,Fri,page_view,marketing,/pricing,organic,none,mobile,CA,free,user_0047,session_0047_0,0
evt_000271,2026-04-10T02:33:00+00:00,2026-W15,Fri,page_view,learn,/docs/getting-started,google,spring_search,desktop,CA,free,user_0048,session_0048_0,0
evt_000272,2026-04-10T02:34:22+00:00,2026-W15,Fri,page_view,marketing,/pricing,google,spring_search,desktop,CA,free,user_0048,session_0048_0,0
evt_000273,2026-04-10T02:37:34+00:00,2026-W15,Fri,page_view,marketing,/pricing,google,spring_search,desktop,CA,free,user_0048,session_0048_0,0
evt_000274,2026-04-10T02:38:09+00:00,2026-W15,Fri,page_view,learn,/docs/getting-started,google,spring_search,desktop,CA,free,user_0048,session_0048_0,0
evt_000275,2026-04-10T02:42:02+00:00,2026-W15,Fri,page_view,product,/integrations,google,spring_search,desktop,CA,free,user_0048,session_0048_0,0
evt_000276,2026-04-10T02:44:33+00:00,2026-W15,Fri,signup_started,account,/signup,google,spring_search,desktop,CA,free,user_0048,session_0048_0,0
evt_000277,2026-04-28T16:39:00+00:00,2026-W18,Tue,page_view,marketing,/,google,spring_search,desktop,CA,free,user_0048,session_0048_1,0
evt_000278,2026-04-28T16:39:32+00:00,2026-W18,Tue,page_view,marketing,/,google,spring_search,desktop,CA,free,user_0048,session_0048_1,0
evt_000279,2026-04-28T16:42:42+00:00,2026-W18,Tue,page_view,learn,/blog/warehouse,google,spring_search,desktop,CA,free,user_0048,session_0048_1,0
evt_000280,2026-04-28T16:43:55+00:00,2026-W18,Tue,page_view,learn,/docs/getting-started,google,spring_search,desktop,CA,free,user_0048,session_0048_1,0
evt_000281,2026-04-28T16:46:01+00:00,2026-W18,Tue,page_view,learn,/blog/warehouse,google,spring_search,desktop,CA,free,user_0048,session_0048_1,0
evt_000282,2026-04-28T16:49:30+00:00,2026-W18,Tue,page_view,product,/integrations,google,spring_search,desktop,CA,free,user_0048,session_0048_1,0
evt_000283,2026-04-15T12:14:00+00:00,2026-W16,Wed,page_view,product,/product,organic,none,desktop,DE,pro,user_0049,session_0049_0,0
evt_000284,2026-04-15T12:15:17+00:00,2026-W16,Wed,page_view,product,/product,organic,none,desktop,DE,pro,user_0049,session_0049_0,0
evt_000285,2026-04-15T12:17:56+00:00,2026-W16,Wed,page_view,product,/integrations,organic,none,desktop,DE,pro,user_0049,session_0049_0,0
evt_000286,2026-04-15T12:18:57+00:00,2026-W16,Wed,page_view,marketing,/,organic,none,desktop,DE,pro,user_0049,session_0049_0,0
evt_000287,2026-04-25T13:03:00+00:00,2026-W17,Sat,page_view,product,/integrations,organic,none,desktop,DE,pro,user_0049,session_0049_1,0
evt_000288,2026-04-25T13:05:22+00:00,2026-W17,Sat,page_view,learn,/blog/warehouse,organic,none,desktop,DE,pro,user_0049,session_0049_1,0
evt_000289,2026-04-25T13:06:13+00:00,2026-W17,Sat,page_view,marketing,/,organic,none,desktop,DE,pro,user_0049,session_0049_1,0
evt_000290,2026-04-25T13:09:11+00:00,2026-W17,Sat,page_view,marketing,/pricing,organic,none,desktop,DE,pro,user_0049,session_0049_1,0
evt_000291,2026-04-25T13:10:31+00:00,2026-W17,Sat,page_view,product,/integrations,organic,none,desktop,DE,pro,user_0049,session_0049_1,0
evt_000292,2026-04-25T13:14:11+00:00,2026-W17,Sat,page_view,product,/product,organic,none,desktop,DE,pro,user_0049,session_0049_1,0
evt_000293,2026-04-28T08:32:00+00:00,2026-W18,Tue,page_view,learn,/docs/getting-started,organic,none,desktop,DE,team,user_0050,session_0050_0,0
evt_000294,2026-04-28T08:33:05+00:00,2026-W18,Tue,page_view,learn,/blog/warehouse,organic,none,desktop,DE,team,user_0050,session_0050_0,0
evt_000295,2026-04-28T08:36:58+00:00,2026-W18,Tue,page_view,product,/product,organic,none,desktop,DE,team,user_0050,session_0050_0,0
evt_000296,2026-04-28T08:38:13+00:00,2026-W18,Tue,page_view,marketing,/pricing,organic,none,desktop,DE,team,user_0050,session_0050_0,0
evt_000297,2026-04-28T08:39:59+00:00,2026-W18,Tue,page_view,product,/product,organic,none,desktop,DE,team,user_0050,session_0050_0,0
evt_000298,2026-04-28T08:43:13+00:00,2026-W18,Tue,signup_started,account,/signup,organic,none,desktop,DE,team,user_0050,session_0050_0,0
evt_000299,2026-04-25T16:57:00+00:00,2026-W17,Sat,page_view,learn,/docs/getting-started,linkedin,founders,desktop,AU,pro,user_0051,session_0051_0,0
evt_000300,2026-04-25T16:58:13+00:00,2026-W17,Sat,page_view,product,/integrations,linkedin,founders,desktop,AU,pro,user_0051,session_0051_0,0
evt_000301,2026-04-25T16:59:58+00:00,2026-W17,Sat,page_view,marketing,/,linkedin,founders,desktop,AU,pro,user_0051,session_0051_0,0
evt_000302,2026-04-25T17:01:01+00:00,2026-W17,Sat,page_view,product,/integrations,linkedin,founders,desktop,AU,pro,user_0051,session_0051_0,0
evt_000303,2026-04-15T15:02:00+00:00,2026-W16,Wed,page_view,product,/product,linkedin,founders,mobile,GB,free,user_0052,session_0052_0,0
evt_000304,2026-04-15T15:05:22+00:00,2026-W16,Wed,page_view,marketing,/,linkedin,founders,mobile,GB,free,user_0052,session_0052_0,0
evt_000305,2026-04-22T17:07:00+00:00,2026-W17,Wed,page_view,learn,/docs/getting-started,organic,none,desktop,GB,free,user_0053,session_0053_0,0
evt_000306,2026-04-22T17:08:20+00:00,2026-W17,Wed,page_view,learn,/blog/warehouse,organic,none,desktop,GB,free,user_0053,session_0053_0,0
evt_000307,2026-04-22T17:10:38+00:00,2026-W17,Wed,page_view,learn,/blog/warehouse,organic,none,desktop,GB,free,user_0053,session_0053_0,0
evt_000308,2026-04-22T17:12:08+00:00,2026-W17,Wed,page_view,learn,/docs/getting-started,organic,none,desktop,GB,free,user_0053,session_0053_0,0
evt_000309,2026-04-29T23:01:00+00:00,2026-W18,Wed,page_view,learn,/blog/warehouse,newsletter,april_launch,desktop,US,free,user_0054,session_0054_0,0
evt_000310,2026-04-29T23:04:40+00:00,2026-W18,Wed,page_view,product,/product,newsletter,april_launch,desktop,US,free,user_0054,session_0054_0,0
evt_000311,2026-04-29T23:05:18+00:00,2026-W18,Wed,page_view,learn,/docs/getting-started,newsletter,april_launch,desktop,US,free,user_0054,session_0054_0,0
evt_000312,2026-04-29T23:05:36+00:00,2026-W18,Wed,page_view,marketing,/pricing,newsletter,april_launch,desktop,US,free,user_0054,session_0054_0,0
evt_000313,2026-04-29T23:06:22+00:00,2026-W18,Wed,page_view,product,/product,newsletter,april_launch,desktop,US,free,user_0054,session_0054_0,0
evt_000314,2026-04-23T11:11:00+00:00,2026-W17,Thu,page_view,marketing,/,organic,none,desktop,DE,free,user_0055,session_0055_0,0
evt_000315,2026-04-23T11:11:31+00:00,2026-W17,Thu,page_view,product,/integrations,organic,none,desktop,DE,free,user_0055,session_0055_0,0
evt_000316,2026-04-23T11:13:44+00:00,2026-W17,Thu,page_view,learn,/blog/warehouse,organic,none,desktop,DE,free,user_0055,session_0055_0,0
evt_000317,2026-04-23T11:15:16+00:00,2026-W17,Thu,page_view,product,/integrations,organic,none,desktop,DE,free,user_0055,session_0055_0,0
evt_000318,2026-04-23T11:16:00+00:00,2026-W17,Thu,page_view,marketing,/,organic,none,desktop,DE,free,user_0055,session_0055_0,0
evt_000319,2026-04-23T11:16:24+00:00,2026-W17,Thu,page_view,marketing,/pricing,organic,none,desktop,DE,free,user_0055,session_0055_0,0
evt_000320,2026-04-23T11:18:45+00:00,2026-W17,Thu,signup_started,account,/signup,organic,none,desktop,DE,free,user_0055,session_0055_0,0
evt_000321,2026-04-23T04:37:00+00:00,2026-W17,Thu,page_view,product,/product,organic,none,desktop,DE,free,user_0055,session_0055_1,0
evt_000322,2026-04-23T04:40:06+00:00,2026-W17,Thu,page_view,learn,/blog/warehouse,organic,none,desktop,DE,free,user_0055,session_0055_1,0
evt_000323,2026-04-23T04:43:19+00:00,2026-W17,Thu,page_view,learn,/blog/warehouse,organic,none,desktop,DE,free,user_0055,session_0055_1,0
evt_000324,2026-04-23T04:45:21+00:00,2026-W17,Thu,page_view,product,/integrations,organic,none,desktop,DE,free,user_0055,session_0055_1,0
evt_000325,2026-04-23T04:48:42+00:00,2026-W17,Thu,page_view,marketing,/,organic,none,desktop,DE,free,user_0055,session_0055_1,0
evt_000326,2026-04-17T07:24:00+00:00,2026-W16,Fri,page_view,product,/product,linkedin,founders,mobile,AU,free,user_0056,session_0056_0,0
evt_000327,2026-04-17T07:25:15+00:00,2026-W16,Fri,page_view,learn,/docs/getting-started,linkedin,founders,mobile,AU,free,user_0056,session_0056_0,0
evt_000328,2026-04-17T07:25:55+00:00,2026-W16,Fri,page_view,learn,/blog/warehouse,linkedin,founders,mobile,AU,free,user_0056,session_0056_0,0
evt_000329,2026-04-17T07:27:44+00:00,2026-W16,Fri,page_view,product,/product,linkedin,founders,mobile,AU,free,user_0056,session_0056_0,0
evt_000330,2026-04-17T07:30:44+00:00,2026-W16,Fri,page_view,marketing,/pricing,linkedin,founders,mobile,AU,free,user_0056,session_0056_0,0
evt_000331,2026-04-17T07:32:40+00:00,2026-W16,Fri,signup_started,account,/signup,linkedin,founders,mobile,AU,free,user_0056,session_0056_0,0
evt_000332,2026-05-03T15:31:00+00:00,2026-W18,Sun,page_view,product,/integrations,linkedin,founders,mobile,AU,free,user_0056,session_0056_1,0
evt_000333,2026-05-03T15:33:59+00:00,2026-W18,Sun,page_view,product,/integrations,linkedin,founders,mobile,AU,free,user_0056,session_0056_1,0
evt_000334,2026-04-23T07:04:00+00:00,2026-W17,Thu,page_view,marketing,/,organic,none,desktop,GB,pro,user_0057,session_0057_0,0
evt_000335,2026-04-23T07:07:57+00:00,2026-W17,Thu,page_view,marketing,/,organic,none,desktop,GB,pro,user_0057,session_0057_0,0
evt_000336,2026-04-23T07:11:30+00:00,2026-W17,Thu,page_view,marketing,/,organic,none,desktop,GB,pro,user_0057,session_0057_0,0
evt_000337,2026-04-23T07:14:17+00:00,2026-W17,Thu,page_view,marketing,/,organic,none,desktop,GB,pro,user_0057,session_0057_0,0
evt_000338,2026-04-23T07:18:11+00:00,2026-W17,Thu,page_view,learn,/blog/warehouse,organic,none,desktop,GB,pro,user_0057,session_0057_0,0
evt_000339,2026-04-23T07:18:59+00:00,2026-W17,Thu,page_view,product,/product,organic,none,desktop,GB,pro,user_0057,session_0057_0,0
evt_000340,2026-04-11T03:45:00+00:00,2026-W15,Sat,page_view,learn,/docs/getting-started,organic,none,desktop,GB,pro,user_0057,session_0057_1,0
evt_000341,2026-04-11T03:45:48+00:00,2026-W15,Sat,page_view,marketing,/,organic,none,desktop,GB,pro,user_0057,session_0057_1,0
evt_000342,2026-04-11T03:49:25+00:00,2026-W15,Sat,page_view,learn,/docs/getting-started,organic,none,desktop,GB,pro,user_0057,session_0057_1,0
evt_000343,2026-04-11T03:52:10+00:00,2026-W15,Sat,page_view,marketing,/pricing,organic,none,desktop,GB,pro,user_0057,session_0057_1,0
evt_000344,2026-04-11T03:53:09+00:00,2026-W15,Sat,page_view,marketing,/pricing,organic,none,desktop,GB,pro,user_0057,session_0057_1,0
evt_000345,2026-04-11T03:53:56+00:00,2026-W15,Sat,page_view,learn,/docs/getting-started,organic,none,desktop,GB,pro,user_0057,session_0057_1,0
evt_000346,2026-04-11T03:56:25+00:00,2026-W15,Sat,page_view,marketing,/,organic,none,desktop,GB,pro,user_0057,session_0057_1,0
evt_000347,2026-04-29T22:29:00+00:00,2026-W18,Wed,page_view,marketing,/pricing,newsletter,april_launch,desktop,US,free,user_0058,session_0058_0,0
evt_000348,2026-04-29T22:31:59+00:00,2026-W18,Wed,page_view,learn,/blog/warehouse,newsletter,april_launch,desktop,US,free,user_0058,session_0058_0,0
evt_000349,2026-04-29T22:32:29+00:00,2026-W18,Wed,page_view,learn,/blog/warehouse,newsletter,april_launch,desktop,US,free,user_0058,session_0058_0,0
evt_000350,2026-04-29T22:36:20+00:00,2026-W18,Wed,page_view,product,/product,newsletter,april_launch,desktop,US,free,user_0058,session_0058_0,0
evt_000351,2026-04-29T22:39:30+00:00,2026-W18,Wed,page_view,marketing,/,newsletter,april_launch,desktop,US,free,user_0058,session_0058_0,0
evt_000352,2026-04-29T22:42:47+00:00,2026-W18,Wed,page_view,learn,/blog/warehouse,newsletter,april_launch,desktop,US,free,user_0058,session_0058_0,0
evt_000353,2026-04-16T13:00:00+00:00,2026-W16,Thu,page_view,product,/product,organic,none,desktop,GB,free,user_0059,session_0059_0,0
evt_000354,2026-04-16T13:02:11+00:00,2026-W16,Thu,page_view,product,/product,organic,none,desktop,GB,free,user_0059,session_0059_0,0
evt_000355,2026-04-16T13:04:16+00:00,2026-W16,Thu,page_view,marketing,/,organic,none,desktop,GB,free,user_0059,session_0059_0,0
evt_000356,2026-04-16T13:07:30+00:00,2026-W16,Thu,page_view,marketing,/,organic,none,desktop,GB,free,user_0059,session_0059_0,0
evt_000357,2026-04-16T13:10:32+00:00,2026-W16,Thu,page_view,product,/integrations,organic,none,desktop,GB,free,user_0059,session_0059_0,0
evt_000358,2026-04-16T13:14:03+00:00,2026-W16,Thu,page_view,product,/product,organic,none,desktop,GB,free,user_0059,session_0059_0,0
evt_000359,2026-04-29T03:14:00+00:00,2026-W18,Wed,page_view,product,/product,organic,none,desktop,GB,free,user_0060,session_0060_0,0
evt_000360,2026-04-29T03:17:05+00:00,2026-W18,Wed,page_view,marketing,/pricing,organic,none,desktop,GB,free,user_0060,session_0060_0,0
evt_000361,2026-04-29T03:17:59+00:00,2026-W18,Wed,page_view,product,/integrations,organic,none,desktop,GB,free,user_0060,session_0060_0,0
evt_000362,2026-04-29T03:20:15+00:00,2026-W18,Wed,page_view,marketing,/,organic,none,desktop,GB,free,user_0060,session_0060_0,0
evt_000363,2026-04-29T03:24:02+00:00,2026-W18,Wed,signup_started,account,/signup,organic,none,desktop,GB,free,user_0060,session_0060_0,0
evt_000364,2026-04-16T22:52:00+00:00,2026-W16,Thu,page_view,product,/product,linkedin,founders,desktop,GB,free,user_0061,session_0061_0,0
evt_000365,2026-04-16T22:55:58+00:00,2026-W16,Thu,page_view,product,/integrations,linkedin,founders,desktop,GB,free,user_0061,session_0061_0,0
evt_000366,2026-04-24T17:19:00+00:00,2026-W17,Fri,page_view,marketing,/,google,spring_search,mobile,US,team,user_0062,session_0062_0,0
evt_000367,2026-04-24T17:21:18+00:00,2026-W17,Fri,page_view,marketing,/,google,spring_search,mobile,US,team,user_0062,session_0062_0,0
evt_000368,2026-04-24T17:22:00+00:00,2026-W17,Fri,page_view,marketing,/pricing,google,spring_search,mobile,US,team,user_0062,session_0062_0,0
evt_000369,2026-04-24T17:24:37+00:00,2026-W17,Fri,signup_started,account,/signup,google,spring_search,mobile,US,team,user_0062,session_0062_0,0
evt_000370,2026-04-26T19:00:00+00:00,2026-W17,Sun,page_view,product,/integrations,google,spring_search,mobile,AU,team,user_0063,session_0063_0,0
evt_000371,2026-04-26T19:03:03+00:00,2026-W17,Sun,page_view,learn,/docs/getting-started,google,spring_search,mobile,AU,team,user_0063,session_0063_0,0
evt_000372,2026-04-10T19:19:00+00:00,2026-W15,Fri,page_view,product,/product,organic,none,desktop,DE,pro,user_0064,session_0064_0,0
evt_000373,2026-04-10T19:19:51+00:00,2026-W15,Fri,page_view,learn,/docs/getting-started,organic,none,desktop,DE,pro,user_0064,session_0064_0,0
evt_000374,2026-04-10T19:20:13+00:00,2026-W15,Fri,page_view,marketing,/,organic,none,desktop,DE,pro,user_0064,session_0064_0,0
evt_000375,2026-04-10T19:22:43+00:00,2026-W15,Fri,page_view,marketing,/,organic,none,desktop,DE,pro,user_0064,session_0064_0,0
evt_000376,2026-04-10T19:24:45+00:00,2026-W15,Fri,page_view,product,/product,organic,none,desktop,DE,pro,user_0064,session_0064_0,0
evt_000377,2026-04-10T19:25:40+00:00,2026-W15,Fri,page_view,marketing,/pricing,organic,none,desktop,DE,pro,user_0064,session_0064_0,0
evt_000378,2026-04-10T19:28:59+00:00,2026-W15,Fri,page_view,marketing,/pricing,organic,none,desktop,DE,pro,user_0064,session_0064_0,0
evt_000379,2026-04-19T16:34:00+00:00,2026-W16,Sun,page_view,product,/product,newsletter,april_launch,desktop,AU,free,user_0065,session_0065_0,0
evt_000380,2026-04-19T16:35:24+00:00,2026-W16,Sun,page_view,marketing,/,newsletter,april_launch,desktop,AU,free,user_0065,session_0065_0,0
evt_000381,2026-04-19T16:37:50+00:00,2026-W16,Sun,page_view,marketing,/,newsletter,april_launch,desktop,AU,free,user_0065,session_0065_0,0
evt_000382,2026-04-19T16:39:55+00:00,2026-W16,Sun,page_view,marketing,/,newsletter,april_launch,desktop,AU,free,user_0065,session_0065_0,0
evt_000383,2026-04-19T16:43:03+00:00,2026-W16,Sun,page_view,product,/integrations,newsletter,april_launch,desktop,AU,free,user_0065,session_0065_0,0
evt_000384,2026-04-19T16:45:22+00:00,2026-W16,Sun,page_view,product,/product,newsletter,april_launch,desktop,AU,free,user_0065,session_0065_0,0
evt_000385,2026-04-07T07:31:00+00:00,2026-W15,Tue,page_view,learn,/blog/warehouse,newsletter,april_launch,desktop,AU,free,user_0065,session_0065_1,0
evt_000386,2026-04-07T07:31:29+00:00,2026-W15,Tue,page_view,marketing,/,newsletter,april_launch,desktop,AU,free,user_0065,session_0065_1,0
evt_000387,2026-04-07T07:33:01+00:00,2026-W15,Tue,page_view,learn,/blog/warehouse,newsletter,april_launch,desktop,AU,free,user_0065,session_0065_1,0
evt_000388,2026-04-07T07:36:32+00:00,2026-W15,Tue,page_view,marketing,/,newsletter,april_launch,desktop,AU,free,user_0065,session_0065_1,0
evt_000389,2026-04-07T07:37:52+00:00,2026-W15,Tue,page_view,marketing,/pricing,newsletter,april_launch,desktop,AU,free,user_0065,session_0065_1,0
evt_000390,2026-04-07T07:38:37+00:00,2026-W15,Tue,signup_started,account,/signup,newsletter,april_launch,desktop,AU,free,user_0065,session_0065_1,0
evt_000391,2026-04-08T13:33:00+00:00,2026-W15,Wed,page_view,marketing,/,organic,none,desktop,GB,free,user_0066,session_0066_0,0
evt_000392,2026-04-08T13:33:19+00:00,2026-W15,Wed,page_view,product,/product,organic,none,desktop,GB,free,user_0066,session_0066_0,0
evt_000393,2026-04-08T13:33:53+00:00,2026-W15,Wed,page_view,learn,/docs/getting-started,organic,none,desktop,GB,free,user_0066,session_0066_0,0
evt_000394,2026-04-08T13:36:35+00:00,2026-W15,Wed,page_view,product,/product,organic,none,desktop,GB,free,user_0066,session_0066_0,0
evt_000395,2026-04-08T13:38:33+00:00,2026-W15,Wed,page_view,learn,/docs/getting-started,organic,none,desktop,GB,free,user_0066,session_0066_0,0
evt_000396,2026-04-08T13:40:34+00:00,2026-W15,Wed,page_view,marketing,/pricing,organic,none,desktop,GB,free,user_0066,session_0066_0,0
evt_000397,2026-04-08T13:42:32+00:00,2026-W15,Wed,page_view,marketing,/,organic,none,desktop,GB,free,user_0066,session_0066_0,0
evt_000398,2026-04-08T13:44:10+00:00,2026-W15,Wed,signup_started,account,/signup,organic,none,desktop,GB,free,user_0066,session_0066_0,0
evt_000399,2026-04-24T13:40:00+00:00,2026-W17,Fri,page_view,marketing,/,google,spring_search,mobile,DE,free,user_0067,session_0067_0,0
evt_000400,2026-04-24T13:43:57+00:00,2026-W17,Fri,page_view,marketing,/pricing,google,spring_search,mobile,DE,free,user_0067,session_0067_0,0
evt_000401,2026-04-24T13:45:38+00:00,2026-W17,Fri,page_view,marketing,/,google,spring_search,mobile,DE,free,user_0067,session_0067_0,0
evt_000402,2026-04-24T13:49:12+00:00,2026-W17,Fri,page_view,marketing,/,google,spring_search,mobile,DE,free,user_0067,session_0067_0,0
evt_000403,2026-04-24T13:51:37+00:00,2026-W17,Fri,page_view,product,/integrations,google,spring_search,mobile,DE,free,user_0067,session_0067_0,0
evt_000404,2026-04-24T13:54:07+00:00,2026-W17,Fri,page_view,product,/product,google,spring_search,mobile,DE,free,user_0067,session_0067_0,0
evt_000405,2026-04-24T13:57:40+00:00,2026-W17,Fri,signup_started,account,/signup,google,spring_search,mobile,DE,free,user_0067,session_0067_0,0
evt_000406,2026-04-10T22:22:00+00:00,2026-W15,Fri,page_view,marketing,/,newsletter,april_launch,mobile,GB,free,user_0068,session_0068_0,0
evt_000407,2026-04-10T22:25:32+00:00,2026-W15,Fri,page_view,product,/integrations,newsletter,april_launch,mobile,GB,free,user_0068,session_0068_0,0
evt_000408,2026-04-25T11:01:00+00:00,2026-W17,Sat,page_view,marketing,/pricing,linkedin,founders,mobile,CA,pro,user_0069,session_0069_0,0
evt_000409,2026-04-25T11:03:07+00:00,2026-W17,Sat,page_view,marketing,/,linkedin,founders,mobile,CA,pro,user_0069,session_0069_0,0
evt_000410,2026-04-25T11:05:15+00:00,2026-W17,Sat,page_view,product,/integrations,linkedin,founders,mobile,CA,pro,user_0069,session_0069_0,0
evt_000411,2026-04-25T11:08:53+00:00,2026-W17,Sat,page_view,marketing,/pricing,linkedin,founders,mobile,CA,pro,user_0069,session_0069_0,0
evt_000412,2026-04-25T11:09:22+00:00,2026-W17,Sat,page_view,marketing,/pricing,linkedin,founders,mobile,CA,pro,user_0069,session_0069_0,0
evt_000413,2026-04-25T11:09:55+00:00,2026-W17,Sat,page_view,marketing,/pricing,linkedin,founders,mobile,CA,pro,user_0069,session_0069_0,0
evt_000414,2026-04-25T11:12:05+00:00,2026-W17,Sat,page_view,marketing,/,linkedin,founders,mobile,CA,pro,user_0069,session_0069_0,0
evt_000415,2026-04-23T01:24:00+00:00,2026-W17,Thu,page_view,learn,/blog/warehouse,organic,none,mobile,US,free,user_0070,session_0070_0,0
evt_000416,2026-04-23T01:26:41+00:00,2026-W17,Thu,page_view,product,/integrations,organic,none,mobile,US,free,user_0070,session_0070_0,0
evt_000417,2026-04-23T01:28:18+00:00,2026-W17,Thu,page_view,product,/integrations,organic,none,mobile,US,free,user_0070,session_0070_0,0
evt_000418,2026-04-23T01:30:41+00:00,2026-W17,Thu,page_view,marketing,/,organic,none,mobile,US,free,user_0070,session_0070_0,0
evt_000419,2026-04-23T01:31:11+00:00,2026-W17,Thu,page_view,product,/product,organic,none,mobile,US,free,user_0070,session_0070_0,0
evt_000420,2026-04-20T14:59:00+00:00,2026-W17,Mon,page_view,product,/product,newsletter,april_launch,desktop,US,free,user_0071,session_0071_0,0
evt_000421,2026-04-20T14:59:55+00:00,2026-W17,Mon,page_view,marketing,/pricing,newsletter,april_launch,desktop,US,free,user_0071,session_0071_0,0
evt_000422,2026-04-20T15:01:22+00:00,2026-W17,Mon,page_view,marketing,/pricing,newsletter,april_launch,desktop,US,free,user_0071,session_0071_0,0
evt_000423,2026-04-20T15:04:55+00:00,2026-W17,Mon,page_view,marketing,/pricing,newsletter,april_launch,desktop,US,free,user_0071,session_0071_0,0
evt_000424,2026-04-20T15:07:43+00:00,2026-W17,Mon,page_view,marketing,/,newsletter,april_launch,desktop,US,free,user_0071,session_0071_0,0
evt_000425,2026-04-20T15:10:39+00:00,2026-W17,Mon,page_view,product,/integrations,newsletter,april_launch,desktop,US,free,user_0071,session_0071_0,0
evt_000426,2026-04-20T15:11:10+00:00,2026-W17,Mon,signup_started,account,/signup,newsletter,april_launch,desktop,US,free,user_0071,session_0071_0,0
evt_000427,2026-04-18T09:41:00+00:00,2026-W16,Sat,page_view,learn,/docs/getting-started,newsletter,april_launch,desktop,US,free,user_0071,session_0071_1,0
evt_000428,2026-04-18T09:44:03+00:00,2026-W16,Sat,page_view,learn,/blog/warehouse,newsletter,april_launch,desktop,US,free,user_0071,session_0071_1,0
evt_000429,2026-04-18T09:46:52+00:00,2026-W16,Sat,page_view,learn,/docs/getting-started,newsletter,april_launch,desktop,US,free,user_0071,session_0071_1,0
evt_000430,2026-04-18T09:48:32+00:00,2026-W16,Sat,page_view,marketing,/,newsletter,april_launch,desktop,US,free,user_0071,session_0071_1,0
evt_000431,2026-04-23T12:51:00+00:00,2026-W17,Thu,page_view,learn,/docs/getting-started,organic,none,desktop,CA,free,user_0072,session_0072_0,0
evt_000432,2026-04-23T12:54:43+00:00,2026-W17,Thu,page_view,marketing,/,organic,none,desktop,CA,free,user_0072,session_0072_0,0
evt_000433,2026-04-23T12:57:57+00:00,2026-W17,Thu,page_view,learn,/docs/getting-started,organic,none,desktop,CA,free,user_0072,session_0072_0,0
evt_000434,2026-04-23T13:01:21+00:00,2026-W17,Thu,page_view,learn,/blog/warehouse,organic,none,desktop,CA,free,user_0072,session_0072_0,0
evt_000435,2026-04-23T13:03:50+00:00,2026-W17,Thu,page_view,marketing,/,organic,none,desktop,CA,free,user_0072,session_0072_0,0
evt_000436,2026-04-23T13:06:56+00:00,2026-W17,Thu,page_view,product,/product,organic,none,desktop,CA,free,user_0072,session_0072_0,0
evt_000437,2026-04-23T13:08:43+00:00,2026-W17,Thu,page_view,marketing,/,organic,none,desktop,CA,free,user_0072,session_0072_0,0
evt_000438,2026-04-15T03:27:00+00:00,2026-W16,Wed,page_view,learn,/docs/getting-started,organic,none,desktop,CA,free,user_0073,session_0073_0,0
evt_000439,2026-04-15T03:30:48+00:00,2026-W16,Wed,page_view,learn,/docs/getting-started,organic,none,desktop,CA,free,user_0073,session_0073_0,0
evt_000440,2026-04-15T03:33:17+00:00,2026-W16,Wed,page_view,marketing,/,organic,none,desktop,CA,free,user_0073,session_0073_0,0
evt_000441,2026-04-15T03:34:58+00:00,2026-W16,Wed,page_view,learn,/docs/getting-started,organic,none,desktop,CA,free,user_0073,session_0073_0,0
evt_000442,2026-04-15T03:37:51+00:00,2026-W16,Wed,page_view,marketing,/,organic,none,desktop,CA,free,user_0073,session_0073_0,0
evt_000443,2026-04-15T03:39:42+00:00,2026-W16,Wed,page_view,marketing,/,organic,none,desktop,CA,free,user_0073,session_0073_0,0
evt_000444,2026-04-29T08:06:00+00:00,2026-W18,Wed,page_view,product,/integrations,newsletter,april_launch,mobile,GB,pro,user_0074,session_0074_0,0
evt_000445,2026-04-29T08:09:27+00:00,2026-W18,Wed,page_view,learn,/docs/getting-started,newsletter,april_launch,mobile,GB,pro,user_0074,session_0074_0,0
evt_000446,2026-04-29T08:11:36+00:00,2026-W18,Wed,page_view,marketing,/,newsletter,april_launch,mobile,GB,pro,user_0074,session_0074_0,0
evt_000447,2026-04-29T08:12:52+00:00,2026-W18,Wed,page_view,marketing,/pricing,newsletter,april_launch,mobile,GB,pro,user_0074,session_0074_0,0
evt_000448,2026-04-29T08:16:34+00:00,2026-W18,Wed,page_view,learn,/docs/getting-started,newsletter,april_launch,mobile,GB,pro,user_0074,session_0074_0,0
evt_000449,2026-04-29T08:20:22+00:00,2026-W18,Wed,signup_started,account,/signup,newsletter,april_launch,mobile,GB,pro,user_0074,session_0074_0,0
evt_000450,2026-04-24T15:02:00+00:00,2026-W17,Fri,page_view,learn,/docs/getting-started,newsletter,april_launch,mobile,GB,pro,user_0074,session_0074_1,0
evt_000451,2026-04-24T15:05:34+00:00,2026-W17,Fri,page_view,marketing,/pricing,newsletter,april_launch,mobile,GB,pro,user_0074,session_0074_1,0
evt_000452,2026-04-24T15:08:04+00:00,2026-W17,Fri,page_view,product,/product,newsletter,april_launch,mobile,GB,pro,user_0074,session_0074_1,0
evt_000453,2026-04-24T15:09:00+00:00,2026-W17,Fri,page_view,learn,/docs/getting-started,newsletter,april_launch,mobile,GB,pro,user_0074,session_0074_1,0
evt_000454,2026-04-24T15:12:40+00:00,2026-W17,Fri,page_view,product,/integrations,newsletter,april_launch,mobile,GB,pro,user_0074,session_0074_1,0
evt_000455,2026-04-24T15:16:38+00:00,2026-W17,Fri,signup_started,account,/signup,newsletter,april_launch,mobile,GB,pro,user_0074,session_0074_1,0
evt_000456,2026-04-08T05:28:00+00:00,2026-W15,Wed,page_view,product,/product,newsletter,april_launch,desktop,US,pro,user_0075,session_0075_0,0
evt_000457,2026-04-08T05:30:26+00:00,2026-W15,Wed,page_view,marketing,/,newsletter,april_launch,desktop,US,pro,user_0075,session_0075_0,0
evt_000458,2026-04-08T05:32:32+00:00,2026-W15,Wed,page_view,marketing,/,newsletter,april_launch,desktop,US,pro,user_0075,session_0075_0,0
evt_000459,2026-04-08T05:33:43+00:00,2026-W15,Wed,page_view,learn,/docs/getting-started,newsletter,april_launch,desktop,US,pro,user_0075,session_0075_0,0
evt_000460,2026-04-17T07:39:00+00:00,2026-W16,Fri,page_view,marketing,/pricing,direct,none,desktop,CA,free,user_0076,session_0076_0,0
evt_000461,2026-04-17T07:39:40+00:00,2026-W16,Fri,page_view,learn,/docs/getting-started,direct,none,desktop,CA,free,user_0076,session_0076_0,0
evt_000462,2026-04-17T07:42:41+00:00,2026-W16,Fri,signup_completed,account,/signup,direct,none,desktop,CA,free,user_0076,session_0076_0,0
evt_000463,2026-04-20T21:00:00+00:00,2026-W17,Mon,page_view,learn,/blog/warehouse,organic,none,mobile,CA,pro,user_0077,session_0077_0,0
evt_000464,2026-04-20T21:00:19+00:00,2026-W17,Mon,page_view,marketing,/pricing,organic,none,mobile,CA,pro,user_0077,session_0077_0,0
evt_000465,2026-04-20T21:04:07+00:00,2026-W17,Mon,signup_started,account,/signup,organic,none,mobile,CA,pro,user_0077,session_0077_0,0
evt_000466,2026-04-25T18:00:00+00:00,2026-W17,Sat,page_view,marketing,/,organic,none,mobile,CA,pro,user_0077,session_0077_1,0
evt_000467,2026-04-25T18:01:28+00:00,2026-W17,Sat,page_view,marketing,/,organic,none,mobile,CA,pro,user_0077,session_0077_1,0
evt_000468,2026-04-25T18:02:14+00:00,2026-W17,Sat,page_view,marketing,/,organic,none,mobile,CA,pro,user_0077,session_0077_1,0
evt_000469,2026-04-25T18:04:16+00:00,2026-W17,Sat,page_view,product,/integrations,organic,none,mobile,CA,pro,user_0077,session_0077_1,0
evt_000470,2026-04-25T18:07:10+00:00,2026-W17,Sat,page_view,product,/product,organic,none,mobile,CA,pro,user_0077,session_0077_1,0
evt_000471,2026-04-10T09:56:00+00:00,2026-W15,Fri,page_view,marketing,/,newsletter,april_launch,desktop,AU,free,user_0078,session_0078_0,0
evt_000472,2026-04-10T09:57:45+00:00,2026-W15,Fri,page_view,marketing,/pricing,newsletter,april_launch,desktop,AU,free,user_0078,session_0078_0,0
evt_000473,2026-04-10T09:59:46+00:00,2026-W15,Fri,page_view,marketing,/,newsletter,april_launch,desktop,AU,free,user_0078,session_0078_0,0
evt_000474,2026-04-10T10:02:52+00:00,2026-W15,Fri,page_view,marketing,/,newsletter,april_launch,desktop,AU,free,user_0078,session_0078_0,0
evt_000475,2026-04-10T10:04:39+00:00,2026-W15,Fri,page_view,marketing,/,newsletter,april_launch,desktop,AU,free,user_0078,session_0078_0,0
evt_000476,2026-04-17T08:39:00+00:00,2026-W16,Fri,page_view,marketing,/,newsletter,april_launch,desktop,US,free,user_0079,session_0079_0,0
evt_000477,2026-04-17T08:42:36+00:00,2026-W16,Fri,page_view,marketing,/,newsletter,april_launch,desktop,US,free,user_0079,session_0079_0,0
evt_000478,2026-04-17T08:43:52+00:00,2026-W16,Fri,page_view,learn,/docs/getting-started,newsletter,april_launch,desktop,US,free,user_0079,session_0079_0,0
evt_000479,2026-04-17T08:46:47+00:00,2026-W16,Fri,page_view,marketing,/,newsletter,april_launch,desktop,US,free,user_0079,session_0079_0,0
evt_000480,2026-04-17T08:49:30+00:00,2026-W16,Fri,page_view,learn,/docs/getting-started,newsletter,april_launch,desktop,US,free,user_0079,session_0079_0,0
evt_000481,2026-04-17T08:51:10+00:00,2026-W16,Fri,page_view,marketing,/,newsletter,april_launch,desktop,US,free,user_0079,session_0079_0,0
evt_000482,2026-04-17T08:52:55+00:00,2026-W16,Fri,page_view,product,/product,newsletter,april_launch,desktop,US,free,user_0079,session_0079_0,0
evt_000483,2026-04-10T02:09:00+00:00,2026-W15,Fri,page_view,learn,/docs/getting-started,linkedin,founders,mobile,CA,team,user_0080,session_0080_0,0
evt_000484,2026-04-10T02:11:12+00:00,2026-W15,Fri,page_view,marketing,/,linkedin,founders,mobile,CA,team,user_0080,session_0080_0,0
evt_000485,2026-04-10T02:12:18+00:00,2026-W15,Fri,page_view,marketing,/,linkedin,founders,mobile,CA,team,user_0080,session_0080_0,0
evt_000486,2026-04-10T02:13:24+00:00,2026-W15,Fri,page_view,learn,/blog/warehouse,linkedin,founders,mobile,CA,team,user_0080,session_0080_0,0
evt_000487,2026-04-10T02:14:59+00:00,2026-W15,Fri,page_view,learn,/blog/warehouse,linkedin,founders,mobile,CA,team,user_0080,session_0080_0,0
evt_000488,2026-04-10T02:17:25+00:00,2026-W15,Fri,page_view,marketing,/pricing,linkedin,founders,mobile,CA,team,user_0080,session_0080_0,0
evt_000489,2026-04-10T02:21:08+00:00,2026-W15,Fri,page_view,product,/product,linkedin,founders,mobile,CA,team,user_0080,session_0080_0,0
evt_000490,2026-04-10T02:22:27+00:00,2026-W15,Fri,signup_started,account,/signup,linkedin,founders,mobile,CA,team,user_0080,session_0080_0,0
evt_000491,2026-04-17T14:54:00+00:00,2026-W16,Fri,page_view,learn,/docs/getting-started,organic,none,mobile,US,pro,user_0081,session_0081_0,0
evt_000492,2026-04-17T14:55:53+00:00,2026-W16,Fri,page_view,marketing,/pricing,organic,none,mobile,US,pro,user_0081,session_0081_0,0
evt_000493,2026-04-17T14:56:55+00:00,2026-W16,Fri,page_view,product,/product,organic,none,mobile,US,pro,user_0081,session_0081_0,0
evt_000494,2026-04-17T14:59:17+00:00,2026-W16,Fri,page_view,marketing,/pricing,organic,none,mobile,US,pro,user_0081,session_0081_0,0
evt_000495,2026-04-17T15:02:56+00:00,2026-W16,Fri,page_view,product,/product,organic,none,mobile,US,pro,user_0081,session_0081_0,0
evt_000496,2026-04-17T15:06:36+00:00,2026-W16,Fri,signup_completed,account,/signup,organic,none,mobile,US,pro,user_0081,session_0081_0,99
evt_000497,2026-04-27T10:05:00+00:00,2026-W18,Mon,page_view,product,/product,google,spring_search,tablet,GB,free,user_0082,session_0082_0,0
evt_000498,2026-04-27T10:08:18+00:00,2026-W18,Mon,page_view,product,/product,google,spring_search,tablet,GB,free,user_0082,session_0082_0,0
evt_000499,2026-04-27T10:11:29+00:00,2026-W18,Mon,page_view,product,/product,google,spring_search,tablet,GB,free,user_0082,session_0082_0,0
evt_000500,2026-04-27T10:13:38+00:00,2026-W18,Mon,page_view,marketing,/,google,spring_search,tablet,GB,free,user_0082,session_0082_0,0
evt_000501,2026-04-08T22:54:00+00:00,2026-W15,Wed,page_view,product,/product,direct,none,mobile,CA,free,user_0083,session_0083_0,0
evt_000502,2026-04-08T22:56:26+00:00,2026-W15,Wed,page_view,learn,/docs/getting-started,direct,none,mobile,CA,free,user_0083,session_0083_0,0
evt_000503,2026-04-08T22:59:34+00:00,2026-W15,Wed,page_view,marketing,/,direct,none,mobile,CA,free,user_0083,session_0083_0,0
evt_000504,2026-04-08T22:59:56+00:00,2026-W15,Wed,page_view,marketing,/,direct,none,mobile,CA,free,user_0083,session_0083_0,0
evt_000505,2026-04-08T23:02:46+00:00,2026-W15,Wed,page_view,product,/integrations,direct,none,mobile,CA,free,user_0083,session_0083_0,0
evt_000506,2026-04-08T23:04:53+00:00,2026-W15,Wed,page_view,marketing,/,direct,none,mobile,CA,free,user_0083,session_0083_0,0
evt_000507,2026-04-08T23:05:25+00:00,2026-W15,Wed,page_view,marketing,/,direct,none,mobile,CA,free,user_0083,session_0083_0,0
evt_000508,2026-04-17T12:41:00+00:00,2026-W16,Fri,page_view,learn,/docs/getting-started,google,spring_search,desktop,AU,free,user_0084,session_0084_0,0
evt_000509,2026-04-17T12:43:41+00:00,2026-W16,Fri,page_view,marketing,/,google,spring_search,desktop,AU,free,user_0084,session_0084_0,0
evt_000510,2026-04-17T12:45:29+00:00,2026-W16,Fri,page_view,marketing,/pricing,google,spring_search,desktop,AU,free,user_0084,session_0084_0,0
evt_000511,2026-04-17T12:48:30+00:00,2026-W16,Fri,page_view,marketing,/pricing,google,spring_search,desktop,AU,free,user_0084,session_0084_0,0
evt_000512,2026-04-17T12:49:14+00:00,2026-W16,Fri,page_view,marketing,/,google,spring_search,desktop,AU,free,user_0084,session_0084_0,0
evt_000513,2026-04-18T19:10:00+00:00,2026-W16,Sat,page_view,marketing,/pricing,google,spring_search,desktop,AU,free,user_0084,session_0084_1,0
evt_000514,2026-04-18T19:11:21+00:00,2026-W16,Sat,page_view,learn,/docs/getting-started,google,spring_search,desktop,AU,free,user_0084,session_0084_1,0
evt_000515,2026-04-11T15:11:00+00:00,2026-W15,Sat,page_view,learn,/docs/getting-started,organic,none,mobile,CA,free,user_0085,session_0085_0,0
evt_000516,2026-04-11T15:14:51+00:00,2026-W15,Sat,page_view,learn,/blog/warehouse,organic,none,mobile,CA,free,user_0085,session_0085_0,0
evt_000517,2026-04-17T02:12:00+00:00,2026-W16,Fri,page_view,product,/product,organic,none,mobile,CA,free,user_0085,session_0085_1,0
evt_000518,2026-04-17T02:13:31+00:00,2026-W16,Fri,page_view,learn,/docs/getting-started,organic,none,mobile,CA,free,user_0085,session_0085_1,0
evt_000519,2026-04-17T02:16:48+00:00,2026-W16,Fri,page_view,learn,/docs/getting-started,organic,none,mobile,CA,free,user_0085,session_0085_1,0
evt_000520,2026-04-17T02:20:02+00:00,2026-W16,Fri,page_view,product,/integrations,organic,none,mobile,CA,free,user_0085,session_0085_1,0
evt_000521,2026-04-17T02:23:40+00:00,2026-W16,Fri,page_view,marketing,/pricing,organic,none,mobile,CA,free,user_0085,session_0085_1,0
evt_000522,2026-04-17T02:24:52+00:00,2026-W16,Fri,page_view,marketing,/,organic,none,mobile,CA,free,user_0085,session_0085_1,0
evt_000523,2026-04-23T04:25:00+00:00,2026-W17,Thu,page_view,learn,/blog/warehouse,organic,none,desktop,DE,free,user_0086,session_0086_0,0
evt_000524,2026-04-23T04:25:31+00:00,2026-W17,Thu,page_view,marketing,/pricing,organic,none,desktop,DE,free,user_0086,session_0086_0,0
evt_000525,2026-04-23T04:28:49+00:00,2026-W17,Thu,page_view,learn,/docs/getting-started,organic,none,desktop,DE,free,user_0086,session_0086_0,0
evt_000526,2026-04-23T04:31:18+00:00,2026-W17,Thu,page_view,product,/product,organic,none,desktop,DE,free,user_0086,session_0086_0,0
evt_000527,2026-04-23T04:33:17+00:00,2026-W17,Thu,page_view,learn,/docs/getting-started,organic,none,desktop,DE,free,user_0086,session_0086_0,0
evt_000528,2026-04-23T04:33:50+00:00,2026-W17,Thu,page_view,marketing,/,organic,none,desktop,DE,free,user_0086,session_0086_0,0
evt_000529,2026-04-24T06:12:00+00:00,2026-W17,Fri,page_view,product,/product,google,spring_search,mobile,DE,free,user_0087,session_0087_0,0
evt_000530,2026-04-24T06:15:57+00:00,2026-W17,Fri,page_view,marketing,/,google,spring_search,mobile,DE,free,user_0087,session_0087_0,0
evt_000531,2026-04-24T06:16:43+00:00,2026-W17,Fri,page_view,product,/product,google,spring_search,mobile,DE,free,user_0087,session_0087_0,0
evt_000532,2026-05-03T02:41:00+00:00,2026-W18,Sun,page_view,marketing,/,organic,none,desktop,GB,free,user_0088,session_0088_0,0
evt_000533,2026-05-03T02:43:36+00:00,2026-W18,Sun,page_view,marketing,/pricing,organic,none,desktop,GB,free,user_0088,session_0088_0,0
evt_000534,2026-05-03T02:46:31+00:00,2026-W18,Sun,page_view,marketing,/pricing,organic,none,desktop,GB,free,user_0088,session_0088_0,0
evt_000535,2026-05-03T02:49:02+00:00,2026-W18,Sun,page_view,marketing,/,organic,none,desktop,GB,free,user_0088,session_0088_0,0
evt_000536,2026-05-03T02:52:01+00:00,2026-W18,Sun,signup_started,account,/signup,organic,none,desktop,GB,free,user_0088,session_0088_0,0
evt_000537,2026-05-03T00:58:00+00:00,2026-W18,Sun,page_view,marketing,/,organic,none,mobile,AU,free,user_0089,session_0089_0,0
evt_000538,2026-05-03T01:00:59+00:00,2026-W18,Sun,page_view,learn,/docs/getting-started,organic,none,mobile,AU,free,user_0089,session_0089_0,0
evt_000539,2026-04-26T07:11:00+00:00,2026-W17,Sun,page_view,product,/product,organic,none,mobile,AU,free,user_0089,session_0089_1,0
evt_000540,2026-04-26T07:13:58+00:00,2026-W17,Sun,page_view,marketing,/,organic,none,mobile,AU,free,user_0089,session_0089_1,0
evt_000541,2026-04-26T07:16:53+00:00,2026-W17,Sun,page_view,product,/product,organic,none,mobile,AU,free,user_0089,session_0089_1,0
evt_000542,2026-04-26T07:19:52+00:00,2026-W17,Sun,page_view,learn,/blog/warehouse,organic,none,mobile,AU,free,user_0089,session_0089_1,0
evt_000543,2026-04-26T07:22:10+00:00,2026-W17,Sun,page_view,marketing,/pricing,organic,none,mobile,AU,free,user_0089,session_0089_1,0
evt_000544,2026-04-26T07:25:51+00:00,2026-W17,Sun,page_view,product,/integrations,organic,none,mobile,AU,free,user_0089,session_0089_1,0
evt_000545,2026-04-16T10:53:00+00:00,2026-W16,Thu,page_view,learn,/blog/warehouse,linkedin,founders,desktop,CA,free,user_0090,session_0090_0,0
evt_000546,2026-04-16T10:54:43+00:00,2026-W16,Thu,page_view,learn,/blog/warehouse,linkedin,founders,desktop,CA,free,user_0090,session_0090_0,0
evt_000547,2026-04-16T10:55:31+00:00,2026-W16,Thu,page_view,learn,/docs/getting-started,linkedin,founders,desktop,CA,free,user_0090,session_0090_0,0
evt_000548,2026-04-16T10:57:57+00:00,2026-W16,Thu,page_view,product,/product,linkedin,founders,desktop,CA,free,user_0090,session_0090_0,0
evt_000549,2026-04-16T10:59:33+00:00,2026-W16,Thu,page_view,marketing,/pricing,linkedin,founders,desktop,CA,free,user_0090,session_0090_0,0
evt_000550,2026-04-16T11:00:19+00:00,2026-W16,Thu,page_view,marketing,/pricing,linkedin,founders,desktop,CA,free,user_0090,session_0090_0,0
evt_000551,2026-04-16T11:01:37+00:00,2026-W16,Thu,page_view,marketing,/,linkedin,founders,desktop,CA,free,user_0090,session_0090_0,0
evt_000552,2026-04-16T11:02:04+00:00,2026-W16,Thu,signup_started,account,/signup,linkedin,founders,desktop,CA,free,user_0090,session_0090_0,0
evt_000553,2026-04-25T14:16:00+00:00,2026-W17,Sat,page_view,learn,/blog/warehouse,linkedin,founders,desktop,CA,free,user_0090,session_0090_1,0
evt_000554,2026-04-25T14:16:55+00:00,2026-W17,Sat,page_view,learn,/docs/getting-started,linkedin,founders,desktop,CA,free,user_0090,session_0090_1,0
evt_000555,2026-04-25T14:19:37+00:00,2026-W17,Sat,page_view,learn,/docs/getting-started,linkedin,founders,desktop,CA,free,user_0090,session_0090_1,0
evt_000556,2026-04-08T13:25:00+00:00,2026-W15,Wed,page_view,product,/product,newsletter,april_launch,desktop,AU,free,user_0091,session_0091_0,0
evt_000557,2026-04-08T13:26:16+00:00,2026-W15,Wed,page_view,marketing,/,newsletter,april_launch,desktop,AU,free,user_0091,session_0091_0,0
evt_000558,2026-04-08T13:28:01+00:00,2026-W15,Wed,page_view,marketing,/,newsletter,april_launch,desktop,AU,free,user_0091,session_0091_0,0
evt_000559,2026-04-08T13:29:28+00:00,2026-W15,Wed,page_view,product,/product,newsletter,april_launch,desktop,AU,free,user_0091,session_0091_0,0
evt_000560,2026-04-08T13:33:28+00:00,2026-W15,Wed,page_view,learn,/docs/getting-started,newsletter,april_launch,desktop,AU,free,user_0091,session_0091_0,0
evt_000561,2026-04-08T13:36:35+00:00,2026-W15,Wed,page_view,product,/product,newsletter,april_launch,desktop,AU,free,user_0091,session_0091_0,0
evt_000562,2026-04-17T01:32:00+00:00,2026-W16,Fri,page_view,marketing,/,organic,none,desktop,GB,pro,user_0092,session_0092_0,0
evt_000563,2026-04-17T01:34:38+00:00,2026-W16,Fri,page_view,marketing,/,organic,none,desktop,GB,pro,user_0092,session_0092_0,0
evt_000564,2026-04-17T01:37:14+00:00,2026-W16,Fri,page_view,marketing,/pricing,organic,none,desktop,GB,pro,user_0092,session_0092_0,0
evt_000565,2026-04-17T01:39:07+00:00,2026-W16,Fri,page_view,product,/product,organic,none,desktop,GB,pro,user_0092,session_0092_0,0
evt_000566,2026-04-17T01:42:37+00:00,2026-W16,Fri,page_view,product,/product,organic,none,desktop,GB,pro,user_0092,session_0092_0,0
evt_000567,2026-04-17T04:55:00+00:00,2026-W16,Fri,page_view,product,/integrations,linkedin,founders,desktop,US,free,user_0093,session_0093_0,0
evt_000568,2026-04-17T04:56:57+00:00,2026-W16,Fri,page_view,product,/product,linkedin,founders,desktop,US,free,user_0093,session_0093_0,0
evt_000569,2026-04-17T04:57:23+00:00,2026-W16,Fri,page_view,marketing,/,linkedin,founders,desktop,US,free,user_0093,session_0093_0,0
evt_000570,2026-04-25T10:52:00+00:00,2026-W17,Sat,page_view,marketing,/pricing,organic,none,desktop,CA,free,user_0094,session_0094_0,0
evt_000571,2026-04-25T10:54:52+00:00,2026-W17,Sat,page_view,learn,/docs/getting-started,organic,none,desktop,CA,free,user_0094,session_0094_0,0
evt_000572,2026-04-25T10:56:23+00:00,2026-W17,Sat,page_view,product,/integrations,organic,none,desktop,CA,free,user_0094,session_0094_0,0
evt_000573,2026-04-09T14:13:00+00:00,2026-W15,Thu,page_view,marketing,/pricing,google,spring_search,mobile,DE,free,user_0095,session_0095_0,0
evt_000574,2026-04-09T14:16:20+00:00,2026-W15,Thu,page_view,learn,/docs/getting-started,google,spring_search,mobile,DE,free,user_0095,session_0095_0,0
evt_000575,2026-04-09T14:19:16+00:00,2026-W15,Thu,page_view,marketing,/,google,spring_search,mobile,DE,free,user_0095,session_0095_0,0
evt_000576,2026-04-09T14:21:32+00:00,2026-W15,Thu,page_view,marketing,/pricing,google,spring_search,mobile,DE,free,user_0095,session_0095_0,0
evt_000577,2026-04-09T14:24:34+00:00,2026-W15,Thu,page_view,learn,/docs/getting-started,google,spring_search,mobile,DE,free,user_0095,session_0095_0,0
evt_000578,2026-04-09T14:28:07+00:00,2026-W15,Thu,page_view,product,/product,google,spring_search,mobile,DE,free,user_0095,session_0095_0,0
evt_000579,2026-04-24T16:23:00+00:00,2026-W17,Fri,page_view,product,/product,google,spring_search,mobile,DE,free,user_0095,session_0095_1,0
evt_000580,2026-04-24T16:26:19+00:00,2026-W17,Fri,page_view,product,/integrations,google,spring_search,mobile,DE,free,user_0095,session_0095_1,0
evt_000581,2026-04-24T16:30:09+00:00,2026-W17,Fri,page_view,marketing,/pricing,google,spring_search,mobile,DE,free,user_0095,session_0095_1,0
evt_000582,2026-04-19T23:34:00+00:00,2026-W16,Sun,page_view,product,/product,organic,none,tablet,US,free,user_0096,session_0096_0,0
evt_000583,2026-04-19T23:37:33+00:00,2026-W16,Sun,page_view,product,/integrations,organic,none,tablet,US,free,user_0096,session_0096_0,0
evt_000584,2026-04-19T23:39:48+00:00,2026-W16,Sun,page_view,learn,/docs/getting-started,organic,none,tablet,US,free,user_0096,session_0096_0,0
evt_000585,2026-04-22T12:51:00+00:00,2026-W17,Wed,page_view,learn,/blog/warehouse,linkedin,founders,mobile,AU,free,user_0097,session_0097_0,0
evt_000586,2026-04-22T12:53:12+00:00,2026-W17,Wed,page_view,learn,/blog/warehouse,linkedin,founders,mobile,AU,free,user_0097,session_0097_0,0
evt_000587,2026-04-22T12:54:54+00:00,2026-W17,Wed,page_view,product,/product,linkedin,founders,mobile,AU,free,user_0097,session_0097_0,0
evt_000588,2026-04-22T12:58:02+00:00,2026-W17,Wed,page_view,learn,/docs/getting-started,linkedin,founders,mobile,AU,free,user_0097,session_0097_0,0
evt_000589,2026-04-23T10:11:00+00:00,2026-W17,Thu,page_view,learn,/blog/warehouse,linkedin,founders,mobile,DE,free,user_0098,session_0098_0,0
evt_000590,2026-04-23T10:12:31+00:00,2026-W17,Thu,page_view,learn,/docs/getting-started,linkedin,founders,mobile,DE,free,user_0098,session_0098_0,0
evt_000591,2026-04-23T10:15:46+00:00,2026-W17,Thu,page_view,marketing,/,linkedin,founders,mobile,DE,free,user_0098,session_0098_0,0
evt_000592,2026-04-21T10:49:00+00:00,2026-W17,Tue,page_view,marketing,/pricing,linkedin,founders,mobile,DE,free,user_0098,session_0098_1,0
evt_000593,2026-04-21T10:52:38+00:00,2026-W17,Tue,page_view,learn,/docs/getting-started,linkedin,founders,mobile,DE,free,user_0098,session_0098_1,0
evt_000594,2026-04-21T10:54:06+00:00,2026-W17,Tue,page_view,marketing,/,linkedin,founders,mobile,DE,free,user_0098,session_0098_1,0
evt_000595,2026-04-21T10:57:14+00:00,2026-W17,Tue,page_view,product,/product,linkedin,founders,mobile,DE,free,user_0098,session_0098_1,0
evt_000596,2026-04-21T10:59:10+00:00,2026-W17,Tue,page_view,learn,/docs/getting-started,linkedin,founders,mobile,DE,free,user_0098,session_0098_1,0
evt_000597,2026-04-21T07:18:00+00:00,2026-W17,Tue,page_view,learn,/docs/getting-started,organic,none,desktop,US,free,user_0099,session_0099_0,0
evt_000598,2026-04-21T07:19:24+00:00,2026-W17,Tue,page_view,learn,/blog/warehouse,organic,none,desktop,US,free,user_0099,session_0099_0,0
evt_000599,2026-04-21T07:22:37+00:00,2026-W17,Tue,page_view,marketing,/pricing,organic,none,desktop,US,free,user_0099,session_0099_0,0
evt_000600,2026-04-16T16:07:00+00:00,2026-W16,Thu,page_view,product,/integrations,linkedin,founders,desktop,AU,free,user_0100,session_0100_0,0
evt_000601,2026-04-16T16:07:50+00:00,2026-W16,Thu,page_view,marketing,/,linkedin,founders,desktop,AU,free,user_0100,session_0100_0,0
evt_000602,2026-04-16T09:44:00+00:00,2026-W16,Thu,page_view,marketing,/,direct,none,desktop,CA,free,user_0101,session_0101_0,0
evt_000603,2026-04-16T09:47:31+00:00,2026-W16,Thu,page_view,marketing,/,direct,none,desktop,CA,free,user_0101,session_0101_0,0
evt_000604,2026-04-16T09:50:12+00:00,2026-W16,Thu,page_view,marketing,/,direct,none,desktop,CA,free,user_0101,session_0101_0,0
evt_000605,2026-04-16T09:53:36+00:00,2026-W16,Thu,page_view,learn,/docs/getting-started,direct,none,desktop,CA,free,user_0101,session_0101_0,0
evt_000606,2026-04-16T09:54:00+00:00,2026-W16,Thu,page_view,learn,/blog/warehouse,direct,none,desktop,CA,free,user_0101,session_0101_0,0
evt_000607,2026-04-16T09:54:59+00:00,2026-W16,Thu,page_view,product,/product,direct,none,desktop,CA,free,user_0101,session_0101_0,0
evt_000608,2026-04-16T09:58:48+00:00,2026-W16,Thu,page_view,marketing,/,direct,none,desktop,CA,free,user_0101,session_0101_0,0
evt_000609,2026-05-02T13:33:00+00:00,2026-W18,Sat,page_view,marketing,/,direct,none,desktop,CA,free,user_0101,session_0101_1,0
evt_000610,2026-05-02T13:36:26+00:00,2026-W18,Sat,page_view,learn,/blog/warehouse,direct,none,desktop,CA,free,user_0101,session_0101_1,0
evt_000611,2026-05-02T13:37:55+00:00,2026-W18,Sat,page_view,learn,/docs/getting-started,direct,none,desktop,CA,free,user_0101,session_0101_1,0
evt_000612,2026-05-02T13:38:12+00:00,2026-W18,Sat,page_view,marketing,/pricing,direct,none,desktop,CA,free,user_0101,session_0101_1,0
evt_000613,2026-05-02T13:41:01+00:00,2026-W18,Sat,page_view,marketing,/,direct,none,desktop,CA,free,user_0101,session_0101_1,0
evt_000614,2026-05-02T13:42:41+00:00,2026-W18,Sat,signup_started,account,/signup,direct,none,desktop,CA,free,user_0101,session_0101_1,0
evt_000615,2026-04-09T11:17:00+00:00,2026-W15,Thu,page_view,learn,/docs/getting-started,google,spring_search,desktop,GB,pro,user_0102,session_0102_0,0
evt_000616,2026-04-09T11:20:00+00:00,2026-W15,Thu,page_view,marketing,/pricing,google,spring_search,desktop,GB,pro,user_0102,session_0102_0,0
evt_000617,2026-04-09T11:21:02+00:00,2026-W15,Thu,page_view,marketing,/,google,spring_search,desktop,GB,pro,user_0102,session_0102_0,0
evt_000618,2026-04-19T17:35:00+00:00,2026-W16,Sun,page_view,marketing,/,google,spring_search,mobile,GB,free,user_0103,session_0103_0,0
evt_000619,2026-04-19T17:38:06+00:00,2026-W16,Sun,page_view,marketing,/,google,spring_search,mobile,GB,free,user_0103,session_0103_0,0
evt_000620,2026-04-19T17:38:56+00:00,2026-W16,Sun,page_view,product,/product,google,spring_search,mobile,GB,free,user_0103,session_0103_0,0
evt_000621,2026-04-19T17:40:14+00:00,2026-W16,Sun,page_view,marketing,/,google,spring_search,mobile,GB,free,user_0103,session_0103_0,0
evt_000622,2026-04-26T12:16:00+00:00,2026-W17,Sun,page_view,marketing,/,organic,none,mobile,DE,free,user_0104,session_0104_0,0
evt_000623,2026-04-26T12:19:05+00:00,2026-W17,Sun,page_view,marketing,/,organic,none,mobile,DE,free,user_0104,session_0104_0,0
evt_000624,2026-04-26T12:20:38+00:00,2026-W17,Sun,page_view,marketing,/,organic,none,mobile,DE,free,user_0104,session_0104_0,0
evt_000625,2026-04-26T12:23:48+00:00,2026-W17,Sun,page_view,product,/product,organic,none,mobile,DE,free,user_0104,session_0104_0,0
evt_000626,2026-04-26T12:27:03+00:00,2026-W17,Sun,page_view,learn,/docs/getting-started,organic,none,mobile,DE,free,user_0104,session_0104_0,0
evt_000627,2026-04-26T12:30:14+00:00,2026-W17,Sun,page_view,marketing,/,organic,none,mobile,DE,free,user_0104,session_0104_0,0
evt_000628,2026-04-26T12:31:44+00:00,2026-W17,Sun,page_view,marketing,/pricing,organic,none,mobile,DE,free,user_0104,session_0104_0,0
evt_000629,2026-04-26T12:32:55+00:00,2026-W17,Sun,signup_completed,account,/signup,organic,none,mobile,DE,free,user_0104,session_0104_0,0
evt_000630,2026-04-10T15:31:00+00:00,2026-W15,Fri,page_view,learn,/blog/warehouse,organic,none,mobile,DE,free,user_0104,session_0104_1,0
evt_000631,2026-04-10T15:32:50+00:00,2026-W15,Fri,page_view,product,/product,organic,none,mobile,DE,free,user_0104,session_0104_1,0
evt_000632,2026-04-10T15:35:25+00:00,2026-W15,Fri,page_view,learn,/blog/warehouse,organic,none,mobile,DE,free,user_0104,session_0104_1,0
evt_000633,2026-04-10T15:38:53+00:00,2026-W15,Fri,page_view,product,/product,organic,none,mobile,DE,free,user_0104,session_0104_1,0
evt_000634,2026-04-10T15:41:58+00:00,2026-W15,Fri,page_view,learn,/docs/getting-started,organic,none,mobile,DE,free,user_0104,session_0104_1,0
evt_000635,2026-04-10T15:45:28+00:00,2026-W15,Fri,page_view,marketing,/pricing,organic,none,mobile,DE,free,user_0104,session_0104_1,0
evt_000636,2026-04-10T15:48:56+00:00,2026-W15,Fri,page_view,product,/integrations,organic,none,mobile,DE,free,user_0104,session_0104_1,0
evt_000637,2026-04-10T15:52:32+00:00,2026-W15,Fri,signup_started,account,/signup,organic,none,mobile,DE,free,user_0104,session_0104_1,0
evt_000638,2026-04-12T19:32:00+00:00,2026-W15,Sun,page_view,marketing,/,linkedin,founders,desktop,AU,free,user_0105,session_0105_0,0
evt_000639,2026-04-12T19:33:38+00:00,2026-W15,Sun,page_view,learn,/docs/getting-started,linkedin,founders,desktop,AU,free,user_0105,session_0105_0,0
evt_000640,2026-04-12T19:35:46+00:00,2026-W15,Sun,page_view,marketing,/,linkedin,founders,desktop,AU,free,user_0105,session_0105_0,0
evt_000641,2026-04-12T19:36:53+00:00,2026-W15,Sun,page_view,learn,/docs/getting-started,linkedin,founders,desktop,AU,free,user_0105,session_0105_0,0
evt_000642,2026-04-12T19:39:13+00:00,2026-W15,Sun,page_view,marketing,/,linkedin,founders,desktop,AU,free,user_0105,session_0105_0,0
evt_000643,2026-04-12T19:41:38+00:00,2026-W15,Sun,page_view,product,/product,linkedin,founders,desktop,AU,free,user_0105,session_0105_0,0
evt_000644,2026-04-15T00:44:00+00:00,2026-W16,Wed,page_view,marketing,/pricing,google,spring_search,desktop,CA,free,user_0106,session_0106_0,0
evt_000645,2026-04-15T00:44:15+00:00,2026-W16,Wed,page_view,learn,/docs/getting-started,google,spring_search,desktop,CA,free,user_0106,session_0106_0,0
evt_000646,2026-04-15T00:46:58+00:00,2026-W16,Wed,page_view,marketing,/,google,spring_search,desktop,CA,free,user_0106,session_0106_0,0
evt_000647,2026-04-15T00:49:01+00:00,2026-W16,Wed,page_view,marketing,/pricing,google,spring_search,desktop,CA,free,user_0106,session_0106_0,0
evt_000648,2026-04-15T00:49:32+00:00,2026-W16,Wed,page_view,product,/product,google,spring_search,desktop,CA,free,user_0106,session_0106_0,0
evt_000649,2026-04-26T22:02:00+00:00,2026-W17,Sun,page_view,marketing,/pricing,organic,none,mobile,US,free,user_0107,session_0107_0,0
evt_000650,2026-04-26T22:03:52+00:00,2026-W17,Sun,page_view,product,/product,organic,none,mobile,US,free,user_0107,session_0107_0,0
evt_000651,2026-04-26T22:05:43+00:00,2026-W17,Sun,page_view,marketing,/pricing,organic,none,mobile,US,free,user_0107,session_0107_0,0
evt_000652,2026-04-26T22:08:52+00:00,2026-W17,Sun,page_view,learn,/blog/warehouse,organic,none,mobile,US,free,user_0107,session_0107_0,0
evt_000653,2026-04-26T22:12:50+00:00,2026-W17,Sun,page_view,product,/product,organic,none,mobile,US,free,user_0107,session_0107_0,0
evt_000654,2026-04-09T06:05:00+00:00,2026-W15,Thu,page_view,marketing,/pricing,organic,none,mobile,US,free,user_0107,session_0107_1,0
evt_000655,2026-04-09T06:05:47+00:00,2026-W15,Thu,page_view,learn,/docs/getting-started,organic,none,mobile,US,free,user_0107,session_0107_1,0
evt_000656,2026-04-09T06:06:59+00:00,2026-W15,Thu,page_view,learn,/docs/getting-started,organic,none,mobile,US,free,user_0107,session_0107_1,0
evt_000657,2026-04-09T06:10:27+00:00,2026-W15,Thu,page_view,marketing,/,organic,none,mobile,US,free,user_0107,session_0107_1,0
evt_000658,2026-04-09T06:11:58+00:00,2026-W15,Thu,page_view,product,/product,organic,none,mobile,US,free,user_0107,session_0107_1,0
evt_000659,2026-04-09T06:15:17+00:00,2026-W15,Thu,page_view,product,/product,organic,none,mobile,US,free,user_0107,session_0107_1,0
evt_000660,2026-04-09T06:17:48+00:00,2026-W15,Thu,signup_started,account,/signup,organic,none,mobile,US,free,user_0107,session_0107_1,0
evt_000661,2026-05-01T22:32:00+00:00,2026-W18,Fri,page_view,product,/integrations,google,spring_search,desktop,GB,team,user_0108,session_0108_0,0
evt_000662,2026-05-01T22:32:19+00:00,2026-W18,Fri,page_view,marketing,/pricing,google,spring_search,desktop,GB,team,user_0108,session_0108_0,0
evt_000663,2026-05-01T22:32:51+00:00,2026-W18,Fri,page_view,marketing,/,google,spring_search,desktop,GB,team,user_0108,session_0108_0,0
evt_000664,2026-05-01T22:33:14+00:00,2026-W18,Fri,page_view,product,/product,google,spring_search,desktop,GB,team,user_0108,session_0108_0,0
evt_000665,2026-05-01T22:36:21+00:00,2026-W18,Fri,page_view,learn,/docs/getting-started,google,spring_search,desktop,GB,team,user_0108,session_0108_0,0
evt_000666,2026-05-01T22:36:48+00:00,2026-W18,Fri,signup_completed,account,/signup,google,spring_search,desktop,GB,team,user_0108,session_0108_0,249
evt_000667,2026-04-29T19:39:00+00:00,2026-W18,Wed,page_view,product,/product,google,spring_search,desktop,US,free,user_0109,session_0109_0,0
evt_000668,2026-04-29T19:42:32+00:00,2026-W18,Wed,page_view,product,/integrations,google,spring_search,desktop,US,free,user_0109,session_0109_0,0
evt_000669,2026-04-29T19:44:09+00:00,2026-W18,Wed,page_view,marketing,/,google,spring_search,desktop,US,free,user_0109,session_0109_0,0
evt_000670,2026-04-29T19:48:08+00:00,2026-W18,Wed,page_view,marketing,/,google,spring_search,desktop,US,free,user_0109,session_0109_0,0
evt_000671,2026-04-11T21:22:00+00:00,2026-W15,Sat,page_view,product,/product,google,spring_search,desktop,DE,free,user_0110,session_0110_0,0
evt_000672,2026-04-11T21:24:21+00:00,2026-W15,Sat,page_view,marketing,/,google,spring_search,desktop,DE,free,user_0110,session_0110_0,0
evt_000673,2026-04-11T21:26:04+00:00,2026-W15,Sat,page_view,learn,/blog/warehouse,google,spring_search,desktop,DE,free,user_0110,session_0110_0,0
evt_000674,2026-04-11T21:29:10+00:00,2026-W15,Sat,page_view,marketing,/pricing,google,spring_search,desktop,DE,free,user_0110,session_0110_0,0
evt_000675,2026-04-11T21:31:39+00:00,2026-W15,Sat,page_view,marketing,/pricing,google,spring_search,desktop,DE,free,user_0110,session_0110_0,0
evt_000676,2026-04-11T21:33:40+00:00,2026-W15,Sat,page_view,product,/product,google,spring_search,desktop,DE,free,user_0110,session_0110_0,0
evt_000677,2026-04-11T21:35:11+00:00,2026-W15,Sat,page_view,marketing,/pricing,google,spring_search,desktop,DE,free,user_0110,session_0110_0,0
evt_000678,2026-04-19T19:01:00+00:00,2026-W16,Sun,page_view,marketing,/,organic,none,desktop,GB,pro,user_0111,session_0111_0,0
evt_000679,2026-04-19T19:02:17+00:00,2026-W16,Sun,page_view,marketing,/pricing,organic,none,desktop,GB,pro,user_0111,session_0111_0,0
evt_000680,2026-04-19T19:03:56+00:00,2026-W16,Sun,page_view,product,/integrations,organic,none,desktop,GB,pro,user_0111,session_0111_0,0
evt_000681,2026-04-19T19:06:06+00:00,2026-W16,Sun,page_view,learn,/docs/getting-started,organic,none,desktop,GB,pro,user_0111,session_0111_0,0
evt_000682,2026-04-19T19:06:44+00:00,2026-W16,Sun,page_view,product,/product,organic,none,desktop,GB,pro,user_0111,session_0111_0,0
evt_000683,2026-04-19T19:10:31+00:00,2026-W16,Sun,page_view,marketing,/,organic,none,desktop,GB,pro,user_0111,session_0111_0,0
evt_000684,2026-04-19T19:11:54+00:00,2026-W16,Sun,signup_started,account,/signup,organic,none,desktop,GB,pro,user_0111,session_0111_0,0
evt_000685,2026-05-03T11:21:00+00:00,2026-W18,Sun,page_view,learn,/blog/warehouse,organic,none,desktop,AU,pro,user_0112,session_0112_0,0
evt_000686,2026-05-03T11:21:18+00:00,2026-W18,Sun,page_view,marketing,/,organic,none,desktop,AU,pro,user_0112,session_0112_0,0
evt_000687,2026-05-03T11:22:21+00:00,2026-W18,Sun,page_view,learn,/blog/warehouse,organic,none,desktop,AU,pro,user_0112,session_0112_0,0
evt_000688,2026-05-03T11:23:06+00:00,2026-W18,Sun,page_view,learn,/docs/getting-started,organic,none,desktop,AU,pro,user_0112,session_0112_0,0
evt_000689,2026-04-16T09:39:00+00:00,2026-W16,Thu,page_view,product,/product,google,spring_search,desktop,AU,pro,user_0113,session_0113_0,0
evt_000690,2026-04-16T09:42:01+00:00,2026-W16,Thu,page_view,marketing,/pricing,google,spring_search,desktop,AU,pro,user_0113,session_0113_0,0
evt_000691,2026-04-16T09:43:22+00:00,2026-W16,Thu,page_view,marketing,/pricing,google,spring_search,desktop,AU,pro,user_0113,session_0113_0,0
evt_000692,2026-04-16T09:47:22+00:00,2026-W16,Thu,page_view,product,/product,google,spring_search,desktop,AU,pro,user_0113,session_0113_0,0
evt_000693,2026-04-16T09:48:02+00:00,2026-W16,Thu,page_view,learn,/docs/getting-started,google,spring_search,desktop,AU,pro,user_0113,session_0113_0,0
evt_000694,2026-04-29T04:58:00+00:00,2026-W18,Wed,page_view,marketing,/pricing,newsletter,april_launch,mobile,DE,free,user_0114,session_0114_0,0
evt_000695,2026-04-29T05:00:44+00:00,2026-W18,Wed,page_view,product,/product,newsletter,april_launch,mobile,DE,free,user_0114,session_0114_0,0
evt_000696,2026-04-29T05:02:45+00:00,2026-W18,Wed,signup_started,account,/signup,newsletter,april_launch,mobile,DE,free,user_0114,session_0114_0,0
evt_000697,2026-04-13T12:57:00+00:00,2026-W16,Mon,page_view,learn,/docs/getting-started,newsletter,april_launch,mobile,DE,free,user_0114,session_0114_1,0
evt_000698,2026-04-13T12:59:22+00:00,2026-W16,Mon,page_view,product,/product,newsletter,april_launch,mobile,DE,free,user_0114,session_0114_1,0
evt_000699,2026-04-13T13:02:32+00:00,2026-W16,Mon,page_view,marketing,/pricing,newsletter,april_launch,mobile,DE,free,user_0114,session_0114_1,0
evt_000700,2026-04-13T13:06:02+00:00,2026-W16,Mon,page_view,learn,/docs/getting-started,newsletter,april_launch,mobile,DE,free,user_0114,session_0114_1,0
evt_000701,2026-04-13T13:09:22+00:00,2026-W16,Mon,page_view,product,/integrations,newsletter,april_launch,mobile,DE,free,user_0114,session_0114_1,0
evt_000702,2026-04-13T13:11:42+00:00,2026-W16,Mon,page_view,product,/product,newsletter,april_launch,mobile,DE,free,user_0114,session_0114_1,0
evt_000703,2026-04-07T17:53:00+00:00,2026-W15,Tue,page_view,learn,/docs/getting-started,organic,none,mobile,CA,free,user_0115,session_0115_0,0
evt_000704,2026-04-07T17:53:34+00:00,2026-W15,Tue,page_view,learn,/blog/warehouse,organic,none,mobile,CA,free,user_0115,session_0115_0,0
evt_000705,2026-04-06T07:27:00+00:00,2026-W15,Mon,page_view,product,/product,organic,none,desktop,GB,pro,user_0116,session_0116_0,0
evt_000706,2026-04-06T07:27:30+00:00,2026-W15,Mon,page_view,product,/integrations,organic,none,desktop,GB,pro,user_0116,session_0116_0,0
evt_000707,2026-04-06T07:30:35+00:00,2026-W15,Mon,page_view,learn,/blog/warehouse,organic,none,desktop,GB,pro,user_0116,session_0116_0,0
evt_000708,2026-04-06T07:32:53+00:00,2026-W15,Mon,page_view,product,/integrations,organic,none,desktop,GB,pro,user_0116,session_0116_0,0
evt_000709,2026-04-06T07:33:12+00:00,2026-W15,Mon,page_view,marketing,/,organic,none,desktop,GB,pro,user_0116,session_0116_0,0
evt_000710,2026-04-06T07:35:48+00:00,2026-W15,Mon,page_view,product,/product,organic,none,desktop,GB,pro,user_0116,session_0116_0,0
evt_000711,2026-05-01T06:07:00+00:00,2026-W18,Fri,page_view,learn,/blog/warehouse,google,spring_search,desktop,DE,free,user_0117,session_0117_0,0
evt_000712,2026-05-01T06:09:29+00:00,2026-W18,Fri,page_view,marketing,/,google,spring_search,desktop,DE,free,user_0117,session_0117_0,0
evt_000713,2026-04-18T15:40:00+00:00,2026-W16,Sat,page_view,marketing,/pricing,linkedin,founders,desktop,DE,free,user_0118,session_0118_0,0
evt_000714,2026-04-18T15:43:13+00:00,2026-W16,Sat,page_view,marketing,/,linkedin,founders,desktop,DE,free,user_0118,session_0118_0,0
evt_000715,2026-04-18T15:46:23+00:00,2026-W16,Sat,page_view,learn,/docs/getting-started,linkedin,founders,desktop,DE,free,user_0118,session_0118_0,0
evt_000716,2026-04-18T15:46:58+00:00,2026-W16,Sat,page_view,product,/integrations,linkedin,founders,desktop,DE,free,user_0118,session_0118_0,0
evt_000717,2026-04-18T15:50:52+00:00,2026-W16,Sat,page_view,product,/integrations,linkedin,founders,desktop,DE,free,user_0118,session_0118_0,0
evt_000718,2026-04-18T15:51:15+00:00,2026-W16,Sat,page_view,marketing,/,linkedin,founders,desktop,DE,free,user_0118,session_0118_0,0
evt_000719,2026-04-18T15:53:07+00:00,2026-W16,Sat,signup_started,account,/signup,linkedin,founders,desktop,DE,free,user_0118,session_0118_0,0
evt_000720,2026-04-24T03:15:00+00:00,2026-W17,Fri,page_view,learn,/blog/warehouse,linkedin,founders,mobile,US,free,user_0119,session_0119_0,0
evt_000721,2026-04-24T03:16:13+00:00,2026-W17,Fri,page_view,marketing,/,linkedin,founders,mobile,US,free,user_0119,session_0119_0,0
evt_000722,2026-04-24T03:20:10+00:00,2026-W17,Fri,page_view,product,/integrations,linkedin,founders,mobile,US,free,user_0119,session_0119_0,0
evt_000723,2026-04-24T03:22:50+00:00,2026-W17,Fri,page_view,product,/product,linkedin,founders,mobile,US,free,user_0119,session_0119_0,0
evt_000724,2026-04-24T03:23:16+00:00,2026-W17,Fri,page_view,learn,/blog/warehouse,linkedin,founders,mobile,US,free,user_0119,session_0119_0,0
evt_000725,2026-04-24T03:26:26+00:00,2026-W17,Fri,page_view,learn,/blog/warehouse,linkedin,founders,mobile,US,free,user_0119,session_0119_0,0
evt_000726,2026-05-02T13:35:00+00:00,2026-W18,Sat,page_view,marketing,/pricing,google,spring_search,desktop,DE,free,user_0120,session_0120_0,0
evt_000727,2026-05-02T13:37:39+00:00,2026-W18,Sat,page_view,marketing,/pricing,google,spring_search,desktop,DE,free,user_0120,session_0120_0,0
evt_000728,2026-04-27T18:27:00+00:00,2026-W18,Mon,page_view,marketing,/pricing,google,spring_search,desktop,DE,free,user_0120,session_0120_1,0
evt_000729,2026-04-27T18:30:24+00:00,2026-W18,Mon,page_view,marketing,/,google,spring_search,desktop,DE,free,user_0120,session_0120_1,0
evt_000730,2026-04-27T18:33:35+00:00,2026-W18,Mon,page_view,learn,/docs/getting-started,google,spring_search,desktop,DE,free,user_0120,session_0120_1,0
evt_000731,2026-04-27T18:35:58+00:00,2026-W18,Mon,page_view,learn,/docs/getting-started,google,spring_search,desktop,DE,free,user_0120,session_0120_1,0
evt_000732,2026-04-27T18:37:41+00:00,2026-W18,Mon,signup_started,account,/signup,google,spring_search,desktop,DE,free,user_0120,session_0120_1,0
evt_000733,2026-04-06T21:38:00+00:00,2026-W15,Mon,page_view,learn,/docs/getting-started,newsletter,april_launch,desktop,AU,team,user_0121,session_0121_0,0
evt_000734,2026-04-06T21:40:10+00:00,2026-W15,Mon,page_view,product,/product,newsletter,april_launch,desktop,AU,team,user_0121,session_0121_0,0
evt_000735,2026-04-06T21:41:56+00:00,2026-W15,Mon,page_view,product,/product,newsletter,april_launch,desktop,AU,team,user_0121,session_0121_0,0
evt_000736,2026-04-06T21:43:47+00:00,2026-W15,Mon,page_view,product,/product,newsletter,april_launch,desktop,AU,team,user_0121,session_0121_0,0
evt_000737,2026-04-14T05:15:00+00:00,2026-W16,Tue,page_view,learn,/docs/getting-started,linkedin,founders,desktop,AU,free,user_0122,session_0122_0,0
evt_000738,2026-04-14T05:17:57+00:00,2026-W16,Tue,page_view,marketing,/,linkedin,founders,desktop,AU,free,user_0122,session_0122_0,0
evt_000739,2026-04-14T05:19:51+00:00,2026-W16,Tue,page_view,marketing,/pricing,linkedin,founders,desktop,AU,free,user_0122,session_0122_0,0
evt_000740,2026-04-14T05:20:33+00:00,2026-W16,Tue,page_view,marketing,/,linkedin,founders,desktop,AU,free,user_0122,session_0122_0,0
evt_000741,2026-04-14T05:22:06+00:00,2026-W16,Tue,page_view,product,/product,linkedin,founders,desktop,AU,free,user_0122,session_0122_0,0
evt_000742,2026-04-14T05:25:35+00:00,2026-W16,Tue,signup_completed,account,/signup,linkedin,founders,desktop,AU,free,user_0122,session_0122_0,0
evt_000743,2026-04-23T03:10:00+00:00,2026-W17,Thu,page_view,product,/integrations,organic,none,desktop,AU,free,user_0123,session_0123_0,0
evt_000744,2026-04-23T03:11:38+00:00,2026-W17,Thu,page_view,learn,/docs/getting-started,organic,none,desktop,AU,free,user_0123,session_0123_0,0
evt_000745,2026-04-23T03:11:56+00:00,2026-W17,Thu,page_view,marketing,/pricing,organic,none,desktop,AU,free,user_0123,session_0123_0,0
evt_000746,2026-04-23T03:13:50+00:00,2026-W17,Thu,page_view,learn,/docs/getting-started,organic,none,desktop,AU,free,user_0123,session_0123_0,0
evt_000747,2026-04-23T03:17:10+00:00,2026-W17,Thu,page_view,learn,/blog/warehouse,organic,none,desktop,AU,free,user_0123,session_0123_0,0
evt_000748,2026-04-23T03:18:27+00:00,2026-W17,Thu,page_view,product,/product,organic,none,desktop,AU,free,user_0123,session_0123_0,0
evt_000749,2026-04-11T04:44:00+00:00,2026-W15,Sat,page_view,marketing,/pricing,organic,none,desktop,AU,free,user_0123,session_0123_1,0
evt_000750,2026-04-11T04:46:21+00:00,2026-W15,Sat,page_view,marketing,/,organic,none,desktop,AU,free,user_0123,session_0123_1,0
evt_000751,2026-04-11T04:47:18+00:00,2026-W15,Sat,page_view,product,/product,organic,none,desktop,AU,free,user_0123,session_0123_1,0
evt_000752,2026-04-11T04:49:20+00:00,2026-W15,Sat,page_view,marketing,/pricing,organic,none,desktop,AU,free,user_0123,session_0123_1,0
evt_000753,2026-04-11T04:52:55+00:00,2026-W15,Sat,signup_started,account,/signup,organic,none,desktop,AU,free,user_0123,session_0123_1,0
evt_000754,2026-04-06T13:30:00+00:00,2026-W15,Mon,page_view,learn,/docs/getting-started,organic,none,mobile,AU,free,user_0124,session_0124_0,0
evt_000755,2026-04-06T13:31:52+00:00,2026-W15,Mon,page_view,learn,/docs/getting-started,organic,none,mobile,AU,free,user_0124,session_0124_0,0
evt_000756,2026-04-06T13:33:31+00:00,2026-W15,Mon,page_view,product,/product,organic,none,mobile,AU,free,user_0124,session_0124_0,0
evt_000757,2026-04-06T13:35:36+00:00,2026-W15,Mon,page_view,learn,/docs/getting-started,organic,none,mobile,AU,free,user_0124,session_0124_0,0
evt_000758,2026-04-16T06:03:00+00:00,2026-W16,Thu,page_view,learn,/blog/warehouse,linkedin,founders,mobile,DE,free,user_0125,session_0125_0,0
evt_000759,2026-04-16T06:04:29+00:00,2026-W16,Thu,page_view,learn,/docs/getting-started,linkedin,founders,mobile,DE,free,user_0125,session_0125_0,0
evt_000760,2026-04-16T06:07:26+00:00,2026-W16,Thu,page_view,product,/product,linkedin,founders,mobile,DE,free,user_0125,session_0125_0,0
evt_000761,2026-04-16T06:10:08+00:00,2026-W16,Thu,page_view,learn,/docs/getting-started,linkedin,founders,mobile,DE,free,user_0125,session_0125_0,0
evt_000762,2026-04-16T06:11:46+00:00,2026-W16,Thu,page_view,marketing,/pricing,linkedin,founders,mobile,DE,free,user_0125,session_0125_0,0
evt_000763,2026-04-23T00:55:00+00:00,2026-W17,Thu,page_view,product,/product,google,spring_search,mobile,GB,free,user_0126,session_0126_0,0
evt_000764,2026-04-23T00:58:16+00:00,2026-W17,Thu,page_view,marketing,/,google,spring_search,mobile,GB,free,user_0126,session_0126_0,0
evt_000765,2026-04-23T01:01:55+00:00,2026-W17,Thu,page_view,marketing,/pricing,google,spring_search,mobile,GB,free,user_0126,session_0126_0,0
evt_000766,2026-04-23T01:05:07+00:00,2026-W17,Thu,page_view,marketing,/,google,spring_search,mobile,GB,free,user_0126,session_0126_0,0
evt_000767,2026-04-23T01:08:59+00:00,2026-W17,Thu,page_view,learn,/docs/getting-started,google,spring_search,mobile,GB,free,user_0126,session_0126_0,0
evt_000768,2026-04-23T01:10:58+00:00,2026-W17,Thu,page_view,product,/integrations,google,spring_search,mobile,GB,free,user_0126,session_0126_0,0
evt_000769,2026-04-23T01:11:48+00:00,2026-W17,Thu,page_view,product,/integrations,google,spring_search,mobile,GB,free,user_0126,session_0126_0,0
evt_000770,2026-04-23T01:13:04+00:00,2026-W17,Thu,signup_completed,account,/signup,google,spring_search,mobile,GB,free,user_0126,session_0126_0,0
evt_000771,2026-04-22T23:36:00+00:00,2026-W17,Wed,page_view,product,/product,google,spring_search,desktop,CA,team,user_0127,session_0127_0,0
evt_000772,2026-04-22T23:39:37+00:00,2026-W17,Wed,page_view,learn,/blog/warehouse,google,spring_search,desktop,CA,team,user_0127,session_0127_0,0
evt_000773,2026-04-22T23:42:51+00:00,2026-W17,Wed,page_view,learn,/blog/warehouse,google,spring_search,desktop,CA,team,user_0127,session_0127_0,0
evt_000774,2026-04-22T23:45:23+00:00,2026-W17,Wed,page_view,product,/integrations,google,spring_search,desktop,CA,team,user_0127,session_0127_0,0
evt_000775,2026-04-22T23:45:59+00:00,2026-W17,Wed,page_view,marketing,/,google,spring_search,desktop,CA,team,user_0127,session_0127_0,0
evt_000776,2026-04-18T11:19:00+00:00,2026-W16,Sat,page_view,marketing,/,linkedin,founders,desktop,AU,free,user_0128,session_0128_0,0
evt_000777,2026-04-18T11:19:40+00:00,2026-W16,Sat,page_view,marketing,/pricing,linkedin,founders,desktop,AU,free,user_0128,session_0128_0,0
evt_000778,2026-04-18T11:22:05+00:00,2026-W16,Sat,page_view,learn,/docs/getting-started,linkedin,founders,desktop,AU,free,user_0128,session_0128_0,0
evt_000779,2026-04-18T11:24:42+00:00,2026-W16,Sat,page_view,product,/integrations,linkedin,founders,desktop,AU,free,user_0128,session_0128_0,0
evt_000780,2026-04-18T11:27:24+00:00,2026-W16,Sat,page_view,marketing,/,linkedin,founders,desktop,AU,free,user_0128,session_0128_0,0
evt_000781,2026-04-18T11:29:14+00:00,2026-W16,Sat,signup_started,account,/signup,linkedin,founders,desktop,AU,free,user_0128,session_0128_0,0
evt_000782,2026-04-08T03:57:00+00:00,2026-W15,Wed,page_view,marketing,/,linkedin,founders,desktop,DE,team,user_0129,session_0129_0,0
evt_000783,2026-04-08T03:58:34+00:00,2026-W15,Wed,page_view,marketing,/pricing,linkedin,founders,desktop,DE,team,user_0129,session_0129_0,0
evt_000784,2026-04-08T04:02:09+00:00,2026-W15,Wed,page_view,marketing,/,linkedin,founders,desktop,DE,team,user_0129,session_0129_0,0
evt_000785,2026-04-08T04:04:27+00:00,2026-W15,Wed,page_view,marketing,/pricing,linkedin,founders,desktop,DE,team,user_0129,session_0129_0,0
evt_000786,2026-04-08T04:05:06+00:00,2026-W15,Wed,page_view,product,/product,linkedin,founders,desktop,DE,team,user_0129,session_0129_0,0
evt_000787,2026-04-08T04:08:19+00:00,2026-W15,Wed,page_view,product,/product,linkedin,founders,desktop,DE,team,user_0129,session_0129_0,0
evt_000788,2026-04-08T04:08:51+00:00,2026-W15,Wed,page_view,marketing,/pricing,linkedin,founders,desktop,DE,team,user_0129,session_0129_0,0
evt_000789,2026-04-13T17:36:00+00:00,2026-W16,Mon,page_view,product,/product,organic,none,desktop,US,free,user_0130,session_0130_0,0
evt_000790,2026-04-13T17:37:39+00:00,2026-W16,Mon,page_view,product,/product,organic,none,desktop,US,free,user_0130,session_0130_0,0
evt_000791,2026-04-13T17:39:52+00:00,2026-W16,Mon,page_view,marketing,/,organic,none,desktop,US,free,user_0130,session_0130_0,0
evt_000792,2026-04-26T06:17:00+00:00,2026-W17,Sun,page_view,product,/integrations,organic,none,desktop,US,free,user_0130,session_0130_1,0
evt_000793,2026-04-26T06:19:05+00:00,2026-W17,Sun,page_view,marketing,/pricing,organic,none,desktop,US,free,user_0130,session_0130_1,0
evt_000794,2026-04-26T06:22:28+00:00,2026-W17,Sun,page_view,product,/integrations,organic,none,desktop,US,free,user_0130,session_0130_1,0
evt_000795,2026-04-08T19:42:00+00:00,2026-W15,Wed,page_view,learn,/docs/getting-started,google,spring_search,desktop,GB,free,user_0131,session_0131_0,0
evt_000796,2026-04-08T19:44:32+00:00,2026-W15,Wed,page_view,marketing,/,google,spring_search,desktop,GB,free,user_0131,session_0131_0,0
evt_000797,2026-04-25T13:23:00+00:00,2026-W17,Sat,page_view,marketing,/,organic,none,desktop,CA,free,user_0132,session_0132_0,0
evt_000798,2026-04-25T13:24:45+00:00,2026-W17,Sat,page_view,learn,/docs/getting-started,organic,none,desktop,CA,free,user_0132,session_0132_0,0
evt_000799,2026-04-25T13:27:38+00:00,2026-W17,Sat,page_view,marketing,/,organic,none,desktop,CA,free,user_0132,session_0132_0,0
evt_000800,2026-04-25T13:30:45+00:00,2026-W17,Sat,page_view,learn,/docs/getting-started,organic,none,desktop,CA,free,user_0132,session_0132_0,0
evt_000801,2026-04-25T13:32:16+00:00,2026-W17,Sat,page_view,learn,/blog/warehouse,organic,none,desktop,CA,free,user_0132,session_0132_0,0
evt_000802,2026-04-25T13:35:02+00:00,2026-W17,Sat,page_view,marketing,/,organic,none,desktop,CA,free,user_0132,session_0132_0,0
evt_000803,2026-04-19T20:21:00+00:00,2026-W16,Sun,page_view,product,/product,organic,none,desktop,US,free,user_0133,session_0133_0,0
evt_000804,2026-04-19T20:23:03+00:00,2026-W16,Sun,page_view,marketing,/,organic,none,desktop,US,free,user_0133,session_0133_0,0
evt_000805,2026-04-19T20:26:00+00:00,2026-W16,Sun,page_view,product,/product,organic,none,desktop,US,free,user_0133,session_0133_0,0
evt_000806,2026-04-20T21:08:00+00:00,2026-W17,Mon,page_view,learn,/docs/getting-started,direct,none,desktop,GB,free,user_0134,session_0134_0,0
evt_000807,2026-04-20T21:08:17+00:00,2026-W17,Mon,page_view,product,/product,direct,none,desktop,GB,free,user_0134,session_0134_0,0
evt_000808,2026-05-02T13:06:00+00:00,2026-W18,Sat,page_view,product,/product,direct,none,desktop,GB,free,user_0134,session_0134_1,0
evt_000809,2026-05-02T13:08:21+00:00,2026-W18,Sat,page_view,product,/product,direct,none,desktop,GB,free,user_0134,session_0134_1,0
evt_000810,2026-05-02T13:10:41+00:00,2026-W18,Sat,page_view,product,/product,direct,none,desktop,GB,free,user_0134,session_0134_1,0
evt_000811,2026-05-02T13:14:31+00:00,2026-W18,Sat,page_view,product,/product,direct,none,desktop,GB,free,user_0134,session_0134_1,0
evt_000812,2026-05-02T13:15:28+00:00,2026-W18,Sat,page_view,marketing,/,direct,none,desktop,GB,free,user_0134,session_0134_1,0
evt_000813,2026-05-02T13:15:50+00:00,2026-W18,Sat,page_view,learn,/docs/getting-started,direct,none,desktop,GB,free,user_0134,session_0134_1,0
evt_000814,2026-04-30T16:54:00+00:00,2026-W18,Thu,page_view,product,/product,organic,none,desktop,AU,free,user_0135,session_0135_0,0
evt_000815,2026-04-30T16:56:41+00:00,2026-W18,Thu,page_view,marketing,/,organic,none,desktop,AU,free,user_0135,session_0135_0,0
evt_000816,2026-04-30T17:00:14+00:00,2026-W18,Thu,page_view,product,/product,organic,none,desktop,AU,free,user_0135,session_0135_0,0
evt_000817,2026-04-30T17:02:02+00:00,2026-W18,Thu,page_view,product,/product,organic,none,desktop,AU,free,user_0135,session_0135_0,0
evt_000818,2026-04-30T17:05:30+00:00,2026-W18,Thu,page_view,marketing,/,organic,none,desktop,AU,free,user_0135,session_0135_0,0
evt_000819,2026-04-30T17:08:49+00:00,2026-W18,Thu,page_view,product,/product,organic,none,desktop,AU,free,user_0135,session_0135_0,0
evt_000820,2026-04-17T02:58:00+00:00,2026-W16,Fri,page_view,learn,/docs/getting-started,direct,none,desktop,GB,free,user_0136,session_0136_0,0
evt_000821,2026-04-17T02:58:45+00:00,2026-W16,Fri,page_view,learn,/docs/getting-started,direct,none,desktop,GB,free,user_0136,session_0136_0,0
evt_000822,2026-04-17T03:00:00+00:00,2026-W16,Fri,page_view,marketing,/,direct,none,desktop,GB,free,user_0136,session_0136_0,0
evt_000823,2026-04-17T03:03:23+00:00,2026-W16,Fri,page_view,product,/integrations,direct,none,desktop,GB,free,user_0136,session_0136_0,0
evt_000824,2026-04-17T03:05:07+00:00,2026-W16,Fri,page_view,learn,/docs/getting-started,direct,none,desktop,GB,free,user_0136,session_0136_0,0
evt_000825,2026-04-24T11:58:00+00:00,2026-W17,Fri,page_view,marketing,/pricing,linkedin,founders,desktop,GB,pro,user_0137,session_0137_0,0
evt_000826,2026-04-24T12:00:32+00:00,2026-W17,Fri,page_view,marketing,/,linkedin,founders,desktop,GB,pro,user_0137,session_0137_0,0
evt_000827,2026-04-24T12:03:47+00:00,2026-W17,Fri,page_view,marketing,/pricing,linkedin,founders,desktop,GB,pro,user_0137,session_0137_0,0
evt_000828,2026-04-24T12:06:28+00:00,2026-W17,Fri,page_view,marketing,/pricing,linkedin,founders,desktop,GB,pro,user_0137,session_0137_0,0
evt_000829,2026-04-24T12:10:22+00:00,2026-W17,Fri,page_view,product,/product,linkedin,founders,desktop,GB,pro,user_0137,session_0137_0,0
evt_000830,2026-04-24T12:13:30+00:00,2026-W17,Fri,page_view,learn,/docs/getting-started,linkedin,founders,desktop,GB,pro,user_0137,session_0137_0,0
evt_000831,2026-04-13T04:59:00+00:00,2026-W16,Mon,page_view,marketing,/pricing,newsletter,april_launch,mobile,DE,pro,user_0138,session_0138_0,0
evt_000832,2026-04-13T05:00:18+00:00,2026-W16,Mon,page_view,learn,/docs/getting-started,newsletter,april_launch,mobile,DE,pro,user_0138,session_0138_0,0
evt_000833,2026-04-13T05:03:26+00:00,2026-W16,Mon,page_view,marketing,/pricing,newsletter,april_launch,mobile,DE,pro,user_0138,session_0138_0,0
evt_000834,2026-04-13T05:04:17+00:00,2026-W16,Mon,page_view,product,/product,newsletter,april_launch,mobile,DE,pro,user_0138,session_0138_0,0
evt_000835,2026-04-13T05:05:40+00:00,2026-W16,Mon,page_view,product,/integrations,newsletter,april_launch,mobile,DE,pro,user_0138,session_0138_0,0
evt_000836,2026-04-13T05:07:31+00:00,2026-W16,Mon,page_view,product,/product,newsletter,april_launch,mobile,DE,pro,user_0138,session_0138_0,0
evt_000837,2026-04-13T05:10:28+00:00,2026-W16,Mon,page_view,learn,/docs/getting-started,newsletter,april_launch,mobile,DE,pro,user_0138,session_0138_0,0
evt_000838,2026-04-13T05:13:59+00:00,2026-W16,Mon,signup_started,account,/signup,newsletter,april_launch,mobile,DE,pro,user_0138,session_0138_0,0
evt_000839,2026-04-14T23:42:00+00:00,2026-W16,Tue,page_view,product,/product,newsletter,april_launch,mobile,DE,pro,user_0138,session_0138_1,0
evt_000840,2026-04-14T23:44:19+00:00,2026-W16,Tue,page_view,marketing,/pricing,newsletter,april_launch,mobile,DE,pro,user_0138,session_0138_1,0
evt_000841,2026-04-14T23:44:34+00:00,2026-W16,Tue,page_view,learn,/docs/getting-started,newsletter,april_launch,mobile,DE,pro,user_0138,session_0138_1,0
evt_000842,2026-04-14T23:48:25+00:00,2026-W16,Tue,page_view,learn,/docs/getting-started,newsletter,april_launch,mobile,DE,pro,user_0138,session_0138_1,0
evt_000843,2026-05-02T07:13:00+00:00,2026-W18,Sat,page_view,marketing,/pricing,linkedin,founders,mobile,US,pro,user_0139,session_0139_0,0
evt_000844,2026-05-02T07:16:47+00:00,2026-W18,Sat,page_view,marketing,/pricing,linkedin,founders,mobile,US,pro,user_0139,session_0139_0,0
evt_000845,2026-05-02T07:19:22+00:00,2026-W18,Sat,page_view,product,/product,linkedin,founders,mobile,US,pro,user_0139,session_0139_0,0
evt_000846,2026-05-02T07:22:01+00:00,2026-W18,Sat,page_view,learn,/docs/getting-started,linkedin,founders,mobile,US,pro,user_0139,session_0139_0,0
evt_000847,2026-05-02T07:25:37+00:00,2026-W18,Sat,page_view,marketing,/pricing,linkedin,founders,mobile,US,pro,user_0139,session_0139_0,0
evt_000848,2026-04-20T00:01:00+00:00,2026-W17,Mon,page_view,marketing,/,organic,none,mobile,CA,free,user_0140,session_0140_0,0
evt_000849,2026-04-20T00:04:11+00:00,2026-W17,Mon,page_view,learn,/blog/warehouse,organic,none,mobile,CA,free,user_0140,session_0140_0,0
evt_000850,2026-04-20T00:08:11+00:00,2026-W17,Mon,page_view,product,/integrations,organic,none,mobile,CA,free,user_0140,session_0140_0,0
evt_000851,2026-04-20T00:09:06+00:00,2026-W17,Mon,page_view,learn,/docs/getting-started,organic,none,mobile,CA,free,user_0140,session_0140_0,0
evt_000852,2026-04-20T00:13:05+00:00,2026-W17,Mon,page_view,marketing,/pricing,organic,none,mobile,CA,free,user_0140,session_0140_0,0
evt_000853,2026-04-20T00:16:07+00:00,2026-W17,Mon,signup_completed,account,/signup,organic,none,mobile,CA,free,user_0140,session_0140_0,0
evt_000854,2026-04-13T14:39:00+00:00,2026-W16,Mon,page_view,marketing,/,linkedin,founders,mobile,US,free,user_0141,session_0141_0,0
evt_000855,2026-04-13T14:39:39+00:00,2026-W16,Mon,page_view,marketing,/,linkedin,founders,mobile,US,free,user_0141,session_0141_0,0
evt_000856,2026-04-13T14:41:56+00:00,2026-W16,Mon,page_view,marketing,/,linkedin,founders,mobile,US,free,user_0141,session_0141_0,0
evt_000857,2026-04-13T14:44:42+00:00,2026-W16,Mon,page_view,marketing,/,linkedin,founders,mobile,US,free,user_0141,session_0141_0,0
evt_000858,2026-04-13T14:47:51+00:00,2026-W16,Mon,page_view,product,/product,linkedin,founders,mobile,US,free,user_0141,session_0141_0,0
evt_000859,2026-04-13T14:48:08+00:00,2026-W16,Mon,page_view,product,/integrations,linkedin,founders,mobile,US,free,user_0141,session_0141_0,0
evt_000860,2026-04-13T14:51:52+00:00,2026-W16,Mon,page_view,marketing,/,linkedin,founders,mobile,US,free,user_0141,session_0141_0,0
evt_000861,2026-04-09T10:41:00+00:00,2026-W15,Thu,page_view,learn,/blog/warehouse,google,spring_search,desktop,US,free,user_0142,session_0142_0,0
evt_000862,2026-04-09T10:41:50+00:00,2026-W15,Thu,page_view,marketing,/pricing,google,spring_search,desktop,US,free,user_0142,session_0142_0,0
evt_000863,2026-04-09T10:45:33+00:00,2026-W15,Thu,page_view,learn,/docs/getting-started,google,spring_search,desktop,US,free,user_0142,session_0142_0,0
evt_000864,2026-04-09T10:46:22+00:00,2026-W15,Thu,page_view,product,/integrations,google,spring_search,desktop,US,free,user_0142,session_0142_0,0
evt_000865,2026-04-09T10:49:30+00:00,2026-W15,Thu,signup_started,account,/signup,google,spring_search,desktop,US,free,user_0142,session_0142_0,0
evt_000866,2026-04-06T20:49:00+00:00,2026-W15,Mon,page_view,marketing,/,google,spring_search,desktop,US,free,user_0142,session_0142_1,0
evt_000867,2026-04-06T20:50:44+00:00,2026-W15,Mon,page_view,learn,/docs/getting-started,google,spring_search,desktop,US,free,user_0142,session_0142_1,0
evt_000868,2026-04-06T20:53:39+00:00,2026-W15,Mon,page_view,learn,/docs/getting-started,google,spring_search,desktop,US,free,user_0142,session_0142_1,0
evt_000869,2026-04-06T20:55:39+00:00,2026-W15,Mon,page_view,product,/integrations,google,spring_search,desktop,US,free,user_0142,session_0142_1,0
evt_000870,2026-04-06T20:57:47+00:00,2026-W15,Mon,page_view,learn,/docs/getting-started,google,spring_search,desktop,US,free,user_0142,session_0142_1,0
evt_000871,2026-04-06T20:58:24+00:00,2026-W15,Mon,page_view,learn,/blog/warehouse,google,spring_search,desktop,US,free,user_0142,session_0142_1,0
evt_000872,2026-04-06T20:59:14+00:00,2026-W15,Mon,page_view,learn,/docs/getting-started,google,spring_search,desktop,US,free,user_0142,session_0142_1,0
evt_000873,2026-04-08T08:28:00+00:00,2026-W15,Wed,page_view,product,/integrations,linkedin,founders,desktop,CA,free,user_0143,session_0143_0,0
evt_000874,2026-04-08T08:31:19+00:00,2026-W15,Wed,page_view,product,/integrations,linkedin,founders,desktop,CA,free,user_0143,session_0143_0,0
evt_000875,2026-04-08T08:34:53+00:00,2026-W15,Wed,page_view,learn,/blog/warehouse,linkedin,founders,desktop,CA,free,user_0143,session_0143_0,0
evt_000876,2026-04-08T08:35:14+00:00,2026-W15,Wed,page_view,learn,/docs/getting-started,linkedin,founders,desktop,CA,free,user_0143,session_0143_0,0
evt_000877,2026-04-08T08:38:17+00:00,2026-W15,Wed,page_view,learn,/docs/getting-started,linkedin,founders,desktop,CA,free,user_0143,session_0143_0,0
evt_000878,2026-04-08T08:39:24+00:00,2026-W15,Wed,page_view,product,/product,linkedin,founders,desktop,CA,free,user_0143,session_0143_0,0
evt_000879,2026-04-12T13:22:00+00:00,2026-W15,Sun,page_view,product,/integrations,linkedin,founders,desktop,CA,free,user_0143,session_0143_1,0
evt_000880,2026-04-12T13:25:35+00:00,2026-W15,Sun,page_view,learn,/blog/warehouse,linkedin,founders,desktop,CA,free,user_0143,session_0143_1,0
evt_000881,2026-04-12T13:26:51+00:00,2026-W15,Sun,page_view,product,/product,linkedin,founders,desktop,CA,free,user_0143,session_0143_1,0
evt_000882,2026-04-12T13:27:34+00:00,2026-W15,Sun,page_view,marketing,/pricing,linkedin,founders,desktop,CA,free,user_0143,session_0143_1,0
evt_000883,2026-04-24T14:21:00+00:00,2026-W17,Fri,page_view,product,/product,google,spring_search,tablet,DE,team,user_0144,session_0144_0,0
evt_000884,2026-04-24T14:21:59+00:00,2026-W17,Fri,page_view,learn,/docs/getting-started,google,spring_search,tablet,DE,team,user_0144,session_0144_0,0
evt_000885,2026-04-24T14:25:31+00:00,2026-W17,Fri,page_view,marketing,/,google,spring_search,tablet,DE,team,user_0144,session_0144_0,0
evt_000886,2026-04-24T14:28:16+00:00,2026-W17,Fri,page_view,marketing,/,google,spring_search,tablet,DE,team,user_0144,session_0144_0,0
evt_000887,2026-04-12T01:21:00+00:00,2026-W15,Sun,page_view,learn,/blog/warehouse,google,spring_search,tablet,DE,team,user_0144,session_0144_1,0
evt_000888,2026-04-12T01:22:56+00:00,2026-W15,Sun,page_view,product,/product,google,spring_search,tablet,DE,team,user_0144,session_0144_1,0
evt_000889,2026-04-25T05:12:00+00:00,2026-W17,Sat,page_view,marketing,/,linkedin,founders,mobile,CA,pro,user_0145,session_0145_0,0
evt_000890,2026-04-25T05:12:35+00:00,2026-W17,Sat,page_view,product,/product,linkedin,founders,mobile,CA,pro,user_0145,session_0145_0,0
evt_000891,2026-04-25T05:13:42+00:00,2026-W17,Sat,page_view,learn,/blog/warehouse,linkedin,founders,mobile,CA,pro,user_0145,session_0145_0,0
evt_000892,2026-04-25T05:14:36+00:00,2026-W17,Sat,page_view,product,/product,linkedin,founders,mobile,CA,pro,user_0145,session_0145_0,0
evt_000893,2026-04-24T21:39:00+00:00,2026-W17,Fri,page_view,product,/integrations,linkedin,founders,mobile,CA,pro,user_0145,session_0145_1,0
evt_000894,2026-04-24T21:39:31+00:00,2026-W17,Fri,page_view,marketing,/pricing,linkedin,founders,mobile,CA,pro,user_0145,session_0145_1,0
evt_000895,2026-04-24T21:41:37+00:00,2026-W17,Fri,page_view,learn,/docs/getting-started,linkedin,founders,mobile,CA,pro,user_0145,session_0145_1,0
evt_000896,2026-04-24T21:45:28+00:00,2026-W17,Fri,page_view,marketing,/,linkedin,founders,mobile,CA,pro,user_0145,session_0145_1,0
evt_000897,2026-04-24T21:46:45+00:00,2026-W17,Fri,page_view,marketing,/,linkedin,founders,mobile,CA,pro,user_0145,session_0145_1,0
evt_000898,2026-04-24T21:48:51+00:00,2026-W17,Fri,page_view,marketing,/,linkedin,founders,mobile,CA,pro,user_0145,session_0145_1,0
evt_000899,2026-04-24T21:51:42+00:00,2026-W17,Fri,page_view,product,/integrations,linkedin,founders,mobile,CA,pro,user_0145,session_0145_1,0
evt_000900,2026-04-17T17:51:00+00:00,2026-W16,Fri,page_view,learn,/docs/getting-started,linkedin,founders,desktop,US,pro,user_0146,session_0146_0,0
evt_000901,2026-04-17T17:54:19+00:00,2026-W16,Fri,page_view,marketing,/pricing,linkedin,founders,desktop,US,pro,user_0146,session_0146_0,0
evt_000902,2026-04-17T17:56:09+00:00,2026-W16,Fri,page_view,marketing,/,linkedin,founders,desktop,US,pro,user_0146,session_0146_0,0
evt_000903,2026-04-17T17:59:43+00:00,2026-W16,Fri,page_view,learn,/docs/getting-started,linkedin,founders,desktop,US,pro,user_0146,session_0146_0,0
evt_000904,2026-04-17T18:03:05+00:00,2026-W16,Fri,page_view,learn,/blog/warehouse,linkedin,founders,desktop,US,pro,user_0146,session_0146_0,0
evt_000905,2026-04-17T18:06:37+00:00,2026-W16,Fri,page_view,learn,/blog/warehouse,linkedin,founders,desktop,US,pro,user_0146,session_0146_0,0
evt_000906,2026-04-07T17:03:00+00:00,2026-W15,Tue,page_view,marketing,/,organic,none,desktop,AU,free,user_0147,session_0147_0,0
evt_000907,2026-04-07T17:03:55+00:00,2026-W15,Tue,page_view,marketing,/pricing,organic,none,desktop,AU,free,user_0147,session_0147_0,0
evt_000908,2026-04-07T17:04:36+00:00,2026-W15,Tue,page_view,learn,/blog/warehouse,organic,none,desktop,AU,free,user_0147,session_0147_0,0
evt_000909,2026-04-07T17:07:43+00:00,2026-W15,Tue,page_view,learn,/docs/getting-started,organic,none,desktop,AU,free,user_0147,session_0147_0,0
evt_000910,2026-04-07T17:08:56+00:00,2026-W15,Tue,page_view,learn,/docs/getting-started,organic,none,desktop,AU,free,user_0147,session_0147_0,0
evt_000911,2026-04-07T17:09:11+00:00,2026-W15,Tue,page_view,marketing,/,organic,none,desktop,AU,free,user_0147,session_0147_0,0
evt_000912,2026-04-07T17:13:06+00:00,2026-W15,Tue,signup_completed,account,/signup,organic,none,desktop,AU,free,user_0147,session_0147_0,0
evt_000913,2026-04-28T22:22:00+00:00,2026-W18,Tue,page_view,marketing,/,google,spring_search,mobile,GB,team,user_0148,session_0148_0,0
evt_000914,2026-04-28T22:23:18+00:00,2026-W18,Tue,page_view,product,/product,google,spring_search,mobile,GB,team,user_0148,session_0148_0,0
evt_000915,2026-04-28T22:26:37+00:00,2026-W18,Tue,page_view,marketing,/pricing,google,spring_search,mobile,GB,team,user_0148,session_0148_0,0
evt_000916,2026-04-28T22:30:23+00:00,2026-W18,Tue,page_view,marketing,/,google,spring_search,mobile,GB,team,user_0148,session_0148_0,0
evt_000917,2026-04-28T22:32:13+00:00,2026-W18,Tue,page_view,marketing,/,google,spring_search,mobile,GB,team,user_0148,session_0148_0,0
evt_000918,2026-04-15T10:36:00+00:00,2026-W16,Wed,page_view,marketing,/,organic,none,mobile,US,team,user_0149,session_0149_0,0
evt_000919,2026-04-15T10:38:11+00:00,2026-W16,Wed,page_view,marketing,/,organic,none,mobile,US,team,user_0149,session_0149_0,0
evt_000920,2026-04-15T10:39:17+00:00,2026-W16,Wed,page_view,marketing,/pricing,organic,none,mobile,US,team,user_0149,session_0149_0,0
evt_000921,2026-04-15T10:42:52+00:00,2026-W16,Wed,page_view,marketing,/pricing,organic,none,mobile,US,team,user_0149,session_0149_0,0
evt_000922,2026-04-15T10:45:46+00:00,2026-W16,Wed,signup_completed,account,/signup,organic,none,mobile,US,team,user_0149,session_0149_0,249
evt_000923,2026-04-21T06:40:00+00:00,2026-W17,Tue,page_view,learn,/blog/warehouse,organic,none,mobile,US,team,user_0149,session_0149_1,0
evt_000924,2026-04-21T06:43:29+00:00,2026-W17,Tue,page_view,learn,/docs/getting-started,organic,none,mobile,US,team,user_0149,session_0149_1,0
evt_000925,2026-04-21T06:44:22+00:00,2026-W17,Tue,page_view,marketing,/,organic,none,mobile,US,team,user_0149,session_0149_1,0
evt_000926,2026-04-21T06:46:21+00:00,2026-W17,Tue,page_view,marketing,/,organic,none,mobile,US,team,user_0149,session_0149_1,0
evt_000927,2026-04-21T06:48:54+00:00,2026-W17,Tue,page_view,marketing,/pricing,organic,none,mobile,US,team,user_0149,session_0149_1,0
evt_000928,2026-04-21T06:52:43+00:00,2026-W17,Tue,page_view,product,/integrations,organic,none,mobile,US,team,user_0149,session_0149_1,0
evt_000929,2026-04-21T06:53:00+00:00,2026-W17,Tue,page_view,learn,/blog/warehouse,organic,none,mobile,US,team,user_0149,session_0149_1,0
evt_000930,2026-04-21T02:02:00+00:00,2026-W17,Tue,page_view,learn,/docs/getting-started,google,spring_search,mobile,DE,free,user_0150,session_0150_0,0
evt_000931,2026-04-21T02:02:38+00:00,2026-W17,Tue,page_view,marketing,/,google,spring_search,mobile,DE,free,user_0150,session_0150_0,0
evt_000932,2026-04-21T02:03:52+00:00,2026-W17,Tue,page_view,learn,/blog/warehouse,google,spring_search,mobile,DE,free,user_0150,session_0150_0,0
evt_000933,2026-04-10T21:45:00+00:00,2026-W15,Fri,page_view,marketing,/,google,spring_search,mobile,CA,team,user_0151,session_0151_0,0
evt_000934,2026-04-10T21:47:40+00:00,2026-W15,Fri,page_view,marketing,/,google,spring_search,mobile,CA,team,user_0151,session_0151_0,0
evt_000935,2026-04-10T21:50:44+00:00,2026-W15,Fri,page_view,learn,/blog/warehouse,google,spring_search,mobile,CA,team,user_0151,session_0151_0,0
evt_000936,2026-04-10T21:51:59+00:00,2026-W15,Fri,page_view,marketing,/pricing,google,spring_search,mobile,CA,team,user_0151,session_0151_0,0
evt_000937,2026-04-10T21:55:51+00:00,2026-W15,Fri,page_view,marketing,/pricing,google,spring_search,mobile,CA,team,user_0151,session_0151_0,0
evt_000938,2026-04-10T21:59:31+00:00,2026-W15,Fri,signup_started,account,/signup,google,spring_search,mobile,CA,team,user_0151,session_0151_0,0
evt_000939,2026-04-16T10:51:00+00:00,2026-W16,Thu,page_view,marketing,/pricing,google,spring_search,mobile,CA,team,user_0151,session_0151_1,0
evt_000940,2026-04-16T10:51:34+00:00,2026-W16,Thu,page_view,learn,/blog/warehouse,google,spring_search,mobile,CA,team,user_0151,session_0151_1,0
evt_000941,2026-04-16T10:52:23+00:00,2026-W16,Thu,page_view,learn,/docs/getting-started,google,spring_search,mobile,CA,team,user_0151,session_0151_1,0
evt_000942,2026-04-16T10:55:07+00:00,2026-W16,Thu,page_view,marketing,/,google,spring_search,mobile,CA,team,user_0151,session_0151_1,0
evt_000943,2026-04-16T10:55:49+00:00,2026-W16,Thu,page_view,marketing,/,google,spring_search,mobile,CA,team,user_0151,session_0151_1,0
evt_000944,2026-04-16T10:58:03+00:00,2026-W16,Thu,signup_completed,account,/signup,google,spring_search,mobile,CA,team,user_0151,session_0151_1,249
evt_000945,2026-04-11T23:25:00+00:00,2026-W15,Sat,page_view,learn,/docs/getting-started,google,spring_search,mobile,CA,free,user_0152,session_0152_0,0
evt_000946,2026-04-11T23:28:13+00:00,2026-W15,Sat,page_view,product,/integrations,google,spring_search,mobile,CA,free,user_0152,session_0152_0,0
evt_000947,2026-04-11T23:29:23+00:00,2026-W15,Sat,page_view,learn,/docs/getting-started,google,spring_search,mobile,CA,free,user_0152,session_0152_0,0
evt_000948,2026-04-11T23:31:01+00:00,2026-W15,Sat,page_view,marketing,/,google,spring_search,mobile,CA,free,user_0152,session_0152_0,0
evt_000949,2026-04-11T01:03:00+00:00,2026-W15,Sat,page_view,learn,/docs/getting-started,organic,none,desktop,AU,free,user_0153,session_0153_0,0
evt_000950,2026-04-11T01:05:37+00:00,2026-W15,Sat,page_view,learn,/docs/getting-started,organic,none,desktop,AU,free,user_0153,session_0153_0,0
evt_000951,2026-04-11T01:06:55+00:00,2026-W15,Sat,page_view,marketing,/,organic,none,desktop,AU,free,user_0153,session_0153_0,0
evt_000952,2026-04-11T01:07:36+00:00,2026-W15,Sat,page_view,learn,/docs/getting-started,organic,none,desktop,AU,free,user_0153,session_0153_0,0
evt_000953,2026-04-11T01:08:26+00:00,2026-W15,Sat,page_view,marketing,/,organic,none,desktop,AU,free,user_0153,session_0153_0,0
evt_000954,2026-04-26T02:52:00+00:00,2026-W17,Sun,page_view,product,/integrations,newsletter,april_launch,tablet,GB,free,user_0154,session_0154_0,0
evt_000955,2026-04-26T02:55:43+00:00,2026-W17,Sun,page_view,marketing,/,newsletter,april_launch,tablet,GB,free,user_0154,session_0154_0,0
evt_000956,2026-04-26T02:56:14+00:00,2026-W17,Sun,page_view,marketing,/,newsletter,april_launch,tablet,GB,free,user_0154,session_0154_0,0
evt_000957,2026-04-26T02:59:14+00:00,2026-W17,Sun,page_view,product,/product,newsletter,april_launch,tablet,GB,free,user_0154,session_0154_0,0
evt_000958,2026-04-26T03:00:01+00:00,2026-W17,Sun,page_view,marketing,/,newsletter,april_launch,tablet,GB,free,user_0154,session_0154_0,0
evt_000959,2026-04-26T03:03:52+00:00,2026-W17,Sun,page_view,learn,/docs/getting-started,newsletter,april_launch,tablet,GB,free,user_0154,session_0154_0,0
evt_000960,2026-04-18T16:56:00+00:00,2026-W16,Sat,page_view,marketing,/pricing,organic,none,tablet,US,free,user_0155,session_0155_0,0
evt_000961,2026-04-18T16:58:04+00:00,2026-W16,Sat,page_view,marketing,/,organic,none,tablet,US,free,user_0155,session_0155_0,0
evt_000962,2026-04-15T17:01:00+00:00,2026-W16,Wed,page_view,learn,/blog/warehouse,organic,none,desktop,GB,free,user_0156,session_0156_0,0
evt_000963,2026-04-15T17:03:17+00:00,2026-W16,Wed,page_view,marketing,/,organic,none,desktop,GB,free,user_0156,session_0156_0,0
evt_000964,2026-04-15T17:04:43+00:00,2026-W16,Wed,page_view,marketing,/pricing,organic,none,desktop,GB,free,user_0156,session_0156_0,0
evt_000965,2026-04-15T17:06:45+00:00,2026-W16,Wed,page_view,marketing,/,organic,none,desktop,GB,free,user_0156,session_0156_0,0
evt_000966,2026-04-15T17:10:24+00:00,2026-W16,Wed,page_view,product,/product,organic,none,desktop,GB,free,user_0156,session_0156_0,0
evt_000967,2026-04-21T11:44:00+00:00,2026-W17,Tue,page_view,product,/product,google,spring_search,desktop,CA,pro,user_0157,session_0157_0,0
evt_000968,2026-04-21T11:45:54+00:00,2026-W17,Tue,page_view,marketing,/pricing,google,spring_search,desktop,CA,pro,user_0157,session_0157_0,0
evt_000969,2026-04-21T11:46:15+00:00,2026-W17,Tue,page_view,marketing,/pricing,google,spring_search,desktop,CA,pro,user_0157,session_0157_0,0
evt_000970,2026-04-21T11:47:26+00:00,2026-W17,Tue,page_view,marketing,/,google,spring_search,desktop,CA,pro,user_0157,session_0157_0,0
evt_000971,2026-04-21T11:51:08+00:00,2026-W17,Tue,page_view,learn,/docs/getting-started,google,spring_search,desktop,CA,pro,user_0157,session_0157_0,0
evt_000972,2026-04-21T11:51:37+00:00,2026-W17,Tue,page_view,learn,/docs/getting-started,google,spring_search,desktop,CA,pro,user_0157,session_0157_0,0
evt_000973,2026-05-02T01:54:00+00:00,2026-W18,Sat,page_view,product,/product,newsletter,april_launch,tablet,GB,free,user_0158,session_0158_0,0
evt_000974,2026-05-02T01:57:39+00:00,2026-W18,Sat,page_view,marketing,/pricing,newsletter,april_launch,tablet,GB,free,user_0158,session_0158_0,0
evt_000975,2026-05-02T02:01:28+00:00,2026-W18,Sat,page_view,learn,/blog/warehouse,newsletter,april_launch,tablet,GB,free,user_0158,session_0158_0,0
evt_000976,2026-05-02T02:02:27+00:00,2026-W18,Sat,signup_started,account,/signup,newsletter,april_launch,tablet,GB,free,user_0158,session_0158_0,0
evt_000977,2026-04-24T04:51:00+00:00,2026-W17,Fri,page_view,learn,/blog/warehouse,newsletter,april_launch,mobile,AU,free,user_0159,session_0159_0,0
evt_000978,2026-04-24T04:54:49+00:00,2026-W17,Fri,page_view,learn,/blog/warehouse,newsletter,april_launch,mobile,AU,free,user_0159,session_0159_0,0
evt_000979,2026-04-24T04:58:49+00:00,2026-W17,Fri,page_view,learn,/blog/warehouse,newsletter,april_launch,mobile,AU,free,user_0159,session_0159_0,0
evt_000980,2026-04-24T05:01:22+00:00,2026-W17,Fri,page_view,marketing,/pricing,newsletter,april_launch,mobile,AU,free,user_0159,session_0159_0,0
evt_000981,2026-04-24T05:03:42+00:00,2026-W17,Fri,page_view,marketing,/,newsletter,april_launch,mobile,AU,free,user_0159,session_0159_0,0
evt_000982,2026-04-24T05:04:11+00:00,2026-W17,Fri,page_view,marketing,/,newsletter,april_launch,mobile,AU,free,user_0159,session_0159_0,0
evt_000983,2026-04-24T05:05:22+00:00,2026-W17,Fri,signup_started,account,/signup,newsletter,april_launch,mobile,AU,free,user_0159,session_0159_0,0
evt_000984,2026-05-03T11:02:00+00:00,2026-W18,Sun,page_view,marketing,/,organic,none,mobile,GB,free,user_0160,session_0160_0,0
evt_000985,2026-05-03T11:04:45+00:00,2026-W18,Sun,page_view,learn,/docs/getting-started,organic,none,mobile,GB,free,user_0160,session_0160_0,0
evt_000986,2026-04-30T03:47:00+00:00,2026-W18,Thu,page_view,learn,/docs/getting-started,organic,none,mobile,GB,free,user_0160,session_0160_1,0
evt_000987,2026-04-30T03:47:33+00:00,2026-W18,Thu,page_view,marketing,/pricing,organic,none,mobile,GB,free,user_0160,session_0160_1,0
evt_000988,2026-04-30T03:50:37+00:00,2026-W18,Thu,page_view,marketing,/pricing,organic,none,mobile,GB,free,user_0160,session_0160_1,0
evt_000989,2026-04-30T03:51:17+00:00,2026-W18,Thu,page_view,marketing,/pricing,organic,none,mobile,GB,free,user_0160,session_0160_1,0
evt_000990,2026-04-30T03:52:54+00:00,2026-W18,Thu,page_view,marketing,/,organic,none,mobile,GB,free,user_0160,session_0160_1,0
evt_000991,2026-04-30T03:53:49+00:00,2026-W18,Thu,page_view,learn,/docs/getting-started,organic,none,mobile,GB,free,user_0160,session_0160_1,0
evt_000992,2026-04-25T12:10:00+00:00,2026-W17,Sat,page_view,product,/integrations,direct,none,mobile,GB,pro,user_0161,session_0161_0,0
evt_000993,2026-04-25T12:13:43+00:00,2026-W17,Sat,page_view,marketing,/,direct,none,mobile,GB,pro,user_0161,session_0161_0,0
evt_000994,2026-04-25T12:15:16+00:00,2026-W17,Sat,page_view,learn,/docs/getting-started,direct,none,mobile,GB,pro,user_0161,session_0161_0,0
evt_000995,2026-04-07T06:12:00+00:00,2026-W15,Tue,page_view,marketing,/pricing,organic,none,mobile,AU,free,user_0162,session_0162_0,0
evt_000996,2026-04-07T06:15:42+00:00,2026-W15,Tue,page_view,learn,/blog/warehouse,organic,none,mobile,AU,free,user_0162,session_0162_0,0
evt_000997,2026-04-07T06:16:53+00:00,2026-W15,Tue,page_view,product,/integrations,organic,none,mobile,AU,free,user_0162,session_0162_0,0
evt_000998,2026-04-07T06:17:34+00:00,2026-W15,Tue,page_view,learn,/blog/warehouse,organic,none,mobile,AU,free,user_0162,session_0162_0,0
evt_000999,2026-04-07T06:18:25+00:00,2026-W15,Tue,page_view,marketing,/pricing,organic,none,mobile,AU,free,user_0162,session_0162_0,0
evt_001000,2026-04-07T06:18:59+00:00,2026-W15,Tue,page_view,marketing,/,organic,none,mobile,AU,free,user_0162,session_0162_0,0
evt_001001,2026-04-07T06:20:35+00:00,2026-W15,Tue,signup_started,account,/signup,organic,none,mobile,AU,free,user_0162,session_0162_0,0
evt_001002,2026-04-08T11:57:00+00:00,2026-W15,Wed,page_view,learn,/docs/getting-started,organic,none,mobile,DE,free,user_0163,session_0163_0,0
evt_001003,2026-04-08T12:00:19+00:00,2026-W15,Wed,page_view,marketing,/,organic,none,mobile,DE,free,user_0163,session_0163_0,0
evt_001004,2026-04-08T12:02:12+00:00,2026-W15,Wed,page_view,product,/product,organic,none,mobile,DE,free,user_0163,session_0163_0,0
evt_001005,2026-04-08T12:04:14+00:00,2026-W15,Wed,page_view,learn,/blog/warehouse,organic,none,mobile,DE,free,user_0163,session_0163_0,0
evt_001006,2026-04-24T22:13:00+00:00,2026-W17,Fri,page_view,marketing,/,google,spring_search,desktop,AU,free,user_0164,session_0164_0,0
evt_001007,2026-04-24T22:15:10+00:00,2026-W17,Fri,page_view,marketing,/,google,spring_search,desktop,AU,free,user_0164,session_0164_0,0
evt_001008,2026-04-24T22:19:01+00:00,2026-W17,Fri,page_view,marketing,/,google,spring_search,desktop,AU,free,user_0164,session_0164_0,0
evt_001009,2026-04-24T22:19:21+00:00,2026-W17,Fri,page_view,marketing,/pricing,google,spring_search,desktop,AU,free,user_0164,session_0164_0,0
evt_001010,2026-04-24T22:20:02+00:00,2026-W17,Fri,page_view,marketing,/,google,spring_search,desktop,AU,free,user_0164,session_0164_0,0
evt_001011,2026-04-24T22:21:00+00:00,2026-W17,Fri,page_view,learn,/blog/warehouse,google,spring_search,desktop,AU,free,user_0164,session_0164_0,0
evt_001012,2026-04-24T22:21:56+00:00,2026-W17,Fri,page_view,learn,/docs/getting-started,google,spring_search,desktop,AU,free,user_0164,session_0164_0,0
evt_001013,2026-04-26T05:37:00+00:00,2026-W17,Sun,page_view,learn,/blog/warehouse,direct,none,desktop,AU,pro,user_0165,session_0165_0,0
evt_001014,2026-04-26T05:37:55+00:00,2026-W17,Sun,page_view,marketing,/,direct,none,desktop,AU,pro,user_0165,session_0165_0,0
evt_001015,2026-04-26T05:39:34+00:00,2026-W17,Sun,page_view,marketing,/,direct,none,desktop,AU,pro,user_0165,session_0165_0,0
evt_001016,2026-04-26T05:40:37+00:00,2026-W17,Sun,page_view,product,/product,direct,none,desktop,AU,pro,user_0165,session_0165_0,0
evt_001017,2026-04-26T05:43:13+00:00,2026-W17,Sun,page_view,learn,/docs/getting-started,direct,none,desktop,AU,pro,user_0165,session_0165_0,0
evt_001018,2026-04-26T05:46:34+00:00,2026-W17,Sun,page_view,product,/product,direct,none,desktop,AU,pro,user_0165,session_0165_0,0
evt_001019,2026-04-07T12:18:00+00:00,2026-W15,Tue,page_view,product,/product,organic,none,desktop,US,free,user_0166,session_0166_0,0
evt_001020,2026-04-07T12:19:30+00:00,2026-W15,Tue,page_view,learn,/docs/getting-started,organic,none,desktop,US,free,user_0166,session_0166_0,0
evt_001021,2026-04-21T03:56:00+00:00,2026-W17,Tue,page_view,learn,/docs/getting-started,linkedin,founders,desktop,US,free,user_0167,session_0167_0,0
evt_001022,2026-04-21T03:58:15+00:00,2026-W17,Tue,page_view,product,/product,linkedin,founders,desktop,US,free,user_0167,session_0167_0,0
evt_001023,2026-04-21T04:01:19+00:00,2026-W17,Tue,page_view,marketing,/pricing,linkedin,founders,desktop,US,free,user_0167,session_0167_0,0
evt_001024,2026-04-21T04:04:18+00:00,2026-W17,Tue,page_view,product,/product,linkedin,founders,desktop,US,free,user_0167,session_0167_0,0
evt_001025,2026-04-21T04:05:20+00:00,2026-W17,Tue,signup_started,account,/signup,linkedin,founders,desktop,US,free,user_0167,session_0167_0,0
evt_001026,2026-04-07T05:09:00+00:00,2026-W15,Tue,page_view,product,/integrations,organic,none,desktop,CA,free,user_0168,session_0168_0,0
evt_001027,2026-04-07T05:09:36+00:00,2026-W15,Tue,page_view,product,/integrations,organic,none,desktop,CA,free,user_0168,session_0168_0,0
evt_001028,2026-04-07T05:13:17+00:00,2026-W15,Tue,page_view,product,/product,organic,none,desktop,CA,free,user_0168,session_0168_0,0
evt_001029,2026-04-07T05:16:45+00:00,2026-W15,Tue,page_view,product,/integrations,organic,none,desktop,CA,free,user_0168,session_0168_0,0
evt_001030,2026-04-07T05:19:21+00:00,2026-W15,Tue,page_view,marketing,/,organic,none,desktop,CA,free,user_0168,session_0168_0,0
evt_001031,2026-04-07T05:21:15+00:00,2026-W15,Tue,page_view,learn,/docs/getting-started,organic,none,desktop,CA,free,user_0168,session_0168_0,0
evt_001032,2026-04-07T05:23:17+00:00,2026-W15,Tue,page_view,learn,/blog/warehouse,organic,none,desktop,CA,free,user_0168,session_0168_0,0
evt_001033,2026-04-28T01:11:00+00:00,2026-W18,Tue,page_view,product,/product,newsletter,april_launch,desktop,GB,free,user_0169,session_0169_0,0
evt_001034,2026-04-28T01:13:27+00:00,2026-W18,Tue,page_view,learn,/docs/getting-started,newsletter,april_launch,desktop,GB,free,user_0169,session_0169_0,0
evt_001035,2026-04-28T01:16:35+00:00,2026-W18,Tue,page_view,learn,/blog/warehouse,newsletter,april_launch,desktop,GB,free,user_0169,session_0169_0,0
evt_001036,2026-04-28T01:17:27+00:00,2026-W18,Tue,page_view,marketing,/,newsletter,april_launch,desktop,GB,free,user_0169,session_0169_0,0
evt_001037,2026-04-28T01:20:55+00:00,2026-W18,Tue,page_view,product,/product,newsletter,april_launch,desktop,GB,free,user_0169,session_0169_0,0
evt_001038,2026-04-28T01:21:52+00:00,2026-W18,Tue,page_view,learn,/blog/warehouse,newsletter,april_launch,desktop,GB,free,user_0169,session_0169_0,0
evt_001039,2026-04-12T04:18:00+00:00,2026-W15,Sun,page_view,product,/product,newsletter,april_launch,desktop,GB,free,user_0169,session_0169_1,0
evt_001040,2026-04-12T04:21:09+00:00,2026-W15,Sun,page_view,product,/product,newsletter,april_launch,desktop,GB,free,user_0169,session_0169_1,0
evt_001041,2026-04-08T13:14:00+00:00,2026-W15,Wed,page_view,marketing,/pricing,linkedin,founders,mobile,DE,free,user_0170,session_0170_0,0
evt_001042,2026-04-08T13:15:38+00:00,2026-W15,Wed,page_view,learn,/docs/getting-started,linkedin,founders,mobile,DE,free,user_0170,session_0170_0,0
evt_001043,2026-04-08T13:18:06+00:00,2026-W15,Wed,page_view,product,/product,linkedin,founders,mobile,DE,free,user_0170,session_0170_0,0
evt_001044,2026-04-08T13:22:04+00:00,2026-W15,Wed,page_view,marketing,/,linkedin,founders,mobile,DE,free,user_0170,session_0170_0,0
evt_001045,2026-04-08T13:25:18+00:00,2026-W15,Wed,page_view,product,/integrations,linkedin,founders,mobile,DE,free,user_0170,session_0170_0,0
evt_001046,2026-04-08T13:27:46+00:00,2026-W15,Wed,page_view,learn,/docs/getting-started,linkedin,founders,mobile,DE,free,user_0170,session_0170_0,0
evt_001047,2026-04-08T13:28:29+00:00,2026-W15,Wed,signup_completed,account,/signup,linkedin,founders,mobile,DE,free,user_0170,session_0170_0,0
evt_001048,2026-04-15T18:16:00+00:00,2026-W16,Wed,page_view,learn,/docs/getting-started,linkedin,founders,mobile,US,pro,user_0171,session_0171_0,0
evt_001049,2026-04-15T18:17:22+00:00,2026-W16,Wed,page_view,marketing,/pricing,linkedin,founders,mobile,US,pro,user_0171,session_0171_0,0
evt_001050,2026-04-15T18:19:41+00:00,2026-W16,Wed,page_view,product,/product,linkedin,founders,mobile,US,pro,user_0171,session_0171_0,0
evt_001051,2026-04-15T18:21:57+00:00,2026-W16,Wed,page_view,marketing,/,linkedin,founders,mobile,US,pro,user_0171,session_0171_0,0
evt_001052,2026-04-15T18:23:22+00:00,2026-W16,Wed,signup_started,account,/signup,linkedin,founders,mobile,US,pro,user_0171,session_0171_0,0
evt_001053,2026-04-29T16:13:00+00:00,2026-W18,Wed,page_view,learn,/blog/warehouse,linkedin,founders,desktop,CA,pro,user_0172,session_0172_0,0
evt_001054,2026-04-29T16:13:20+00:00,2026-W18,Wed,page_view,marketing,/pricing,linkedin,founders,desktop,CA,pro,user_0172,session_0172_0,0
evt_001055,2026-04-29T16:16:58+00:00,2026-W18,Wed,page_view,marketing,/pricing,linkedin,founders,desktop,CA,pro,user_0172,session_0172_0,0
evt_001056,2026-04-29T16:18:24+00:00,2026-W18,Wed,page_view,learn,/docs/getting-started,linkedin,founders,desktop,CA,pro,user_0172,session_0172_0,0
evt_001057,2026-04-16T09:11:00+00:00,2026-W16,Thu,page_view,product,/product,organic,none,mobile,GB,free,user_0173,session_0173_0,0
evt_001058,2026-04-16T09:14:00+00:00,2026-W16,Thu,page_view,marketing,/,organic,none,mobile,GB,free,user_0173,session_0173_0,0
evt_001059,2026-04-16T09:16:08+00:00,2026-W16,Thu,page_view,marketing,/,organic,none,mobile,GB,free,user_0173,session_0173_0,0
evt_001060,2026-04-16T09:19:53+00:00,2026-W16,Thu,page_view,product,/product,organic,none,mobile,GB,free,user_0173,session_0173_0,0
evt_001061,2026-04-16T09:22:12+00:00,2026-W16,Thu,page_view,learn,/docs/getting-started,organic,none,mobile,GB,free,user_0173,session_0173_0,0
evt_001062,2026-04-16T09:26:09+00:00,2026-W16,Thu,page_view,marketing,/pricing,organic,none,mobile,GB,free,user_0173,session_0173_0,0
evt_001063,2026-04-16T09:26:38+00:00,2026-W16,Thu,page_view,product,/product,organic,none,mobile,GB,free,user_0173,session_0173_0,0
evt_001064,2026-04-16T09:27:33+00:00,2026-W16,Thu,signup_started,account,/signup,organic,none,mobile,GB,free,user_0173,session_0173_0,0
evt_001065,2026-05-02T06:51:00+00:00,2026-W18,Sat,page_view,marketing,/pricing,google,spring_search,mobile,AU,pro,user_0174,session_0174_0,0
evt_001066,2026-05-02T06:53:11+00:00,2026-W18,Sat,page_view,marketing,/,google,spring_search,mobile,AU,pro,user_0174,session_0174_0,0
evt_001067,2026-04-14T12:34:00+00:00,2026-W16,Tue,page_view,product,/product,google,spring_search,mobile,AU,pro,user_0174,session_0174_1,0
evt_001068,2026-04-14T12:36:57+00:00,2026-W16,Tue,page_view,learn,/blog/warehouse,google,spring_search,mobile,AU,pro,user_0174,session_0174_1,0
evt_001069,2026-04-14T12:40:06+00:00,2026-W16,Tue,page_view,marketing,/,google,spring_search,mobile,AU,pro,user_0174,session_0174_1,0
evt_001070,2026-04-14T12:41:56+00:00,2026-W16,Tue,page_view,product,/product,google,spring_search,mobile,AU,pro,user_0174,session_0174_1,0
evt_001071,2026-04-14T12:44:05+00:00,2026-W16,Tue,page_view,marketing,/,google,spring_search,mobile,AU,pro,user_0174,session_0174_1,0
evt_001072,2026-04-28T03:05:00+00:00,2026-W18,Tue,page_view,marketing,/,google,spring_search,desktop,DE,free,user_0175,session_0175_0,0
evt_001073,2026-04-28T03:05:27+00:00,2026-W18,Tue,page_view,marketing,/,google,spring_search,desktop,DE,free,user_0175,session_0175_0,0
evt_001074,2026-04-28T03:08:08+00:00,2026-W18,Tue,page_view,learn,/docs/getting-started,google,spring_search,desktop,DE,free,user_0175,session_0175_0,0
evt_001075,2026-04-28T03:09:17+00:00,2026-W18,Tue,page_view,learn,/docs/getting-started,google,spring_search,desktop,DE,free,user_0175,session_0175_0,0
evt_001076,2026-04-27T00:18:00+00:00,2026-W18,Mon,page_view,learn,/blog/warehouse,organic,none,desktop,CA,free,user_0176,session_0176_0,0
evt_001077,2026-04-27T00:21:00+00:00,2026-W18,Mon,page_view,marketing,/,organic,none,desktop,CA,free,user_0176,session_0176_0,0
evt_001078,2026-04-27T00:24:40+00:00,2026-W18,Mon,page_view,marketing,/,organic,none,desktop,CA,free,user_0176,session_0176_0,0
evt_001079,2026-04-27T00:25:59+00:00,2026-W18,Mon,page_view,product,/integrations,organic,none,desktop,CA,free,user_0176,session_0176_0,0
evt_001080,2026-04-27T00:27:32+00:00,2026-W18,Mon,page_view,learn,/docs/getting-started,organic,none,desktop,CA,free,user_0176,session_0176_0,0
evt_001081,2026-04-15T23:06:00+00:00,2026-W16,Wed,page_view,learn,/docs/getting-started,linkedin,founders,desktop,CA,pro,user_0177,session_0177_0,0
evt_001082,2026-04-15T23:07:56+00:00,2026-W16,Wed,page_view,product,/integrations,linkedin,founders,desktop,CA,pro,user_0177,session_0177_0,0
evt_001083,2026-04-15T23:08:12+00:00,2026-W16,Wed,page_view,product,/product,linkedin,founders,desktop,CA,pro,user_0177,session_0177_0,0
evt_001084,2026-04-15T23:11:16+00:00,2026-W16,Wed,page_view,learn,/blog/warehouse,linkedin,founders,desktop,CA,pro,user_0177,session_0177_0,0
evt_001085,2026-04-15T23:15:05+00:00,2026-W16,Wed,page_view,marketing,/pricing,linkedin,founders,desktop,CA,pro,user_0177,session_0177_0,0
evt_001086,2026-04-15T23:18:05+00:00,2026-W16,Wed,page_view,product,/integrations,linkedin,founders,desktop,CA,pro,user_0177,session_0177_0,0
evt_001087,2026-04-15T23:19:32+00:00,2026-W16,Wed,signup_completed,account,/signup,linkedin,founders,desktop,CA,pro,user_0177,session_0177_0,99
evt_001088,2026-04-26T10:11:00+00:00,2026-W17,Sun,page_view,marketing,/,organic,none,tablet,DE,pro,user_0178,session_0178_0,0
evt_001089,2026-04-26T10:14:30+00:00,2026-W17,Sun,page_view,marketing,/pricing,organic,none,tablet,DE,pro,user_0178,session_0178_0,0
evt_001090,2026-04-26T10:14:59+00:00,2026-W17,Sun,page_view,learn,/docs/getting-started,organic,none,tablet,DE,pro,user_0178,session_0178_0,0
evt_001091,2026-04-14T14:17:00+00:00,2026-W16,Tue,page_view,marketing,/pricing,google,spring_search,desktop,GB,pro,user_0179,session_0179_0,0
evt_001092,2026-04-14T14:17:24+00:00,2026-W16,Tue,page_view,product,/integrations,google,spring_search,desktop,GB,pro,user_0179,session_0179_0,0
evt_001093,2026-04-14T14:20:05+00:00,2026-W16,Tue,page_view,learn,/docs/getting-started,google,spring_search,desktop,GB,pro,user_0179,session_0179_0,0
evt_001094,2026-04-14T14:21:47+00:00,2026-W16,Tue,page_view,learn,/docs/getting-started,google,spring_search,desktop,GB,pro,user_0179,session_0179_0,0
evt_001095,2026-04-14T14:22:58+00:00,2026-W16,Tue,page_view,product,/integrations,google,spring_search,desktop,GB,pro,user_0179,session_0179_0,0
evt_001096,2026-04-23T06:10:00+00:00,2026-W17,Thu,page_view,marketing,/,direct,none,mobile,AU,free,user_0180,session_0180_0,0
evt_001097,2026-04-23T06:10:47+00:00,2026-W17,Thu,page_view,learn,/docs/getting-started,direct,none,mobile,AU,free,user_0180,session_0180_0,0
evt_001098,2026-04-23T06:14:07+00:00,2026-W17,Thu,page_view,learn,/docs/getting-started,direct,none,mobile,AU,free,user_0180,session_0180_0,0
evt_001099,2026-04-23T06:17:37+00:00,2026-W17,Thu,page_view,learn,/blog/warehouse,direct,none,mobile,AU,free,user_0180,session_0180_0,0
evt_001100,2026-04-16T22:20:00+00:00,2026-W16,Thu,page_view,marketing,/,direct,none,mobile,AU,free,user_0180,session_0180_1,0
evt_001101,2026-04-16T22:21:12+00:00,2026-W16,Thu,page_view,learn,/docs/getting-started,direct,none,mobile,AU,free,user_0180,session_0180_1,0
evt_001102,2026-04-21T01:49:00+00:00,2026-W17,Tue,page_view,product,/integrations,google,spring_search,mobile,DE,free,user_0181,session_0181_0,0
evt_001103,2026-04-21T01:51:53+00:00,2026-W17,Tue,page_view,marketing,/,google,spring_search,mobile,DE,free,user_0181,session_0181_0,0
evt_001104,2026-04-21T01:52:57+00:00,2026-W17,Tue,page_view,product,/product,google,spring_search,mobile,DE,free,user_0181,session_0181_0,0
evt_001105,2026-04-21T01:56:54+00:00,2026-W17,Tue,page_view,product,/integrations,google,spring_search,mobile,DE,free,user_0181,session_0181_0,0
evt_001106,2026-04-21T01:59:24+00:00,2026-W17,Tue,page_view,marketing,/pricing,google,spring_search,mobile,DE,free,user_0181,session_0181_0,0
evt_001107,2026-04-21T01:59:52+00:00,2026-W17,Tue,page_view,learn,/docs/getting-started,google,spring_search,mobile,DE,free,user_0181,session_0181_0,0
evt_001108,2026-04-21T02:00:45+00:00,2026-W17,Tue,page_view,marketing,/,google,spring_search,mobile,DE,free,user_0181,session_0181_0,0
evt_001109,2026-04-21T02:01:51+00:00,2026-W17,Tue,signup_started,account,/signup,google,spring_search,mobile,DE,free,user_0181,session_0181_0,0
evt_001110,2026-04-21T11:21:00+00:00,2026-W17,Tue,page_view,learn,/blog/warehouse,newsletter,april_launch,tablet,GB,free,user_0182,session_0182_0,0
evt_001111,2026-04-21T11:22:35+00:00,2026-W17,Tue,page_view,product,/integrations,newsletter,april_launch,tablet,GB,free,user_0182,session_0182_0,0
evt_001112,2026-04-21T11:22:51+00:00,2026-W17,Tue,page_view,product,/product,newsletter,april_launch,tablet,GB,free,user_0182,session_0182_0,0
evt_001113,2026-04-21T11:23:59+00:00,2026-W17,Tue,page_view,learn,/docs/getting-started,newsletter,april_launch,tablet,GB,free,user_0182,session_0182_0,0
evt_001114,2026-04-21T11:24:57+00:00,2026-W17,Tue,page_view,product,/product,newsletter,april_launch,tablet,GB,free,user_0182,session_0182_0,0
evt_001115,2026-04-21T11:25:52+00:00,2026-W17,Tue,page_view,product,/product,newsletter,april_launch,tablet,GB,free,user_0182,session_0182_0,0
evt_001116,2026-04-21T11:29:22+00:00,2026-W17,Tue,page_view,learn,/docs/getting-started,newsletter,april_launch,tablet,GB,free,user_0182,session_0182_0,0
evt_001117,2026-04-23T06:48:00+00:00,2026-W17,Thu,page_view,marketing,/pricing,linkedin,founders,mobile,CA,free,user_0183,session_0183_0,0
evt_001118,2026-04-23T06:48:18+00:00,2026-W17,Thu,page_view,learn,/blog/warehouse,linkedin,founders,mobile,CA,free,user_0183,session_0183_0,0
evt_001119,2026-04-23T06:51:46+00:00,2026-W17,Thu,page_view,learn,/docs/getting-started,linkedin,founders,mobile,CA,free,user_0183,session_0183_0,0
evt_001120,2026-04-23T06:52:49+00:00,2026-W17,Thu,page_view,marketing,/,linkedin,founders,mobile,CA,free,user_0183,session_0183_0,0
evt_001121,2026-04-23T06:53:05+00:00,2026-W17,Thu,page_view,product,/integrations,linkedin,founders,mobile,CA,free,user_0183,session_0183_0,0
evt_001122,2026-04-23T06:54:23+00:00,2026-W17,Thu,page_view,marketing,/,linkedin,founders,mobile,CA,free,user_0183,session_0183_0,0
evt_001123,2026-04-23T06:58:22+00:00,2026-W17,Thu,page_view,marketing,/pricing,linkedin,founders,mobile,CA,free,user_0183,session_0183_0,0
evt_001124,2026-04-23T06:59:10+00:00,2026-W17,Thu,signup_started,account,/signup,linkedin,founders,mobile,CA,free,user_0183,session_0183_0,0
evt_001125,2026-04-15T05:42:00+00:00,2026-W16,Wed,page_view,learn,/docs/getting-started,linkedin,founders,mobile,CA,free,user_0183,session_0183_1,0
evt_001126,2026-04-15T05:43:31+00:00,2026-W16,Wed,page_view,learn,/blog/warehouse,linkedin,founders,mobile,CA,free,user_0183,session_0183_1,0
evt_001127,2026-04-21T12:15:00+00:00,2026-W17,Tue,page_view,marketing,/,linkedin,founders,mobile,DE,free,user_0184,session_0184_0,0
evt_001128,2026-04-21T12:18:42+00:00,2026-W17,Tue,page_view,product,/product,linkedin,founders,mobile,DE,free,user_0184,session_0184_0,0
evt_001129,2026-04-21T12:19:55+00:00,2026-W17,Tue,page_view,marketing,/,linkedin,founders,mobile,DE,free,user_0184,session_0184_0,0
evt_001130,2026-04-07T12:48:00+00:00,2026-W15,Tue,page_view,marketing,/pricing,organic,none,desktop,AU,free,user_0185,session_0185_0,0
evt_001131,2026-04-07T12:50:31+00:00,2026-W15,Tue,page_view,product,/integrations,organic,none,desktop,AU,free,user_0185,session_0185_0,0
evt_001132,2026-04-07T12:53:18+00:00,2026-W15,Tue,page_view,learn,/blog/warehouse,organic,none,desktop,AU,free,user_0185,session_0185_0,0
evt_001133,2026-04-07T12:56:22+00:00,2026-W15,Tue,page_view,marketing,/,organic,none,desktop,AU,free,user_0185,session_0185_0,0
evt_001134,2026-04-07T13:00:11+00:00,2026-W15,Tue,page_view,marketing,/,organic,none,desktop,AU,free,user_0185,session_0185_0,0
evt_001135,2026-04-07T13:03:22+00:00,2026-W15,Tue,page_view,marketing,/,organic,none,desktop,AU,free,user_0185,session_0185_0,0
evt_001136,2026-04-07T13:05:30+00:00,2026-W15,Tue,page_view,marketing,/pricing,organic,none,desktop,AU,free,user_0185,session_0185_0,0
evt_001137,2026-04-07T13:08:05+00:00,2026-W15,Tue,signup_started,account,/signup,organic,none,desktop,AU,free,user_0185,session_0185_0,0
evt_001138,2026-04-14T21:15:00+00:00,2026-W16,Tue,page_view,learn,/docs/getting-started,organic,none,mobile,US,free,user_0186,session_0186_0,0
evt_001139,2026-04-14T21:17:02+00:00,2026-W16,Tue,page_view,learn,/docs/getting-started,organic,none,mobile,US,free,user_0186,session_0186_0,0
evt_001140,2026-04-14T21:17:43+00:00,2026-W16,Tue,page_view,product,/product,organic,none,mobile,US,free,user_0186,session_0186_0,0
evt_001141,2026-04-14T21:20:36+00:00,2026-W16,Tue,page_view,marketing,/,organic,none,mobile,US,free,user_0186,session_0186_0,0
evt_001142,2026-04-14T21:21:20+00:00,2026-W16,Tue,page_view,learn,/docs/getting-started,organic,none,mobile,US,free,user_0186,session_0186_0,0
evt_001143,2026-04-14T21:23:42+00:00,2026-W16,Tue,page_view,marketing,/,organic,none,mobile,US,free,user_0186,session_0186_0,0
evt_001144,2026-04-23T16:56:00+00:00,2026-W17,Thu,page_view,product,/integrations,newsletter,april_launch,mobile,GB,free,user_0187,session_0187_0,0
evt_001145,2026-04-23T16:58:18+00:00,2026-W17,Thu,page_view,marketing,/pricing,newsletter,april_launch,mobile,GB,free,user_0187,session_0187_0,0
evt_001146,2026-04-23T16:58:33+00:00,2026-W17,Thu,page_view,marketing,/,newsletter,april_launch,mobile,GB,free,user_0187,session_0187_0,0
evt_001147,2026-04-29T03:27:00+00:00,2026-W18,Wed,page_view,product,/integrations,newsletter,april_launch,mobile,GB,team,user_0188,session_0188_0,0
evt_001148,2026-04-29T03:29:11+00:00,2026-W18,Wed,page_view,learn,/blog/warehouse,newsletter,april_launch,mobile,GB,team,user_0188,session_0188_0,0
evt_001149,2026-04-29T03:30:41+00:00,2026-W18,Wed,page_view,marketing,/pricing,newsletter,april_launch,mobile,GB,team,user_0188,session_0188_0,0
evt_001150,2026-04-29T03:31:08+00:00,2026-W18,Wed,page_view,marketing,/,newsletter,april_launch,mobile,GB,team,user_0188,session_0188_0,0
evt_001151,2026-04-07T00:19:00+00:00,2026-W15,Tue,page_view,product,/integrations,newsletter,april_launch,desktop,DE,free,user_0189,session_0189_0,0
evt_001152,2026-04-07T00:19:58+00:00,2026-W15,Tue,page_view,marketing,/pricing,newsletter,april_launch,desktop,DE,free,user_0189,session_0189_0,0
evt_001153,2026-04-07T00:22:05+00:00,2026-W15,Tue,page_view,learn,/blog/warehouse,newsletter,april_launch,desktop,DE,free,user_0189,session_0189_0,0
evt_001154,2026-04-08T12:43:00+00:00,2026-W15,Wed,page_view,marketing,/,newsletter,april_launch,desktop,DE,free,user_0189,session_0189_1,0
evt_001155,2026-04-08T12:44:57+00:00,2026-W15,Wed,page_view,product,/product,newsletter,april_launch,desktop,DE,free,user_0189,session_0189_1,0
evt_001156,2026-04-08T12:47:08+00:00,2026-W15,Wed,page_view,marketing,/pricing,newsletter,april_launch,desktop,DE,free,user_0189,session_0189_1,0
evt_001157,2026-04-08T12:49:01+00:00,2026-W15,Wed,page_view,product,/integrations,newsletter,april_launch,desktop,DE,free,user_0189,session_0189_1,0
evt_001158,2026-05-03T05:26:00+00:00,2026-W18,Sun,page_view,product,/product,linkedin,founders,mobile,US,free,user_0190,session_0190_0,0
evt_001159,2026-05-03T05:28:46+00:00,2026-W18,Sun,page_view,product,/product,linkedin,founders,mobile,US,free,user_0190,session_0190_0,0
evt_001160,2026-05-02T04:27:00+00:00,2026-W18,Sat,page_view,learn,/blog/warehouse,linkedin,founders,desktop,CA,pro,user_0191,session_0191_0,0
evt_001161,2026-05-02T04:27:43+00:00,2026-W18,Sat,page_view,learn,/blog/warehouse,linkedin,founders,desktop,CA,pro,user_0191,session_0191_0,0
evt_001162,2026-05-02T04:29:50+00:00,2026-W18,Sat,page_view,marketing,/,linkedin,founders,desktop,CA,pro,user_0191,session_0191_0,0
evt_001163,2026-05-02T04:31:11+00:00,2026-W18,Sat,page_view,product,/integrations,linkedin,founders,desktop,CA,pro,user_0191,session_0191_0,0
evt_001164,2026-05-02T04:31:29+00:00,2026-W18,Sat,page_view,learn,/docs/getting-started,linkedin,founders,desktop,CA,pro,user_0191,session_0191_0,0
evt_001165,2026-04-22T17:51:00+00:00,2026-W17,Wed,page_view,learn,/docs/getting-started,google,spring_search,mobile,AU,free,user_0192,session_0192_0,0
evt_001166,2026-04-22T17:51:39+00:00,2026-W17,Wed,page_view,product,/product,google,spring_search,mobile,AU,free,user_0192,session_0192_0,0
evt_001167,2026-04-22T17:55:00+00:00,2026-W17,Wed,page_view,marketing,/pricing,google,spring_search,mobile,AU,free,user_0192,session_0192_0,0
evt_001168,2026-04-22T17:56:43+00:00,2026-W17,Wed,page_view,product,/integrations,google,spring_search,mobile,AU,free,user_0192,session_0192_0,0
evt_001169,2026-04-22T17:59:42+00:00,2026-W17,Wed,page_view,marketing,/pricing,google,spring_search,mobile,AU,free,user_0192,session_0192_0,0
evt_001170,2026-04-22T18:03:31+00:00,2026-W17,Wed,page_view,learn,/docs/getting-started,google,spring_search,mobile,AU,free,user_0192,session_0192_0,0
evt_001171,2026-04-22T18:06:22+00:00,2026-W17,Wed,page_view,marketing,/,google,spring_search,mobile,AU,free,user_0192,session_0192_0,0
evt_001172,2026-04-13T11:17:00+00:00,2026-W16,Mon,page_view,marketing,/,google,spring_search,desktop,CA,pro,user_0193,session_0193_0,0
evt_001173,2026-04-13T11:18:12+00:00,2026-W16,Mon,page_view,product,/product,google,spring_search,desktop,CA,pro,user_0193,session_0193_0,0
evt_001174,2026-04-13T11:20:03+00:00,2026-W16,Mon,page_view,product,/product,google,spring_search,desktop,CA,pro,user_0193,session_0193_0,0
evt_001175,2026-04-13T11:21:18+00:00,2026-W16,Mon,page_view,marketing,/,google,spring_search,desktop,CA,pro,user_0193,session_0193_0,0
evt_001176,2026-05-01T19:33:00+00:00,2026-W18,Fri,page_view,marketing,/,google,spring_search,desktop,CA,pro,user_0193,session_0193_1,0
evt_001177,2026-05-01T19:35:22+00:00,2026-W18,Fri,page_view,product,/product,google,spring_search,desktop,CA,pro,user_0193,session_0193_1,0
evt_001178,2026-05-01T19:36:07+00:00,2026-W18,Fri,page_view,learn,/blog/warehouse,google,spring_search,desktop,CA,pro,user_0193,session_0193_1,0
evt_001179,2026-05-01T19:39:32+00:00,2026-W18,Fri,page_view,product,/integrations,google,spring_search,desktop,CA,pro,user_0193,session_0193_1,0
evt_001180,2026-05-01T19:40:13+00:00,2026-W18,Fri,page_view,product,/product,google,spring_search,desktop,CA,pro,user_0193,session_0193_1,0
evt_001181,2026-04-22T19:11:00+00:00,2026-W17,Wed,page_view,product,/integrations,google,spring_search,desktop,US,pro,user_0194,session_0194_0,0
evt_001182,2026-04-22T19:13:11+00:00,2026-W17,Wed,page_view,learn,/blog/warehouse,google,spring_search,desktop,US,pro,user_0194,session_0194_0,0
evt_001183,2026-04-22T19:14:59+00:00,2026-W17,Wed,page_view,learn,/docs/getting-started,google,spring_search,desktop,US,pro,user_0194,session_0194_0,0
evt_001184,2026-04-17T15:26:00+00:00,2026-W16,Fri,page_view,marketing,/,organic,none,desktop,AU,pro,user_0195,session_0195_0,0
evt_001185,2026-04-17T15:29:03+00:00,2026-W16,Fri,page_view,marketing,/,organic,none,desktop,AU,pro,user_0195,session_0195_0,0
evt_001186,2026-04-11T16:48:00+00:00,2026-W15,Sat,page_view,learn,/docs/getting-started,google,spring_search,mobile,DE,free,user_0196,session_0196_0,0
evt_001187,2026-04-11T16:51:25+00:00,2026-W15,Sat,page_view,learn,/docs/getting-started,google,spring_search,mobile,DE,free,user_0196,session_0196_0,0
evt_001188,2026-04-11T16:52:07+00:00,2026-W15,Sat,page_view,marketing,/pricing,google,spring_search,mobile,DE,free,user_0196,session_0196_0,0
evt_001189,2026-04-11T16:53:12+00:00,2026-W15,Sat,signup_started,account,/signup,google,spring_search,mobile,DE,free,user_0196,session_0196_0,0
evt_001190,2026-04-26T22:56:00+00:00,2026-W17,Sun,page_view,marketing,/,google,spring_search,desktop,GB,pro,user_0197,session_0197_0,0
evt_001191,2026-04-26T22:58:10+00:00,2026-W17,Sun,page_view,product,/product,google,spring_search,desktop,GB,pro,user_0197,session_0197_0,0
evt_001192,2026-04-26T23:00:55+00:00,2026-W17,Sun,page_view,learn,/blog/warehouse,google,spring_search,desktop,GB,pro,user_0197,session_0197_0,0
evt_001193,2026-04-26T23:01:44+00:00,2026-W17,Sun,page_view,learn,/blog/warehouse,google,spring_search,desktop,GB,pro,user_0197,session_0197_0,0
evt_001194,2026-04-26T23:02:00+00:00,2026-W17,Sun,page_view,product,/product,google,spring_search,desktop,GB,pro,user_0197,session_0197_0,0
evt_001195,2026-04-26T23:02:27+00:00,2026-W17,Sun,page_view,product,/product,google,spring_search,desktop,GB,pro,user_0197,session_0197_0,0
evt_001196,2026-05-02T19:58:00+00:00,2026-W18,Sat,page_view,learn,/blog/warehouse,google,spring_search,desktop,GB,pro,user_0197,session_0197_1,0
evt_001197,2026-05-02T20:01:34+00:00,2026-W18,Sat,page_view,learn,/blog/warehouse,google,spring_search,desktop,GB,pro,user_0197,session_0197_1,0
evt_001198,2026-05-02T20:02:34+00:00,2026-W18,Sat,page_view,product,/integrations,google,spring_search,desktop,GB,pro,user_0197,session_0197_1,0
evt_001199,2026-05-02T20:03:33+00:00,2026-W18,Sat,page_view,learn,/docs/getting-started,google,spring_search,desktop,GB,pro,user_0197,session_0197_1,0
evt_001200,2026-05-02T20:04:20+00:00,2026-W18,Sat,page_view,marketing,/,google,spring_search,desktop,GB,pro,user_0197,session_0197_1,0
evt_001201,2026-04-28T08:28:00+00:00,2026-W18,Tue,page_view,marketing,/pricing,linkedin,founders,mobile,AU,pro,user_0198,session_0198_0,0
evt_001202,2026-04-28T08:29:42+00:00,2026-W18,Tue,page_view,learn,/blog/warehouse,linkedin,founders,mobile,AU,pro,user_0198,session_0198_0,0
evt_001203,2026-04-28T08:31:52+00:00,2026-W18,Tue,page_view,learn,/docs/getting-started,linkedin,founders,mobile,AU,pro,user_0198,session_0198_0,0
evt_001204,2026-04-28T08:32:42+00:00,2026-W18,Tue,page_view,product,/product,linkedin,founders,mobile,AU,pro,user_0198,session_0198_0,0
evt_001205,2026-04-26T07:25:00+00:00,2026-W17,Sun,page_view,marketing,/,google,spring_search,mobile,AU,pro,user_0199,session_0199_0,0
evt_001206,2026-04-26T07:28:17+00:00,2026-W17,Sun,page_view,marketing,/pricing,google,spring_search,mobile,AU,pro,user_0199,session_0199_0,0
evt_001207,2026-04-26T07:30:00+00:00,2026-W17,Sun,page_view,learn,/blog/warehouse,google,spring_search,mobile,AU,pro,user_0199,session_0199_0,0
evt_001208,2026-04-30T12:01:00+00:00,2026-W18,Thu,page_view,product,/product,linkedin,founders,tablet,AU,free,user_0200,session_0200_0,0
evt_001209,2026-04-30T12:03:41+00:00,2026-W18,Thu,page_view,learn,/blog/warehouse,linkedin,founders,tablet,AU,free,user_0200,session_0200_0,0
evt_001210,2026-04-30T12:06:57+00:00,2026-W18,Thu,page_view,product,/product,linkedin,founders,tablet,AU,free,user_0200,session_0200_0,0
evt_001211,2026-04-30T12:10:23+00:00,2026-W18,Thu,page_view,learn,/blog/warehouse,linkedin,founders,tablet,AU,free,user_0200,session_0200_0,0
evt_001212,2026-04-30T12:12:54+00:00,2026-W18,Thu,page_view,marketing,/pricing,linkedin,founders,tablet,AU,free,user_0200,session_0200_0,0
evt_001213,2026-04-30T12:16:45+00:00,2026-W18,Thu,page_view,product,/product,linkedin,founders,tablet,AU,free,user_0200,session_0200_0,0
evt_001214,2026-04-15T23:19:00+00:00,2026-W16,Wed,page_view,marketing,/,organic,none,desktop,US,free,user_0201,session_0201_0,0
evt_001215,2026-04-15T23:19:30+00:00,2026-W16,Wed,page_view,product,/integrations,organic,none,desktop,US,free,user_0201,session_0201_0,0
evt_001216,2026-04-15T23:21:00+00:00,2026-W16,Wed,page_view,marketing,/,organic,none,desktop,US,free,user_0201,session_0201_0,0
evt_001217,2026-04-15T23:23:33+00:00,2026-W16,Wed,page_view,marketing,/,organic,none,desktop,US,free,user_0201,session_0201_0,0
evt_001218,2026-04-13T17:26:00+00:00,2026-W16,Mon,page_view,marketing,/pricing,google,spring_search,mobile,AU,pro,user_0202,session_0202_0,0
evt_001219,2026-04-13T17:29:05+00:00,2026-W16,Mon,page_view,marketing,/,google,spring_search,mobile,AU,pro,user_0202,session_0202_0,0
evt_001220,2026-04-13T17:30:57+00:00,2026-W16,Mon,page_view,marketing,/pricing,google,spring_search,mobile,AU,pro,user_0202,session_0202_0,0
evt_001221,2026-04-13T17:34:33+00:00,2026-W16,Mon,page_view,learn,/blog/warehouse,google,spring_search,mobile,AU,pro,user_0202,session_0202_0,0
evt_001222,2026-04-13T17:36:08+00:00,2026-W16,Mon,page_view,learn,/blog/warehouse,google,spring_search,mobile,AU,pro,user_0202,session_0202_0,0
evt_001223,2026-04-13T17:36:36+00:00,2026-W16,Mon,page_view,marketing,/,google,spring_search,mobile,AU,pro,user_0202,session_0202_0,0
evt_001224,2026-04-13T17:37:55+00:00,2026-W16,Mon,page_view,marketing,/,google,spring_search,mobile,AU,pro,user_0202,session_0202_0,0
evt_001225,2026-04-30T06:36:00+00:00,2026-W18,Thu,page_view,product,/product,newsletter,april_launch,mobile,DE,pro,user_0203,session_0203_0,0
evt_001226,2026-04-30T06:39:09+00:00,2026-W18,Thu,page_view,marketing,/,newsletter,april_launch,mobile,DE,pro,user_0203,session_0203_0,0
evt_001227,2026-04-30T06:40:08+00:00,2026-W18,Thu,page_view,learn,/docs/getting-started,newsletter,april_launch,mobile,DE,pro,user_0203,session_0203_0,0
evt_001228,2026-04-30T06:40:53+00:00,2026-W18,Thu,page_view,marketing,/pricing,newsletter,april_launch,mobile,DE,pro,user_0203,session_0203_0,0
evt_001229,2026-04-30T06:42:57+00:00,2026-W18,Thu,signup_completed,account,/signup,newsletter,april_launch,mobile,DE,pro,user_0203,session_0203_0,99
evt_001230,2026-04-10T11:00:00+00:00,2026-W15,Fri,page_view,marketing,/,organic,none,mobile,US,free,user_0204,session_0204_0,0
evt_001231,2026-04-10T11:02:55+00:00,2026-W15,Fri,page_view,product,/integrations,organic,none,mobile,US,free,user_0204,session_0204_0,0
evt_001232,2026-04-10T11:05:59+00:00,2026-W15,Fri,page_view,marketing,/pricing,organic,none,mobile,US,free,user_0204,session_0204_0,0
evt_001233,2026-04-10T11:09:36+00:00,2026-W15,Fri,page_view,product,/product,organic,none,mobile,US,free,user_0204,session_0204_0,0
evt_001234,2026-04-10T11:11:22+00:00,2026-W15,Fri,page_view,marketing,/,organic,none,mobile,US,free,user_0204,session_0204_0,0
evt_001235,2026-04-10T11:14:38+00:00,2026-W15,Fri,page_view,marketing,/pricing,organic,none,mobile,US,free,user_0204,session_0204_0,0
evt_001236,2026-04-13T07:16:00+00:00,2026-W16,Mon,page_view,marketing,/pricing,google,spring_search,mobile,GB,free,user_0205,session_0205_0,0
evt_001237,2026-04-13T07:17:47+00:00,2026-W16,Mon,page_view,marketing,/pricing,google,spring_search,mobile,GB,free,user_0205,session_0205_0,0
evt_001238,2026-04-13T07:21:14+00:00,2026-W16,Mon,page_view,product,/integrations,google,spring_search,mobile,GB,free,user_0205,session_0205_0,0
evt_001239,2026-04-13T07:23:30+00:00,2026-W16,Mon,page_view,learn,/blog/warehouse,google,spring_search,mobile,GB,free,user_0205,session_0205_0,0
evt_001240,2026-04-13T07:27:15+00:00,2026-W16,Mon,page_view,learn,/docs/getting-started,google,spring_search,mobile,GB,free,user_0205,session_0205_0,0
evt_001241,2026-04-13T07:30:16+00:00,2026-W16,Mon,page_view,marketing,/,google,spring_search,mobile,GB,free,user_0205,session_0205_0,0
evt_001242,2026-04-13T07:33:22+00:00,2026-W16,Mon,page_view,marketing,/pricing,google,spring_search,mobile,GB,free,user_0205,session_0205_0,0
evt_001243,2026-04-09T13:10:00+00:00,2026-W15,Thu,page_view,product,/product,linkedin,founders,mobile,US,pro,user_0206,session_0206_0,0
evt_001244,2026-04-09T13:11:27+00:00,2026-W15,Thu,page_view,marketing,/,linkedin,founders,mobile,US,pro,user_0206,session_0206_0,0
evt_001245,2026-04-09T13:13:54+00:00,2026-W15,Thu,page_view,learn,/docs/getting-started,linkedin,founders,mobile,US,pro,user_0206,session_0206_0,0
evt_001246,2026-04-09T13:15:44+00:00,2026-W15,Thu,page_view,product,/product,linkedin,founders,mobile,US,pro,user_0206,session_0206_0,0
evt_001247,2026-04-30T18:21:00+00:00,2026-W18,Thu,page_view,marketing,/,google,spring_search,desktop,GB,free,user_0207,session_0207_0,0
evt_001248,2026-04-30T18:21:31+00:00,2026-W18,Thu,page_view,marketing,/,google,spring_search,desktop,GB,free,user_0207,session_0207_0,0
evt_001249,2026-04-30T18:24:27+00:00,2026-W18,Thu,page_view,learn,/docs/getting-started,google,spring_search,desktop,GB,free,user_0207,session_0207_0,0
evt_001250,2026-04-30T18:28:23+00:00,2026-W18,Thu,page_view,product,/integrations,google,spring_search,desktop,GB,free,user_0207,session_0207_0,0
evt_001251,2026-04-30T18:32:11+00:00,2026-W18,Thu,page_view,marketing,/,google,spring_search,desktop,GB,free,user_0207,session_0207_0,0
evt_001252,2026-04-30T18:34:43+00:00,2026-W18,Thu,page_view,learn,/docs/getting-started,google,spring_search,desktop,GB,free,user_0207,session_0207_0,0
evt_001253,2026-04-29T14:51:00+00:00,2026-W18,Wed,page_view,learn,/docs/getting-started,google,spring_search,desktop,GB,free,user_0207,session_0207_1,0
evt_001254,2026-04-29T14:51:33+00:00,2026-W18,Wed,page_view,learn,/docs/getting-started,google,spring_search,desktop,GB,free,user_0207,session_0207_1,0
evt_001255,2026-04-29T14:52:27+00:00,2026-W18,Wed,page_view,marketing,/,google,spring_search,desktop,GB,free,user_0207,session_0207_1,0
evt_001256,2026-04-29T14:55:45+00:00,2026-W18,Wed,page_view,marketing,/pricing,google,spring_search,desktop,GB,free,user_0207,session_0207_1,0
evt_001257,2026-04-29T14:56:22+00:00,2026-W18,Wed,page_view,marketing,/,google,spring_search,desktop,GB,free,user_0207,session_0207_1,0
evt_001258,2026-04-29T14:57:22+00:00,2026-W18,Wed,page_view,learn,/docs/getting-started,google,spring_search,desktop,GB,free,user_0207,session_0207_1,0
evt_001259,2026-04-29T14:59:59+00:00,2026-W18,Wed,page_view,marketing,/,google,spring_search,desktop,GB,free,user_0207,session_0207_1,0
evt_001260,2026-04-29T15:03:44+00:00,2026-W18,Wed,signup_started,account,/signup,google,spring_search,desktop,GB,free,user_0207,session_0207_1,0
evt_001261,2026-04-06T21:53:00+00:00,2026-W15,Mon,page_view,product,/integrations,google,spring_search,mobile,CA,free,user_0208,session_0208_0,0
evt_001262,2026-04-06T21:56:28+00:00,2026-W15,Mon,page_view,learn,/docs/getting-started,google,spring_search,mobile,CA,free,user_0208,session_0208_0,0
evt_001263,2026-04-06T21:56:54+00:00,2026-W15,Mon,page_view,learn,/docs/getting-started,google,spring_search,mobile,CA,free,user_0208,session_0208_0,0
evt_001264,2026-04-06T21:57:27+00:00,2026-W15,Mon,page_view,marketing,/pricing,google,spring_search,mobile,CA,free,user_0208,session_0208_0,0
evt_001265,2026-04-06T21:59:50+00:00,2026-W15,Mon,page_view,marketing,/,google,spring_search,mobile,CA,free,user_0208,session_0208_0,0
evt_001266,2026-04-06T22:03:26+00:00,2026-W15,Mon,page_view,product,/integrations,google,spring_search,mobile,CA,free,user_0208,session_0208_0,0
evt_001267,2026-04-06T22:06:16+00:00,2026-W15,Mon,page_view,marketing,/,google,spring_search,mobile,CA,free,user_0208,session_0208_0,0
evt_001268,2026-04-18T18:37:00+00:00,2026-W16,Sat,page_view,learn,/blog/warehouse,google,spring_search,mobile,US,free,user_0209,session_0209_0,0
evt_001269,2026-04-18T18:37:51+00:00,2026-W16,Sat,page_view,marketing,/pricing,google,spring_search,mobile,US,free,user_0209,session_0209_0,0
evt_001270,2026-04-18T18:41:29+00:00,2026-W16,Sat,page_view,learn,/docs/getting-started,google,spring_search,mobile,US,free,user_0209,session_0209_0,0
evt_001271,2026-04-18T18:44:29+00:00,2026-W16,Sat,page_view,marketing,/pricing,google,spring_search,mobile,US,free,user_0209,session_0209_0,0
evt_001272,2026-04-08T10:24:00+00:00,2026-W15,Wed,page_view,learn,/docs/getting-started,google,spring_search,desktop,US,free,user_0210,session_0210_0,0
evt_001273,2026-04-08T10:27:20+00:00,2026-W15,Wed,page_view,marketing,/pricing,google,spring_search,desktop,US,free,user_0210,session_0210_0,0
evt_001274,2026-04-08T10:29:20+00:00,2026-W15,Wed,page_view,learn,/blog/warehouse,google,spring_search,desktop,US,free,user_0210,session_0210_0,0
evt_001275,2026-05-03T01:51:00+00:00,2026-W18,Sun,page_view,product,/product,organic,none,desktop,DE,free,user_0211,session_0211_0,0
evt_001276,2026-05-03T01:53:35+00:00,2026-W18,Sun,page_view,marketing,/,organic,none,desktop,DE,free,user_0211,session_0211_0,0
evt_001277,2026-05-03T01:56:41+00:00,2026-W18,Sun,page_view,marketing,/,organic,none,desktop,DE,free,user_0211,session_0211_0,0
evt_001278,2026-05-03T01:57:21+00:00,2026-W18,Sun,page_view,marketing,/,organic,none,desktop,DE,free,user_0211,session_0211_0,0
evt_001279,2026-05-03T02:00:04+00:00,2026-W18,Sun,page_view,product,/product,organic,none,desktop,DE,free,user_0211,session_0211_0,0
evt_001280,2026-05-03T02:01:43+00:00,2026-W18,Sun,page_view,marketing,/pricing,organic,none,desktop,DE,free,user_0211,session_0211_0,0
evt_001281,2026-04-09T09:43:00+00:00,2026-W15,Thu,page_view,marketing,/,organic,none,desktop,DE,free,user_0211,session_0211_1,0
evt_001282,2026-04-09T09:44:04+00:00,2026-W15,Thu,page_view,marketing,/pricing,organic,none,desktop,DE,free,user_0211,session_0211_1,0
evt_001283,2026-04-09T09:46:14+00:00,2026-W15,Thu,page_view,marketing,/pricing,organic,none,desktop,DE,free,user_0211,session_0211_1,0
evt_001284,2026-04-09T09:49:17+00:00,2026-W15,Thu,page_view,marketing,/pricing,organic,none,desktop,DE,free,user_0211,session_0211_1,0
evt_001285,2026-04-09T09:52:01+00:00,2026-W15,Thu,page_view,marketing,/,organic,none,desktop,DE,free,user_0211,session_0211_1,0
evt_001286,2026-04-09T09:54:41+00:00,2026-W15,Thu,page_view,marketing,/pricing,organic,none,desktop,DE,free,user_0211,session_0211_1,0
evt_001287,2026-04-17T04:35:00+00:00,2026-W16,Fri,page_view,learn,/docs/getting-started,organic,none,desktop,GB,pro,user_0212,session_0212_0,0
evt_001288,2026-04-17T04:38:59+00:00,2026-W16,Fri,page_view,product,/product,organic,none,desktop,GB,pro,user_0212,session_0212_0,0
evt_001289,2026-04-17T04:41:08+00:00,2026-W16,Fri,page_view,marketing,/pricing,organic,none,desktop,GB,pro,user_0212,session_0212_0,0
evt_001290,2026-04-17T04:42:41+00:00,2026-W16,Fri,page_view,product,/product,organic,none,desktop,GB,pro,user_0212,session_0212_0,0
evt_001291,2026-04-17T04:43:23+00:00,2026-W16,Fri,page_view,marketing,/,organic,none,desktop,GB,pro,user_0212,session_0212_0,0
evt_001292,2026-04-17T04:46:13+00:00,2026-W16,Fri,page_view,marketing,/,organic,none,desktop,GB,pro,user_0212,session_0212_0,0
evt_001293,2026-04-17T04:47:39+00:00,2026-W16,Fri,page_view,learn,/docs/getting-started,organic,none,desktop,GB,pro,user_0212,session_0212_0,0
evt_001294,2026-04-26T01:03:00+00:00,2026-W17,Sun,page_view,product,/product,organic,none,mobile,US,pro,user_0213,session_0213_0,0
evt_001295,2026-04-26T01:06:31+00:00,2026-W17,Sun,page_view,product,/integrations,organic,none,mobile,US,pro,user_0213,session_0213_0,0
evt_001296,2026-04-26T01:06:55+00:00,2026-W17,Sun,page_view,product,/product,organic,none,mobile,US,pro,user_0213,session_0213_0,0
evt_001297,2026-04-26T01:09:29+00:00,2026-W17,Sun,page_view,learn,/blog/warehouse,organic,none,mobile,US,pro,user_0213,session_0213_0,0
evt_001298,2026-04-26T01:12:02+00:00,2026-W17,Sun,page_view,product,/product,organic,none,mobile,US,pro,user_0213,session_0213_0,0
evt_001299,2026-04-26T01:15:35+00:00,2026-W17,Sun,page_view,marketing,/,organic,none,mobile,US,pro,user_0213,session_0213_0,0
evt_001300,2026-04-17T17:08:00+00:00,2026-W16,Fri,page_view,product,/integrations,organic,none,mobile,DE,free,user_0214,session_0214_0,0
evt_001301,2026-04-17T17:11:52+00:00,2026-W16,Fri,page_view,learn,/blog/warehouse,organic,none,mobile,DE,free,user_0214,session_0214_0,0
evt_001302,2026-04-27T04:59:00+00:00,2026-W18,Mon,page_view,learn,/docs/getting-started,linkedin,founders,mobile,GB,free,user_0215,session_0215_0,0
evt_001303,2026-04-27T05:00:46+00:00,2026-W18,Mon,page_view,marketing,/,linkedin,founders,mobile,GB,free,user_0215,session_0215_0,0
evt_001304,2026-04-27T05:04:15+00:00,2026-W18,Mon,page_view,product,/product,linkedin,founders,mobile,GB,free,user_0215,session_0215_0,0
evt_001305,2026-04-27T05:04:46+00:00,2026-W18,Mon,page_view,marketing,/pricing,linkedin,founders,mobile,GB,free,user_0215,session_0215_0,0
evt_001306,2026-04-27T05:06:00+00:00,2026-W18,Mon,page_view,marketing,/,linkedin,founders,mobile,GB,free,user_0215,session_0215_0,0
evt_001307,2026-04-27T05:07:07+00:00,2026-W18,Mon,page_view,product,/product,linkedin,founders,mobile,GB,free,user_0215,session_0215_0,0
evt_001308,2026-04-27T05:10:44+00:00,2026-W18,Mon,page_view,marketing,/pricing,linkedin,founders,mobile,GB,free,user_0215,session_0215_0,0
evt_001309,2026-04-07T01:21:00+00:00,2026-W15,Tue,page_view,marketing,/pricing,linkedin,founders,mobile,GB,free,user_0215,session_0215_1,0
evt_001310,2026-04-07T01:24:15+00:00,2026-W15,Tue,page_view,learn,/blog/warehouse,linkedin,founders,mobile,GB,free,user_0215,session_0215_1,0
evt_001311,2026-04-07T01:27:12+00:00,2026-W15,Tue,page_view,learn,/docs/getting-started,linkedin,founders,mobile,GB,free,user_0215,session_0215_1,0
evt_001312,2026-04-07T01:31:00+00:00,2026-W15,Tue,page_view,learn,/docs/getting-started,linkedin,founders,mobile,GB,free,user_0215,session_0215_1,0
evt_001313,2026-04-07T01:33:43+00:00,2026-W15,Tue,page_view,product,/product,linkedin,founders,mobile,GB,free,user_0215,session_0215_1,0
evt_001314,2026-04-07T01:34:42+00:00,2026-W15,Tue,page_view,marketing,/pricing,linkedin,founders,mobile,GB,free,user_0215,session_0215_1,0
evt_001315,2026-04-07T01:36:33+00:00,2026-W15,Tue,page_view,marketing,/pricing,linkedin,founders,mobile,GB,free,user_0215,session_0215_1,0
evt_001316,2026-04-21T16:27:00+00:00,2026-W17,Tue,page_view,marketing,/,organic,none,desktop,GB,free,user_0216,session_0216_0,0
evt_001317,2026-04-21T16:31:00+00:00,2026-W17,Tue,page_view,marketing,/,organic,none,desktop,GB,free,user_0216,session_0216_0,0
evt_001318,2026-04-21T16:31:57+00:00,2026-W17,Tue,page_view,marketing,/,organic,none,desktop,GB,free,user_0216,session_0216_0,0
evt_001319,2026-04-21T16:34:23+00:00,2026-W17,Tue,page_view,product,/integrations,organic,none,desktop,GB,free,user_0216,session_0216_0,0
evt_001320,2026-04-21T16:35:32+00:00,2026-W17,Tue,page_view,marketing,/,organic,none,desktop,GB,free,user_0216,session_0216_0,0
evt_001321,2026-04-21T16:36:27+00:00,2026-W17,Tue,page_view,marketing,/pricing,organic,none,desktop,GB,free,user_0216,session_0216_0,0
evt_001322,2026-04-12T20:09:00+00:00,2026-W15,Sun,page_view,product,/integrations,linkedin,founders,desktop,DE,pro,user_0217,session_0217_0,0
evt_001323,2026-04-12T20:11:00+00:00,2026-W15,Sun,page_view,marketing,/,linkedin,founders,desktop,DE,pro,user_0217,session_0217_0,0
evt_001324,2026-04-12T20:11:26+00:00,2026-W15,Sun,page_view,marketing,/,linkedin,founders,desktop,DE,pro,user_0217,session_0217_0,0
evt_001325,2026-04-11T17:38:00+00:00,2026-W15,Sat,page_view,product,/integrations,organic,none,mobile,US,pro,user_0218,session_0218_0,0
evt_001326,2026-04-11T17:40:39+00:00,2026-W15,Sat,page_view,product,/integrations,organic,none,mobile,US,pro,user_0218,session_0218_0,0
evt_001327,2026-04-11T17:44:38+00:00,2026-W15,Sat,page_view,learn,/docs/getting-started,organic,none,mobile,US,pro,user_0218,session_0218_0,0
evt_001328,2026-04-11T17:47:42+00:00,2026-W15,Sat,page_view,learn,/docs/getting-started,organic,none,mobile,US,pro,user_0218,session_0218_0,0
evt_001329,2026-04-11T17:48:18+00:00,2026-W15,Sat,page_view,marketing,/,organic,none,mobile,US,pro,user_0218,session_0218_0,0
evt_001330,2026-04-21T16:26:00+00:00,2026-W17,Tue,page_view,marketing,/,organic,none,mobile,US,pro,user_0218,session_0218_1,0
evt_001331,2026-04-21T16:28:00+00:00,2026-W17,Tue,page_view,product,/integrations,organic,none,mobile,US,pro,user_0218,session_0218_1,0
evt_001332,2026-04-21T16:31:38+00:00,2026-W17,Tue,page_view,product,/integrations,organic,none,mobile,US,pro,user_0218,session_0218_1,0
evt_001333,2026-04-25T20:09:00+00:00,2026-W17,Sat,page_view,marketing,/,organic,none,mobile,DE,free,user_0219,session_0219_0,0
evt_001334,2026-04-25T20:10:53+00:00,2026-W17,Sat,page_view,marketing,/,organic,none,mobile,DE,free,user_0219,session_0219_0,0
evt_001335,2026-04-11T16:14:00+00:00,2026-W15,Sat,page_view,product,/integrations,organic,none,mobile,AU,pro,user_0220,session_0220_0,0
evt_001336,2026-04-11T16:17:59+00:00,2026-W15,Sat,page_view,learn,/docs/getting-started,organic,none,mobile,AU,pro,user_0220,session_0220_0,0
evt_001337,2026-04-11T16:20:22+00:00,2026-W15,Sat,page_view,learn,/docs/getting-started,organic,none,mobile,AU,pro,user_0220,session_0220_0,0
evt_001338,2026-04-11T16:21:00+00:00,2026-W15,Sat,page_view,product,/product,organic,none,mobile,AU,pro,user_0220,session_0220_0,0
evt_001339,2026-04-11T16:21:48+00:00,2026-W15,Sat,page_view,learn,/blog/warehouse,organic,none,mobile,AU,pro,user_0220,session_0220_0,0
evt_001340,2026-04-11T16:24:21+00:00,2026-W15,Sat,page_view,learn,/docs/getting-started,organic,none,mobile,AU,pro,user_0220,session_0220_0,0
evt_001341,2026-04-13T16:27:00+00:00,2026-W16,Mon,page_view,marketing,/pricing,linkedin,founders,desktop,CA,free,user_0221,session_0221_0,0
evt_001342,2026-04-13T16:30:40+00:00,2026-W16,Mon,page_view,learn,/docs/getting-started,linkedin,founders,desktop,CA,free,user_0221,session_0221_0,0
evt_001343,2026-04-13T16:34:09+00:00,2026-W16,Mon,page_view,learn,/docs/getting-started,linkedin,founders,desktop,CA,free,user_0221,session_0221_0,0
evt_001344,2026-04-13T16:36:51+00:00,2026-W16,Mon,page_view,marketing,/,linkedin,founders,desktop,CA,free,user_0221,session_0221_0,0
evt_001345,2026-04-13T16:37:40+00:00,2026-W16,Mon,page_view,marketing,/pricing,linkedin,founders,desktop,CA,free,user_0221,session_0221_0,0
evt_001346,2026-04-13T16:41:11+00:00,2026-W16,Mon,signup_started,account,/signup,linkedin,founders,desktop,CA,free,user_0221,session_0221_0,0
evt_001347,2026-04-15T20:25:00+00:00,2026-W16,Wed,page_view,product,/product,linkedin,founders,desktop,CA,free,user_0221,session_0221_1,0
evt_001348,2026-04-15T20:26:03+00:00,2026-W16,Wed,page_view,marketing,/,linkedin,founders,desktop,CA,free,user_0221,session_0221_1,0
evt_001349,2026-04-15T20:29:28+00:00,2026-W16,Wed,page_view,learn,/docs/getting-started,linkedin,founders,desktop,CA,free,user_0221,session_0221_1,0
evt_001350,2026-04-15T20:32:10+00:00,2026-W16,Wed,page_view,product,/product,linkedin,founders,desktop,CA,free,user_0221,session_0221_1,0
evt_001351,2026-04-15T20:34:38+00:00,2026-W16,Wed,page_view,marketing,/,linkedin,founders,desktop,CA,free,user_0221,session_0221_1,0
evt_001352,2026-04-15T20:37:40+00:00,2026-W16,Wed,page_view,marketing,/,linkedin,founders,desktop,CA,free,user_0221,session_0221_1,0
evt_001353,2026-04-23T14:27:00+00:00,2026-W17,Thu,page_view,marketing,/pricing,organic,none,desktop,GB,free,user_0222,session_0222_0,0
evt_001354,2026-04-23T14:28:25+00:00,2026-W17,Thu,page_view,learn,/blog/warehouse,organic,none,desktop,GB,free,user_0222,session_0222_0,0
evt_001355,2026-04-23T14:30:21+00:00,2026-W17,Thu,page_view,learn,/docs/getting-started,organic,none,desktop,GB,free,user_0222,session_0222_0,0
evt_001356,2026-04-23T14:32:21+00:00,2026-W17,Thu,page_view,product,/product,organic,none,desktop,GB,free,user_0222,session_0222_0,0
evt_001357,2026-04-23T14:34:58+00:00,2026-W17,Thu,page_view,product,/product,organic,none,desktop,GB,free,user_0222,session_0222_0,0
evt_001358,2026-04-23T14:36:47+00:00,2026-W17,Thu,page_view,product,/product,organic,none,desktop,GB,free,user_0222,session_0222_0,0
evt_001359,2026-04-23T14:39:05+00:00,2026-W17,Thu,signup_started,account,/signup,organic,none,desktop,GB,free,user_0222,session_0222_0,0
evt_001360,2026-04-20T23:52:00+00:00,2026-W17,Mon,page_view,marketing,/,google,spring_search,mobile,GB,pro,user_0223,session_0223_0,0
evt_001361,2026-04-20T23:54:25+00:00,2026-W17,Mon,page_view,product,/product,google,spring_search,mobile,GB,pro,user_0223,session_0223_0,0
evt_001362,2026-04-20T23:56:06+00:00,2026-W17,Mon,page_view,learn,/docs/getting-started,google,spring_search,mobile,GB,pro,user_0223,session_0223_0,0
evt_001363,2026-05-02T04:57:00+00:00,2026-W18,Sat,page_view,learn,/blog/warehouse,linkedin,founders,mobile,GB,free,user_0224,session_0224_0,0
evt_001364,2026-05-02T04:59:06+00:00,2026-W18,Sat,page_view,marketing,/,linkedin,founders,mobile,GB,free,user_0224,session_0224_0,0
evt_001365,2026-05-02T05:00:28+00:00,2026-W18,Sat,page_view,marketing,/,linkedin,founders,mobile,GB,free,user_0224,session_0224_0,0
evt_001366,2026-05-02T05:01:03+00:00,2026-W18,Sat,page_view,product,/integrations,linkedin,founders,mobile,GB,free,user_0224,session_0224_0,0
evt_001367,2026-05-02T05:04:23+00:00,2026-W18,Sat,page_view,marketing,/pricing,linkedin,founders,mobile,GB,free,user_0224,session_0224_0,0
evt_001368,2026-04-21T14:59:00+00:00,2026-W17,Tue,page_view,marketing,/,google,spring_search,mobile,AU,free,user_0225,session_0225_0,0
evt_001369,2026-04-21T15:02:03+00:00,2026-W17,Tue,page_view,learn,/blog/warehouse,google,spring_search,mobile,AU,free,user_0225,session_0225_0,0
evt_001370,2026-04-27T01:13:00+00:00,2026-W18,Mon,page_view,marketing,/,organic,none,desktop,AU,free,user_0226,session_0226_0,0
evt_001371,2026-04-27T01:13:15+00:00,2026-W18,Mon,page_view,learn,/blog/warehouse,organic,none,desktop,AU,free,user_0226,session_0226_0,0
evt_001372,2026-04-27T01:13:52+00:00,2026-W18,Mon,page_view,learn,/blog/warehouse,organic,none,desktop,AU,free,user_0226,session_0226_0,0
evt_001373,2026-04-27T01:17:26+00:00,2026-W18,Mon,page_view,marketing,/pricing,organic,none,desktop,AU,free,user_0226,session_0226_0,0
evt_001374,2026-04-27T01:20:32+00:00,2026-W18,Mon,signup_started,account,/signup,organic,none,desktop,AU,free,user_0226,session_0226_0,0
evt_001375,2026-04-23T19:53:00+00:00,2026-W17,Thu,page_view,marketing,/pricing,google,spring_search,mobile,US,pro,user_0227,session_0227_0,0
evt_001376,2026-04-23T19:56:43+00:00,2026-W17,Thu,page_view,marketing,/pricing,google,spring_search,mobile,US,pro,user_0227,session_0227_0,0
evt_001377,2026-04-23T19:59:33+00:00,2026-W17,Thu,page_view,learn,/blog/warehouse,google,spring_search,mobile,US,pro,user_0227,session_0227_0,0
evt_001378,2026-04-23T20:01:44+00:00,2026-W17,Thu,page_view,learn,/blog/warehouse,google,spring_search,mobile,US,pro,user_0227,session_0227_0,0
evt_001379,2026-04-23T20:04:26+00:00,2026-W17,Thu,signup_completed,account,/signup,google,spring_search,mobile,US,pro,user_0227,session_0227_0,99
evt_001380,2026-04-14T18:21:00+00:00,2026-W16,Tue,page_view,marketing,/pricing,google,spring_search,desktop,AU,free,user_0228,session_0228_0,0
evt_001381,2026-04-14T18:23:08+00:00,2026-W16,Tue,page_view,learn,/blog/warehouse,google,spring_search,desktop,AU,free,user_0228,session_0228_0,0
evt_001382,2026-04-14T18:25:47+00:00,2026-W16,Tue,page_view,product,/product,google,spring_search,desktop,AU,free,user_0228,session_0228_0,0
evt_001383,2026-04-14T18:27:04+00:00,2026-W16,Tue,page_view,learn,/docs/getting-started,google,spring_search,desktop,AU,free,user_0228,session_0228_0,0
evt_001384,2026-04-14T18:30:37+00:00,2026-W16,Tue,page_view,product,/product,google,spring_search,desktop,AU,free,user_0228,session_0228_0,0
evt_001385,2026-04-14T18:32:49+00:00,2026-W16,Tue,page_view,learn,/blog/warehouse,google,spring_search,desktop,AU,free,user_0228,session_0228_0,0
evt_001386,2026-04-14T18:36:44+00:00,2026-W16,Tue,signup_completed,account,/signup,google,spring_search,desktop,AU,free,user_0228,session_0228_0,0
evt_001387,2026-04-17T17:37:00+00:00,2026-W16,Fri,page_view,marketing,/,organic,none,mobile,GB,free,user_0229,session_0229_0,0
evt_001388,2026-04-17T17:40:48+00:00,2026-W16,Fri,page_view,marketing,/pricing,organic,none,mobile,GB,free,user_0229,session_0229_0,0
evt_001389,2026-04-17T17:42:16+00:00,2026-W16,Fri,page_view,marketing,/,organic,none,mobile,GB,free,user_0229,session_0229_0,0
evt_001390,2026-04-17T17:45:23+00:00,2026-W16,Fri,page_view,learn,/docs/getting-started,organic,none,mobile,GB,free,user_0229,session_0229_0,0
evt_001391,2026-04-17T17:47:05+00:00,2026-W16,Fri,page_view,marketing,/,organic,none,mobile,GB,free,user_0229,session_0229_0,0
evt_001392,2026-04-17T17:48:05+00:00,2026-W16,Fri,page_view,product,/product,organic,none,mobile,GB,free,user_0229,session_0229_0,0
evt_001393,2026-04-17T17:49:50+00:00,2026-W16,Fri,signup_started,account,/signup,organic,none,mobile,GB,free,user_0229,session_0229_0,0
evt_001394,2026-05-03T09:03:00+00:00,2026-W18,Sun,page_view,marketing,/,organic,none,mobile,GB,free,user_0230,session_0230_0,0
evt_001395,2026-05-03T09:06:48+00:00,2026-W18,Sun,page_view,marketing,/pricing,organic,none,mobile,GB,free,user_0230,session_0230_0,0
evt_001396,2026-05-03T09:09:41+00:00,2026-W18,Sun,page_view,marketing,/pricing,organic,none,mobile,GB,free,user_0230,session_0230_0,0
evt_001397,2026-05-03T09:13:15+00:00,2026-W18,Sun,signup_started,account,/signup,organic,none,mobile,GB,free,user_0230,session_0230_0,0
evt_001398,2026-04-27T22:38:00+00:00,2026-W18,Mon,page_view,product,/integrations,organic,none,mobile,GB,free,user_0230,session_0230_1,0
evt_001399,2026-04-27T22:41:30+00:00,2026-W18,Mon,page_view,learn,/docs/getting-started,organic,none,mobile,GB,free,user_0230,session_0230_1,0
evt_001400,2026-04-27T22:41:55+00:00,2026-W18,Mon,page_view,learn,/docs/getting-started,organic,none,mobile,GB,free,user_0230,session_0230_1,0
evt_001401,2026-04-27T22:43:45+00:00,2026-W18,Mon,page_view,product,/integrations,organic,none,mobile,GB,free,user_0230,session_0230_1,0
evt_001402,2026-04-27T22:46:06+00:00,2026-W18,Mon,page_view,learn,/blog/warehouse,organic,none,mobile,GB,free,user_0230,session_0230_1,0
evt_001403,2026-04-18T07:34:00+00:00,2026-W16,Sat,page_view,marketing,/,newsletter,april_launch,mobile,CA,free,user_0231,session_0231_0,0
evt_001404,2026-04-18T07:36:29+00:00,2026-W16,Sat,page_view,learn,/docs/getting-started,newsletter,april_launch,mobile,CA,free,user_0231,session_0231_0,0
evt_001405,2026-04-18T07:38:46+00:00,2026-W16,Sat,page_view,learn,/blog/warehouse,newsletter,april_launch,mobile,CA,free,user_0231,session_0231_0,0
evt_001406,2026-04-18T07:39:09+00:00,2026-W16,Sat,page_view,product,/product,newsletter,april_launch,mobile,CA,free,user_0231,session_0231_0,0
evt_001407,2026-04-18T07:41:04+00:00,2026-W16,Sat,page_view,learn,/docs/getting-started,newsletter,april_launch,mobile,CA,free,user_0231,session_0231_0,0
evt_001408,2026-04-18T07:44:37+00:00,2026-W16,Sat,page_view,marketing,/,newsletter,april_launch,mobile,CA,free,user_0231,session_0231_0,0
evt_001409,2026-04-16T12:20:00+00:00,2026-W16,Thu,page_view,learn,/docs/getting-started,linkedin,founders,desktop,US,free,user_0232,session_0232_0,0
evt_001410,2026-04-16T12:21:02+00:00,2026-W16,Thu,page_view,product,/product,linkedin,founders,desktop,US,free,user_0232,session_0232_0,0
evt_001411,2026-04-16T12:22:17+00:00,2026-W16,Thu,page_view,marketing,/pricing,linkedin,founders,desktop,US,free,user_0232,session_0232_0,0
evt_001412,2026-04-16T12:25:08+00:00,2026-W16,Thu,page_view,marketing,/pricing,linkedin,founders,desktop,US,free,user_0232,session_0232_0,0
evt_001413,2026-04-16T12:26:10+00:00,2026-W16,Thu,page_view,product,/product,linkedin,founders,desktop,US,free,user_0232,session_0232_0,0
evt_001414,2026-04-16T12:27:18+00:00,2026-W16,Thu,page_view,product,/product,linkedin,founders,desktop,US,free,user_0232,session_0232_0,0
evt_001415,2026-04-16T12:30:45+00:00,2026-W16,Thu,signup_started,account,/signup,linkedin,founders,desktop,US,free,user_0232,session_0232_0,0
evt_001416,2026-04-14T15:23:00+00:00,2026-W16,Tue,page_view,product,/product,linkedin,founders,desktop,US,free,user_0232,session_0232_1,0
evt_001417,2026-04-14T15:25:42+00:00,2026-W16,Tue,page_view,product,/integrations,linkedin,founders,desktop,US,free,user_0232,session_0232_1,0
evt_001418,2026-04-14T15:29:25+00:00,2026-W16,Tue,page_view,marketing,/,linkedin,founders,desktop,US,free,user_0232,session_0232_1,0
evt_001419,2026-04-21T00:19:00+00:00,2026-W17,Tue,page_view,product,/product,newsletter,april_launch,desktop,CA,free,user_0233,session_0233_0,0
evt_001420,2026-04-21T00:19:49+00:00,2026-W17,Tue,page_view,learn,/blog/warehouse,newsletter,april_launch,desktop,CA,free,user_0233,session_0233_0,0
evt_001421,2026-04-21T00:23:41+00:00,2026-W17,Tue,page_view,product,/integrations,newsletter,april_launch,desktop,CA,free,user_0233,session_0233_0,0
evt_001422,2026-04-09T23:34:00+00:00,2026-W15,Thu,page_view,marketing,/,linkedin,founders,mobile,DE,free,user_0234,session_0234_0,0
evt_001423,2026-04-09T23:37:43+00:00,2026-W15,Thu,page_view,marketing,/pricing,linkedin,founders,mobile,DE,free,user_0234,session_0234_0,0
evt_001424,2026-04-09T23:41:32+00:00,2026-W15,Thu,page_view,product,/integrations,linkedin,founders,mobile,DE,free,user_0234,session_0234_0,0
evt_001425,2026-04-14T12:19:00+00:00,2026-W16,Tue,page_view,product,/product,linkedin,founders,mobile,DE,free,user_0234,session_0234_1,0
evt_001426,2026-04-14T12:22:42+00:00,2026-W16,Tue,page_view,marketing,/pricing,linkedin,founders,mobile,DE,free,user_0234,session_0234_1,0
evt_001427,2026-04-14T12:23:02+00:00,2026-W16,Tue,page_view,product,/product,linkedin,founders,mobile,DE,free,user_0234,session_0234_1,0
evt_001428,2026-04-14T12:24:46+00:00,2026-W16,Tue,page_view,learn,/docs/getting-started,linkedin,founders,mobile,DE,free,user_0234,session_0234_1,0
evt_001429,2026-04-14T12:27:36+00:00,2026-W16,Tue,signup_started,account,/signup,linkedin,founders,mobile,DE,free,user_0234,session_0234_1,0
evt_001430,2026-04-29T15:15:00+00:00,2026-W18,Wed,page_view,marketing,/pricing,linkedin,founders,desktop,DE,free,user_0235,session_0235_0,0
evt_001431,2026-04-29T15:16:28+00:00,2026-W18,Wed,page_view,product,/product,linkedin,founders,desktop,DE,free,user_0235,session_0235_0,0
evt_001432,2026-04-08T02:42:00+00:00,2026-W15,Wed,page_view,marketing,/pricing,linkedin,founders,mobile,CA,free,user_0236,session_0236_0,0
evt_001433,2026-04-08T02:43:35+00:00,2026-W15,Wed,page_view,marketing,/pricing,linkedin,founders,mobile,CA,free,user_0236,session_0236_0,0
evt_001434,2026-04-08T02:45:04+00:00,2026-W15,Wed,page_view,learn,/docs/getting-started,linkedin,founders,mobile,CA,free,user_0236,session_0236_0,0
evt_001435,2026-04-11T06:16:00+00:00,2026-W15,Sat,page_view,marketing,/,organic,none,desktop,DE,pro,user_0237,session_0237_0,0
evt_001436,2026-04-11T06:17:15+00:00,2026-W15,Sat,page_view,product,/integrations,organic,none,desktop,DE,pro,user_0237,session_0237_0,0
evt_001437,2026-04-21T18:43:00+00:00,2026-W17,Tue,page_view,marketing,/,linkedin,founders,desktop,GB,free,user_0238,session_0238_0,0
evt_001438,2026-04-21T18:44:56+00:00,2026-W17,Tue,page_view,product,/product,linkedin,founders,desktop,GB,free,user_0238,session_0238_0,0
evt_001439,2026-04-09T08:57:00+00:00,2026-W15,Thu,page_view,marketing,/,linkedin,founders,desktop,GB,free,user_0238,session_0238_1,0
evt_001440,2026-04-09T09:00:02+00:00,2026-W15,Thu,page_view,learn,/blog/warehouse,linkedin,founders,desktop,GB,free,user_0238,session_0238_1,0
evt_001441,2026-04-09T09:01:56+00:00,2026-W15,Thu,page_view,marketing,/pricing,linkedin,founders,desktop,GB,free,user_0238,session_0238_1,0
evt_001442,2026-04-09T09:03:14+00:00,2026-W15,Thu,page_view,learn,/docs/getting-started,linkedin,founders,desktop,GB,free,user_0238,session_0238_1,0
evt_001443,2026-04-09T09:05:22+00:00,2026-W15,Thu,page_view,product,/integrations,linkedin,founders,desktop,GB,free,user_0238,session_0238_1,0
evt_001444,2026-04-09T09:06:10+00:00,2026-W15,Thu,page_view,product,/product,linkedin,founders,desktop,GB,free,user_0238,session_0238_1,0
evt_001445,2026-04-09T09:07:08+00:00,2026-W15,Thu,signup_started,account,/signup,linkedin,founders,desktop,GB,free,user_0238,session_0238_1,0
evt_001446,2026-04-23T15:11:00+00:00,2026-W17,Thu,page_view,learn,/blog/warehouse,newsletter,april_launch,desktop,CA,free,user_0239,session_0239_0,0
evt_001447,2026-04-23T15:14:13+00:00,2026-W17,Thu,page_view,product,/product,newsletter,april_launch,desktop,CA,free,user_0239,session_0239_0,0
evt_001448,2026-04-23T15:16:59+00:00,2026-W17,Thu,page_view,product,/integrations,newsletter,april_launch,desktop,CA,free,user_0239,session_0239_0,0
evt_001449,2026-04-17T16:26:00+00:00,2026-W16,Fri,page_view,marketing,/,linkedin,founders,mobile,CA,free,user_0240,session_0240_0,0
evt_001450,2026-04-17T16:26:37+00:00,2026-W16,Fri,page_view,product,/product,linkedin,founders,mobile,CA,free,user_0240,session_0240_0,0
evt_001451,2026-04-17T16:28:25+00:00,2026-W16,Fri,page_view,product,/product,linkedin,founders,mobile,CA,free,user_0240,session_0240_0,0
evt_001452,2026-04-17T16:29:19+00:00,2026-W16,Fri,page_view,marketing,/pricing,linkedin,founders,mobile,CA,free,user_0240,session_0240_0,0
evt_001453,2026-04-17T16:29:34+00:00,2026-W16,Fri,page_view,product,/product,linkedin,founders,mobile,CA,free,user_0240,session_0240_0,0
evt_001454,2026-04-17T16:33:03+00:00,2026-W16,Fri,page_view,learn,/docs/getting-started,linkedin,founders,mobile,CA,free,user_0240,session_0240_0,0
evt_001455,2026-04-17T16:34:46+00:00,2026-W16,Fri,signup_started,account,/signup,linkedin,founders,mobile,CA,free,user_0240,session_0240_0,0
evt_001456,2026-04-25T07:53:00+00:00,2026-W17,Sat,page_view,product,/product,linkedin,founders,desktop,CA,free,user_0241,session_0241_0,0
evt_001457,2026-04-25T07:54:03+00:00,2026-W17,Sat,page_view,product,/product,linkedin,founders,desktop,CA,free,user_0241,session_0241_0,0
evt_001458,2026-04-26T08:10:00+00:00,2026-W17,Sun,page_view,learn,/docs/getting-started,google,spring_search,desktop,CA,pro,user_0242,session_0242_0,0
evt_001459,2026-04-26T08:12:51+00:00,2026-W17,Sun,page_view,learn,/docs/getting-started,google,spring_search,desktop,CA,pro,user_0242,session_0242_0,0
evt_001460,2026-04-26T08:16:01+00:00,2026-W17,Sun,page_view,marketing,/pricing,google,spring_search,desktop,CA,pro,user_0242,session_0242_0,0
evt_001461,2026-04-26T08:19:02+00:00,2026-W17,Sun,page_view,learn,/docs/getting-started,google,spring_search,desktop,CA,pro,user_0242,session_0242_0,0
evt_001462,2026-04-26T08:22:44+00:00,2026-W17,Sun,page_view,marketing,/pricing,google,spring_search,desktop,CA,pro,user_0242,session_0242_0,0
evt_001463,2026-04-26T08:23:47+00:00,2026-W17,Sun,page_view,learn,/docs/getting-started,google,spring_search,desktop,CA,pro,user_0242,session_0242_0,0
evt_001464,2026-04-26T08:24:48+00:00,2026-W17,Sun,signup_completed,account,/signup,google,spring_search,desktop,CA,pro,user_0242,session_0242_0,99
evt_001465,2026-04-23T00:45:00+00:00,2026-W17,Thu,page_view,learn,/blog/warehouse,google,spring_search,desktop,AU,free,user_0243,session_0243_0,0
evt_001466,2026-04-23T00:46:27+00:00,2026-W17,Thu,page_view,marketing,/pricing,google,spring_search,desktop,AU,free,user_0243,session_0243_0,0
evt_001467,2026-04-23T00:49:45+00:00,2026-W17,Thu,page_view,product,/product,google,spring_search,desktop,AU,free,user_0243,session_0243_0,0
evt_001468,2026-04-23T00:50:02+00:00,2026-W17,Thu,signup_completed,account,/signup,google,spring_search,desktop,AU,free,user_0243,session_0243_0,0
evt_001469,2026-04-28T01:04:00+00:00,2026-W18,Tue,page_view,marketing,/,google,spring_search,desktop,DE,pro,user_0244,session_0244_0,0
evt_001470,2026-04-28T01:07:27+00:00,2026-W18,Tue,page_view,learn,/blog/warehouse,google,spring_search,desktop,DE,pro,user_0244,session_0244_0,0
evt_001471,2026-04-28T01:07:56+00:00,2026-W18,Tue,page_view,marketing,/pricing,google,spring_search,desktop,DE,pro,user_0244,session_0244_0,0
evt_001472,2026-04-28T01:09:51+00:00,2026-W18,Tue,page_view,marketing,/,google,spring_search,desktop,DE,pro,user_0244,session_0244_0,0
evt_001473,2026-04-28T01:12:06+00:00,2026-W18,Tue,signup_started,account,/signup,google,spring_search,desktop,DE,pro,user_0244,session_0244_0,0
evt_001474,2026-04-30T15:07:00+00:00,2026-W18,Thu,page_view,learn,/docs/getting-started,organic,none,desktop,US,free,user_0245,session_0245_0,0
evt_001475,2026-04-30T15:07:23+00:00,2026-W18,Thu,page_view,marketing,/,organic,none,desktop,US,free,user_0245,session_0245_0,0
evt_001476,2026-04-30T15:10:46+00:00,2026-W18,Thu,page_view,learn,/docs/getting-started,organic,none,desktop,US,free,user_0245,session_0245_0,0
evt_001477,2026-04-26T01:26:00+00:00,2026-W17,Sun,page_view,learn,/blog/warehouse,linkedin,founders,desktop,CA,pro,user_0246,session_0246_0,0
evt_001478,2026-04-26T01:28:28+00:00,2026-W17,Sun,page_view,marketing,/,linkedin,founders,desktop,CA,pro,user_0246,session_0246_0,0
evt_001479,2026-04-26T01:30:46+00:00,2026-W17,Sun,page_view,product,/integrations,linkedin,founders,desktop,CA,pro,user_0246,session_0246_0,0
evt_001480,2026-04-26T01:31:51+00:00,2026-W17,Sun,page_view,marketing,/pricing,linkedin,founders,desktop,CA,pro,user_0246,session_0246_0,0
evt_001481,2026-04-26T01:32:19+00:00,2026-W17,Sun,page_view,learn,/docs/getting-started,linkedin,founders,desktop,CA,pro,user_0246,session_0246_0,0
evt_001482,2026-04-26T01:33:29+00:00,2026-W17,Sun,page_view,learn,/blog/warehouse,linkedin,founders,desktop,CA,pro,user_0246,session_0246_0,0
evt_001483,2026-04-26T01:34:44+00:00,2026-W17,Sun,page_view,product,/integrations,linkedin,founders,desktop,CA,pro,user_0246,session_0246_0,0
evt_001484,2026-04-26T01:36:22+00:00,2026-W17,Sun,signup_started,account,/signup,linkedin,founders,desktop,CA,pro,user_0246,session_0246_0,0
evt_001485,2026-04-21T23:29:00+00:00,2026-W17,Tue,page_view,marketing,/,linkedin,founders,desktop,GB,free,user_0247,session_0247_0,0
evt_001486,2026-04-21T23:32:32+00:00,2026-W17,Tue,page_view,marketing,/,linkedin,founders,desktop,GB,free,user_0247,session_0247_0,0
evt_001487,2026-04-21T23:33:27+00:00,2026-W17,Tue,page_view,product,/product,linkedin,founders,desktop,GB,free,user_0247,session_0247_0,0
evt_001488,2026-04-21T23:36:37+00:00,2026-W17,Tue,page_view,product,/integrations,linkedin,founders,desktop,GB,free,user_0247,session_0247_0,0
evt_001489,2026-04-21T23:40:06+00:00,2026-W17,Tue,page_view,product,/integrations,linkedin,founders,desktop,GB,free,user_0247,session_0247_0,0
evt_001490,2026-04-21T23:40:36+00:00,2026-W17,Tue,page_view,marketing,/pricing,linkedin,founders,desktop,GB,free,user_0247,session_0247_0,0
evt_001491,2026-05-01T03:39:00+00:00,2026-W18,Fri,page_view,product,/product,linkedin,founders,desktop,GB,free,user_0247,session_0247_1,0
evt_001492,2026-05-01T03:40:36+00:00,2026-W18,Fri,page_view,learn,/blog/warehouse,linkedin,founders,desktop,GB,free,user_0247,session_0247_1,0
evt_001493,2026-05-01T03:44:12+00:00,2026-W18,Fri,page_view,product,/integrations,linkedin,founders,desktop,GB,free,user_0247,session_0247_1,0
evt_001494,2026-04-14T01:20:00+00:00,2026-W16,Tue,page_view,learn,/docs/getting-started,newsletter,april_launch,desktop,GB,free,user_0248,session_0248_0,0
evt_001495,2026-04-14T01:22:38+00:00,2026-W16,Tue,page_view,marketing,/pricing,newsletter,april_launch,desktop,GB,free,user_0248,session_0248_0,0
evt_001496,2026-04-14T01:25:51+00:00,2026-W16,Tue,page_view,product,/product,newsletter,april_launch,desktop,GB,free,user_0248,session_0248_0,0
evt_001497,2026-04-14T01:28:31+00:00,2026-W16,Tue,page_view,marketing,/,newsletter,april_launch,desktop,GB,free,user_0248,session_0248_0,0
evt_001498,2026-04-14T01:30:15+00:00,2026-W16,Tue,page_view,marketing,/pricing,newsletter,april_launch,desktop,GB,free,user_0248,session_0248_0,0
evt_001499,2026-04-14T01:32:29+00:00,2026-W16,Tue,signup_started,account,/signup,newsletter,april_launch,desktop,GB,free,user_0248,session_0248_0,0
evt_001500,2026-04-23T12:31:00+00:00,2026-W17,Thu,page_view,marketing,/,direct,none,desktop,US,free,user_0249,session_0249_0,0
evt_001501,2026-04-23T12:33:58+00:00,2026-W17,Thu,page_view,product,/product,direct,none,desktop,US,free,user_0249,session_0249_0,0
evt_001502,2026-04-23T12:37:20+00:00,2026-W17,Thu,page_view,marketing,/,direct,none,desktop,US,free,user_0249,session_0249_0,0
evt_001503,2026-04-23T12:37:39+00:00,2026-W17,Thu,page_view,product,/integrations,direct,none,desktop,US,free,user_0249,session_0249_0,0
evt_001504,2026-04-23T12:39:27+00:00,2026-W17,Thu,page_view,learn,/docs/getting-started,direct,none,desktop,US,free,user_0249,session_0249_0,0
evt_001505,2026-04-30T18:49:00+00:00,2026-W18,Thu,page_view,product,/integrations,organic,none,desktop,AU,pro,user_0250,session_0250_0,0
evt_001506,2026-04-30T18:50:37+00:00,2026-W18,Thu,page_view,product,/product,organic,none,desktop,AU,pro,user_0250,session_0250_0,0
evt_001507,2026-04-30T18:52:14+00:00,2026-W18,Thu,page_view,marketing,/,organic,none,desktop,AU,pro,user_0250,session_0250_0,0
evt_001508,2026-04-27T02:16:00+00:00,2026-W18,Mon,page_view,learn,/docs/getting-started,organic,none,desktop,AU,pro,user_0250,session_0250_1,0
evt_001509,2026-04-27T02:16:48+00:00,2026-W18,Mon,page_view,marketing,/,organic,none,desktop,AU,pro,user_0250,session_0250_1,0
evt_001510,2026-04-21T17:56:00+00:00,2026-W17,Tue,page_view,learn,/docs/getting-started,organic,none,desktop,US,free,user_0251,session_0251_0,0
evt_001511,2026-04-21T17:57:20+00:00,2026-W17,Tue,page_view,marketing,/,organic,none,desktop,US,free,user_0251,session_0251_0,0
evt_001512,2026-04-21T17:58:31+00:00,2026-W17,Tue,page_view,product,/integrations,organic,none,desktop,US,free,user_0251,session_0251_0,0
evt_001513,2026-04-21T17:59:04+00:00,2026-W17,Tue,page_view,marketing,/,organic,none,desktop,US,free,user_0251,session_0251_0,0
evt_001514,2026-04-21T18:00:12+00:00,2026-W17,Tue,page_view,product,/integrations,organic,none,desktop,US,free,user_0251,session_0251_0,0
evt_001515,2026-04-21T18:04:00+00:00,2026-W17,Tue,page_view,marketing,/,organic,none,desktop,US,free,user_0251,session_0251_0,0
evt_001516,2026-04-25T09:04:00+00:00,2026-W17,Sat,page_view,marketing,/,linkedin,founders,desktop,CA,pro,user_0252,session_0252_0,0
evt_001517,2026-04-25T09:04:33+00:00,2026-W17,Sat,page_view,learn,/docs/getting-started,linkedin,founders,desktop,CA,pro,user_0252,session_0252_0,0
evt_001518,2026-04-25T09:05:07+00:00,2026-W17,Sat,page_view,learn,/blog/warehouse,linkedin,founders,desktop,CA,pro,user_0252,session_0252_0,0
evt_001519,2026-04-25T09:07:34+00:00,2026-W17,Sat,page_view,marketing,/,linkedin,founders,desktop,CA,pro,user_0252,session_0252_0,0
evt_001520,2026-04-25T09:10:54+00:00,2026-W17,Sat,page_view,marketing,/,linkedin,founders,desktop,CA,pro,user_0252,session_0252_0,0
evt_001521,2026-04-25T09:12:47+00:00,2026-W17,Sat,page_view,marketing,/,linkedin,founders,desktop,CA,pro,user_0252,session_0252_0,0
evt_001522,2026-04-27T08:29:00+00:00,2026-W18,Mon,page_view,product,/integrations,linkedin,founders,desktop,CA,pro,user_0252,session_0252_1,0
evt_001523,2026-04-27T08:30:00+00:00,2026-W18,Mon,page_view,product,/product,linkedin,founders,desktop,CA,pro,user_0252,session_0252_1,0
evt_001524,2026-04-27T08:32:37+00:00,2026-W18,Mon,page_view,product,/product,linkedin,founders,desktop,CA,pro,user_0252,session_0252_1,0
evt_001525,2026-04-27T08:33:19+00:00,2026-W18,Mon,page_view,learn,/docs/getting-started,linkedin,founders,desktop,CA,pro,user_0252,session_0252_1,0
evt_001526,2026-04-27T08:36:01+00:00,2026-W18,Mon,page_view,marketing,/pricing,linkedin,founders,desktop,CA,pro,user_0252,session_0252_1,0
evt_001527,2026-04-27T08:38:13+00:00,2026-W18,Mon,page_view,learn,/docs/getting-started,linkedin,founders,desktop,CA,pro,user_0252,session_0252_1,0
evt_001528,2026-04-25T15:07:00+00:00,2026-W17,Sat,page_view,learn,/blog/warehouse,organic,none,desktop,CA,free,user_0253,session_0253_0,0
evt_001529,2026-04-25T15:09:35+00:00,2026-W17,Sat,page_view,learn,/blog/warehouse,organic,none,desktop,CA,free,user_0253,session_0253_0,0
evt_001530,2026-04-25T15:11:13+00:00,2026-W17,Sat,page_view,learn,/docs/getting-started,organic,none,desktop,CA,free,user_0253,session_0253_0,0
evt_001531,2026-04-25T15:13:13+00:00,2026-W17,Sat,page_view,learn,/docs/getting-started,organic,none,desktop,CA,free,user_0253,session_0253_0,0
evt_001532,2026-04-29T08:40:00+00:00,2026-W18,Wed,page_view,learn,/blog/warehouse,newsletter,april_launch,desktop,GB,free,user_0254,session_0254_0,0
evt_001533,2026-04-29T08:42:09+00:00,2026-W18,Wed,page_view,learn,/blog/warehouse,newsletter,april_launch,desktop,GB,free,user_0254,session_0254_0,0
evt_001534,2026-04-29T08:42:24+00:00,2026-W18,Wed,page_view,learn,/docs/getting-started,newsletter,april_launch,desktop,GB,free,user_0254,session_0254_0,0
evt_001535,2026-04-29T08:43:51+00:00,2026-W18,Wed,page_view,product,/integrations,newsletter,april_launch,desktop,GB,free,user_0254,session_0254_0,0
evt_001536,2026-04-10T10:18:00+00:00,2026-W15,Fri,page_view,marketing,/pricing,newsletter,april_launch,desktop,GB,free,user_0254,session_0254_1,0
evt_001537,2026-04-10T10:19:11+00:00,2026-W15,Fri,page_view,marketing,/,newsletter,april_launch,desktop,GB,free,user_0254,session_0254_1,0
evt_001538,2026-04-10T10:20:46+00:00,2026-W15,Fri,signup_started,account,/signup,newsletter,april_launch,desktop,GB,free,user_0254,session_0254_1,0
evt_001539,2026-04-09T01:17:00+00:00,2026-W15,Thu,page_view,marketing,/pricing,linkedin,founders,desktop,AU,free,user_0255,session_0255_0,0
evt_001540,2026-04-09T01:17:50+00:00,2026-W15,Thu,page_view,marketing,/pricing,linkedin,founders,desktop,AU,free,user_0255,session_0255_0,0
evt_001541,2026-04-09T01:20:34+00:00,2026-W15,Thu,page_view,marketing,/pricing,linkedin,founders,desktop,AU,free,user_0255,session_0255_0,0
evt_001542,2026-04-09T01:21:54+00:00,2026-W15,Thu,page_view,learn,/docs/getting-started,linkedin,founders,desktop,AU,free,user_0255,session_0255_0,0
evt_001543,2026-04-09T01:22:32+00:00,2026-W15,Thu,page_view,product,/product,linkedin,founders,desktop,AU,free,user_0255,session_0255_0,0
evt_001544,2026-04-24T03:15:00+00:00,2026-W17,Fri,page_view,product,/integrations,linkedin,founders,mobile,CA,free,user_0256,session_0256_0,0
evt_001545,2026-04-24T03:15:24+00:00,2026-W17,Fri,page_view,learn,/docs/getting-started,linkedin,founders,mobile,CA,free,user_0256,session_0256_0,0
evt_001546,2026-04-24T03:18:06+00:00,2026-W17,Fri,page_view,marketing,/pricing,linkedin,founders,mobile,CA,free,user_0256,session_0256_0,0
evt_001547,2026-04-24T03:21:40+00:00,2026-W17,Fri,page_view,marketing,/,linkedin,founders,mobile,CA,free,user_0256,session_0256_0,0
evt_001548,2026-04-24T03:25:12+00:00,2026-W17,Fri,page_view,marketing,/pricing,linkedin,founders,mobile,CA,free,user_0256,session_0256_0,0
evt_001549,2026-04-24T03:29:12+00:00,2026-W17,Fri,page_view,learn,/docs/getting-started,linkedin,founders,mobile,CA,free,user_0256,session_0256_0,0
evt_001550,2026-04-07T10:24:00+00:00,2026-W15,Tue,page_view,marketing,/,organic,none,mobile,AU,pro,user_0257,session_0257_0,0
evt_001551,2026-04-07T10:26:33+00:00,2026-W15,Tue,page_view,product,/product,organic,none,mobile,AU,pro,user_0257,session_0257_0,0
evt_001552,2026-04-07T10:28:11+00:00,2026-W15,Tue,page_view,product,/product,organic,none,mobile,AU,pro,user_0257,session_0257_0,0
evt_001553,2026-04-07T10:29:22+00:00,2026-W15,Tue,page_view,marketing,/,organic,none,mobile,AU,pro,user_0257,session_0257_0,0
evt_001554,2026-04-07T10:32:29+00:00,2026-W15,Tue,page_view,learn,/docs/getting-started,organic,none,mobile,AU,pro,user_0257,session_0257_0,0
evt_001555,2026-04-07T10:34:24+00:00,2026-W15,Tue,page_view,learn,/blog/warehouse,organic,none,mobile,AU,pro,user_0257,session_0257_0,0
evt_001556,2026-04-16T02:49:00+00:00,2026-W16,Thu,page_view,product,/product,linkedin,founders,desktop,GB,free,user_0258,session_0258_0,0
evt_001557,2026-04-16T02:49:27+00:00,2026-W16,Thu,page_view,product,/product,linkedin,founders,desktop,GB,free,user_0258,session_0258_0,0
evt_001558,2026-04-16T02:50:49+00:00,2026-W16,Thu,page_view,marketing,/,linkedin,founders,desktop,GB,free,user_0258,session_0258_0,0
evt_001559,2026-04-16T02:53:12+00:00,2026-W16,Thu,page_view,product,/product,linkedin,founders,desktop,GB,free,user_0258,session_0258_0,0
evt_001560,2026-04-16T02:56:25+00:00,2026-W16,Thu,page_view,marketing,/,linkedin,founders,desktop,GB,free,user_0258,session_0258_0,0
evt_001561,2026-04-29T17:53:00+00:00,2026-W18,Wed,page_view,marketing,/pricing,google,spring_search,desktop,CA,free,user_0259,session_0259_0,0
evt_001562,2026-04-29T17:54:23+00:00,2026-W18,Wed,page_view,learn,/docs/getting-started,google,spring_search,desktop,CA,free,user_0259,session_0259_0,0
evt_001563,2026-04-29T17:56:00+00:00,2026-W18,Wed,page_view,product,/integrations,google,spring_search,desktop,CA,free,user_0259,session_0259_0,0
evt_001564,2026-04-29T17:58:42+00:00,2026-W18,Wed,signup_started,account,/signup,google,spring_search,desktop,CA,free,user_0259,session_0259_0,0
evt_001565,2026-04-19T12:28:00+00:00,2026-W16,Sun,page_view,marketing,/,google,spring_search,desktop,CA,free,user_0259,session_0259_1,0
evt_001566,2026-04-19T12:29:43+00:00,2026-W16,Sun,page_view,product,/integrations,google,spring_search,desktop,CA,free,user_0259,session_0259_1,0
evt_001567,2026-04-19T12:30:04+00:00,2026-W16,Sun,page_view,learn,/docs/getting-started,google,spring_search,desktop,CA,free,user_0259,session_0259_1,0
evt_001568,2026-04-19T12:31:02+00:00,2026-W16,Sun,page_view,learn,/blog/warehouse,google,spring_search,desktop,CA,free,user_0259,session_0259_1,0
evt_001569,2026-04-12T23:23:00+00:00,2026-W15,Sun,page_view,marketing,/,newsletter,april_launch,mobile,AU,free,user_0260,session_0260_0,0
evt_001570,2026-04-12T23:26:21+00:00,2026-W15,Sun,page_view,learn,/docs/getting-started,newsletter,april_launch,mobile,AU,free,user_0260,session_0260_0,0
evt_001571,2026-04-12T23:27:04+00:00,2026-W15,Sun,page_view,learn,/docs/getting-started,newsletter,april_launch,mobile,AU,free,user_0260,session_0260_0,0
evt_001572,2026-04-12T23:28:21+00:00,2026-W15,Sun,page_view,learn,/blog/warehouse,newsletter,april_launch,mobile,AU,free,user_0260,session_0260_0,0
evt_001573,2026-05-03T09:49:00+00:00,2026-W18,Sun,page_view,marketing,/pricing,newsletter,april_launch,mobile,AU,free,user_0260,session_0260_1,0
evt_001574,2026-05-03T09:52:40+00:00,2026-W18,Sun,page_view,marketing,/,newsletter,april_launch,mobile,AU,free,user_0260,session_0260_1,0
evt_001575,2026-04-21T21:15:00+00:00,2026-W17,Tue,page_view,learn,/blog/warehouse,organic,none,mobile,GB,free,user_0261,session_0261_0,0
evt_001576,2026-04-21T21:18:12+00:00,2026-W17,Tue,page_view,product,/integrations,organic,none,mobile,GB,free,user_0261,session_0261_0,0
evt_001577,2026-04-21T21:18:31+00:00,2026-W17,Tue,page_view,marketing,/pricing,organic,none,mobile,GB,free,user_0261,session_0261_0,0
evt_001578,2026-04-21T21:21:35+00:00,2026-W17,Tue,page_view,product,/product,organic,none,mobile,GB,free,user_0261,session_0261_0,0
evt_001579,2026-04-21T21:22:55+00:00,2026-W17,Tue,page_view,marketing,/,organic,none,mobile,GB,free,user_0261,session_0261_0,0
evt_001580,2026-04-21T21:24:22+00:00,2026-W17,Tue,page_view,marketing,/,organic,none,mobile,GB,free,user_0261,session_0261_0,0
evt_001581,2026-04-21T21:27:35+00:00,2026-W17,Tue,page_view,product,/integrations,organic,none,mobile,GB,free,user_0261,session_0261_0,0
evt_001582,2026-04-09T00:39:00+00:00,2026-W15,Thu,page_view,learn,/docs/getting-started,direct,none,desktop,DE,free,user_0262,session_0262_0,0
evt_001583,2026-04-09T00:42:01+00:00,2026-W15,Thu,page_view,marketing,/pricing,direct,none,desktop,DE,free,user_0262,session_0262_0,0
evt_001584,2026-04-09T00:43:53+00:00,2026-W15,Thu,page_view,product,/product,direct,none,desktop,DE,free,user_0262,session_0262_0,0
evt_001585,2026-04-09T00:47:09+00:00,2026-W15,Thu,page_view,marketing,/,direct,none,desktop,DE,free,user_0262,session_0262_0,0
evt_001586,2026-04-06T01:21:00+00:00,2026-W15,Mon,page_view,learn,/blog/warehouse,linkedin,founders,desktop,GB,free,user_0263,session_0263_0,0
evt_001587,2026-04-06T01:22:33+00:00,2026-W15,Mon,page_view,marketing,/pricing,linkedin,founders,desktop,GB,free,user_0263,session_0263_0,0
evt_001588,2026-04-06T01:24:28+00:00,2026-W15,Mon,page_view,learn,/docs/getting-started,linkedin,founders,desktop,GB,free,user_0263,session_0263_0,0
evt_001589,2026-04-06T01:24:47+00:00,2026-W15,Mon,signup_started,account,/signup,linkedin,founders,desktop,GB,free,user_0263,session_0263_0,0
evt_001590,2026-04-18T01:00:00+00:00,2026-W16,Sat,page_view,learn,/blog/warehouse,linkedin,founders,desktop,AU,free,user_0264,session_0264_0,0
evt_001591,2026-04-18T01:01:12+00:00,2026-W16,Sat,page_view,marketing,/,linkedin,founders,desktop,AU,free,user_0264,session_0264_0,0
evt_001592,2026-04-18T01:03:07+00:00,2026-W16,Sat,page_view,product,/integrations,linkedin,founders,desktop,AU,free,user_0264,session_0264_0,0
evt_001593,2026-04-18T01:03:44+00:00,2026-W16,Sat,page_view,learn,/docs/getting-started,linkedin,founders,desktop,AU,free,user_0264,session_0264_0,0
evt_001594,2026-04-18T01:06:12+00:00,2026-W16,Sat,page_view,learn,/blog/warehouse,linkedin,founders,desktop,AU,free,user_0264,session_0264_0,0
evt_001595,2026-04-18T01:09:03+00:00,2026-W16,Sat,page_view,learn,/docs/getting-started,linkedin,founders,desktop,AU,free,user_0264,session_0264_0,0
evt_001596,2026-04-13T14:14:00+00:00,2026-W16,Mon,page_view,product,/product,linkedin,founders,desktop,AU,free,user_0264,session_0264_1,0
evt_001597,2026-04-13T14:16:04+00:00,2026-W16,Mon,page_view,learn,/blog/warehouse,linkedin,founders,desktop,AU,free,user_0264,session_0264_1,0
evt_001598,2026-04-13T14:18:53+00:00,2026-W16,Mon,page_view,marketing,/pricing,linkedin,founders,desktop,AU,free,user_0264,session_0264_1,0
evt_001599,2026-04-13T14:21:26+00:00,2026-W16,Mon,signup_started,account,/signup,linkedin,founders,desktop,AU,free,user_0264,session_0264_1,0
evt_001600,2026-04-22T04:36:00+00:00,2026-W17,Wed,page_view,learn,/blog/warehouse,linkedin,founders,mobile,GB,pro,user_0265,session_0265_0,0
evt_001601,2026-04-22T04:39:32+00:00,2026-W17,Wed,page_view,marketing,/,linkedin,founders,mobile,GB,pro,user_0265,session_0265_0,0
evt_001602,2026-04-22T04:42:11+00:00,2026-W17,Wed,page_view,learn,/blog/warehouse,linkedin,founders,mobile,GB,pro,user_0265,session_0265_0,0
evt_001603,2026-04-22T04:43:47+00:00,2026-W17,Wed,page_view,marketing,/,linkedin,founders,mobile,GB,pro,user_0265,session_0265_0,0
evt_001604,2026-04-22T04:46:18+00:00,2026-W17,Wed,page_view,learn,/blog/warehouse,linkedin,founders,mobile,GB,pro,user_0265,session_0265_0,0
evt_001605,2026-04-19T14:02:00+00:00,2026-W16,Sun,page_view,product,/product,organic,none,mobile,GB,pro,user_0266,session_0266_0,0
evt_001606,2026-04-19T14:05:45+00:00,2026-W16,Sun,page_view,learn,/blog/warehouse,organic,none,mobile,GB,pro,user_0266,session_0266_0,0
evt_001607,2026-04-19T14:09:09+00:00,2026-W16,Sun,page_view,marketing,/pricing,organic,none,mobile,GB,pro,user_0266,session_0266_0,0
evt_001608,2026-04-19T14:12:43+00:00,2026-W16,Sun,page_view,marketing,/,organic,none,mobile,GB,pro,user_0266,session_0266_0,0
evt_001609,2026-04-19T14:13:31+00:00,2026-W16,Sun,signup_started,account,/signup,organic,none,mobile,GB,pro,user_0266,session_0266_0,0
evt_001610,2026-04-06T12:15:00+00:00,2026-W15,Mon,page_view,product,/integrations,linkedin,founders,desktop,AU,free,user_0267,session_0267_0,0
evt_001611,2026-04-06T12:17:17+00:00,2026-W15,Mon,page_view,marketing,/,linkedin,founders,desktop,AU,free,user_0267,session_0267_0,0
evt_001612,2026-04-11T06:35:00+00:00,2026-W15,Sat,page_view,marketing,/,linkedin,founders,mobile,DE,free,user_0268,session_0268_0,0
evt_001613,2026-04-11T06:38:30+00:00,2026-W15,Sat,page_view,learn,/blog/warehouse,linkedin,founders,mobile,DE,free,user_0268,session_0268_0,0
evt_001614,2026-04-11T06:39:54+00:00,2026-W15,Sat,page_view,learn,/blog/warehouse,linkedin,founders,mobile,DE,free,user_0268,session_0268_0,0
evt_001615,2026-05-03T21:03:00+00:00,2026-W18,Sun,page_view,product,/integrations,linkedin,founders,tablet,GB,free,user_0269,session_0269_0,0
evt_001616,2026-05-03T21:06:56+00:00,2026-W18,Sun,page_view,product,/product,linkedin,founders,tablet,GB,free,user_0269,session_0269_0,0
evt_001617,2026-05-03T21:08:14+00:00,2026-W18,Sun,page_view,product,/product,linkedin,founders,tablet,GB,free,user_0269,session_0269_0,0
evt_001618,2026-05-03T21:11:47+00:00,2026-W18,Sun,page_view,marketing,/,linkedin,founders,tablet,GB,free,user_0269,session_0269_0,0
evt_001619,2026-05-03T21:15:10+00:00,2026-W18,Sun,page_view,learn,/docs/getting-started,linkedin,founders,tablet,GB,free,user_0269,session_0269_0,0
evt_001620,2026-05-01T01:18:00+00:00,2026-W18,Fri,page_view,marketing,/,organic,none,mobile,AU,free,user_0270,session_0270_0,0
evt_001621,2026-05-01T01:20:11+00:00,2026-W18,Fri,page_view,learn,/docs/getting-started,organic,none,mobile,AU,free,user_0270,session_0270_0,0
evt_001622,2026-05-01T01:20:36+00:00,2026-W18,Fri,page_view,learn,/docs/getting-started,organic,none,mobile,AU,free,user_0270,session_0270_0,0
evt_001623,2026-05-01T01:21:53+00:00,2026-W18,Fri,page_view,product,/product,organic,none,mobile,AU,free,user_0270,session_0270_0,0
evt_001624,2026-05-01T01:23:49+00:00,2026-W18,Fri,page_view,learn,/blog/warehouse,organic,none,mobile,AU,free,user_0270,session_0270_0,0
evt_001625,2026-05-01T01:24:14+00:00,2026-W18,Fri,page_view,product,/product,organic,none,mobile,AU,free,user_0270,session_0270_0,0
evt_001626,2026-05-02T09:45:00+00:00,2026-W18,Sat,page_view,marketing,/,newsletter,april_launch,tablet,GB,free,user_0271,session_0271_0,0
evt_001627,2026-05-02T09:46:30+00:00,2026-W18,Sat,page_view,product,/integrations,newsletter,april_launch,tablet,GB,free,user_0271,session_0271_0,0
evt_001628,2026-05-02T09:46:58+00:00,2026-W18,Sat,page_view,product,/integrations,newsletter,april_launch,tablet,GB,free,user_0271,session_0271_0,0
evt_001629,2026-05-02T09:47:49+00:00,2026-W18,Sat,page_view,product,/product,newsletter,april_launch,tablet,GB,free,user_0271,session_0271_0,0
evt_001630,2026-05-02T09:50:49+00:00,2026-W18,Sat,page_view,product,/product,newsletter,april_launch,tablet,GB,free,user_0271,session_0271_0,0
evt_001631,2026-04-19T11:02:00+00:00,2026-W16,Sun,page_view,marketing,/,google,spring_search,desktop,AU,team,user_0272,session_0272_0,0
evt_001632,2026-04-19T11:04:11+00:00,2026-W16,Sun,page_view,product,/integrations,google,spring_search,desktop,AU,team,user_0272,session_0272_0,0
evt_001633,2026-04-19T11:07:28+00:00,2026-W16,Sun,page_view,learn,/blog/warehouse,google,spring_search,desktop,AU,team,user_0272,session_0272_0,0
evt_001634,2026-04-19T11:11:28+00:00,2026-W16,Sun,page_view,product,/product,google,spring_search,desktop,AU,team,user_0272,session_0272_0,0
evt_001635,2026-04-19T11:12:47+00:00,2026-W16,Sun,page_view,marketing,/pricing,google,spring_search,desktop,AU,team,user_0272,session_0272_0,0
evt_001636,2026-04-08T17:52:00+00:00,2026-W15,Wed,page_view,marketing,/pricing,newsletter,april_launch,mobile,US,free,user_0273,session_0273_0,0
evt_001637,2026-04-08T17:55:37+00:00,2026-W15,Wed,page_view,learn,/blog/warehouse,newsletter,april_launch,mobile,US,free,user_0273,session_0273_0,0
evt_001638,2026-04-08T17:58:28+00:00,2026-W15,Wed,page_view,learn,/blog/warehouse,newsletter,april_launch,mobile,US,free,user_0273,session_0273_0,0
evt_001639,2026-04-08T18:00:19+00:00,2026-W15,Wed,page_view,product,/product,newsletter,april_launch,mobile,US,free,user_0273,session_0273_0,0
evt_001640,2026-04-08T18:00:45+00:00,2026-W15,Wed,page_view,learn,/docs/getting-started,newsletter,april_launch,mobile,US,free,user_0273,session_0273_0,0
evt_001641,2026-04-08T18:02:25+00:00,2026-W15,Wed,page_view,product,/product,newsletter,april_launch,mobile,US,free,user_0273,session_0273_0,0
evt_001642,2026-04-08T18:05:28+00:00,2026-W15,Wed,page_view,learn,/docs/getting-started,newsletter,april_launch,mobile,US,free,user_0273,session_0273_0,0
evt_001643,2026-04-15T21:22:00+00:00,2026-W16,Wed,page_view,marketing,/,organic,none,mobile,CA,free,user_0274,session_0274_0,0
evt_001644,2026-04-15T21:22:48+00:00,2026-W16,Wed,page_view,learn,/blog/warehouse,organic,none,mobile,CA,free,user_0274,session_0274_0,0
evt_001645,2026-04-15T21:23:03+00:00,2026-W16,Wed,page_view,product,/integrations,organic,none,mobile,CA,free,user_0274,session_0274_0,0
evt_001646,2026-04-13T07:24:00+00:00,2026-W16,Mon,page_view,product,/integrations,organic,none,desktop,CA,free,user_0275,session_0275_0,0
evt_001647,2026-04-13T07:26:11+00:00,2026-W16,Mon,page_view,product,/product,organic,none,desktop,CA,free,user_0275,session_0275_0,0
evt_001648,2026-04-13T07:26:46+00:00,2026-W16,Mon,page_view,product,/integrations,organic,none,desktop,CA,free,user_0275,session_0275_0,0
evt_001649,2026-04-13T07:27:02+00:00,2026-W16,Mon,page_view,marketing,/pricing,organic,none,desktop,CA,free,user_0275,session_0275_0,0
evt_001650,2026-04-13T07:29:37+00:00,2026-W16,Mon,page_view,marketing,/pricing,organic,none,desktop,CA,free,user_0275,session_0275_0,0
evt_001651,2026-04-13T07:32:32+00:00,2026-W16,Mon,page_view,product,/product,organic,none,desktop,CA,free,user_0275,session_0275_0,0
evt_001652,2026-04-13T07:36:18+00:00,2026-W16,Mon,signup_started,account,/signup,organic,none,desktop,CA,free,user_0275,session_0275_0,0
evt_001653,2026-04-07T22:17:00+00:00,2026-W15,Tue,page_view,marketing,/,organic,none,desktop,CA,free,user_0275,session_0275_1,0
evt_001654,2026-04-07T22:20:53+00:00,2026-W15,Tue,page_view,marketing,/,organic,none,desktop,CA,free,user_0275,session_0275_1,0
evt_001655,2026-04-07T22:23:35+00:00,2026-W15,Tue,page_view,learn,/docs/getting-started,organic,none,desktop,CA,free,user_0275,session_0275_1,0
evt_001656,2026-04-07T22:25:06+00:00,2026-W15,Tue,page_view,marketing,/pricing,organic,none,desktop,CA,free,user_0275,session_0275_1,0
evt_001657,2026-04-07T22:25:43+00:00,2026-W15,Tue,signup_started,account,/signup,organic,none,desktop,CA,free,user_0275,session_0275_1,0
evt_001658,2026-04-23T06:03:00+00:00,2026-W17,Thu,page_view,learn,/docs/getting-started,organic,none,mobile,AU,free,user_0276,session_0276_0,0
evt_001659,2026-04-23T06:04:47+00:00,2026-W17,Thu,page_view,learn,/blog/warehouse,organic,none,mobile,AU,free,user_0276,session_0276_0,0
evt_001660,2026-04-23T06:05:25+00:00,2026-W17,Thu,page_view,learn,/docs/getting-started,organic,none,mobile,AU,free,user_0276,session_0276_0,0
evt_001661,2026-04-23T06:07:02+00:00,2026-W17,Thu,page_view,marketing,/pricing,organic,none,mobile,AU,free,user_0276,session_0276_0,0
evt_001662,2026-04-23T06:08:54+00:00,2026-W17,Thu,page_view,learn,/docs/getting-started,organic,none,mobile,AU,free,user_0276,session_0276_0,0
evt_001663,2026-04-19T17:54:00+00:00,2026-W16,Sun,page_view,product,/integrations,google,spring_search,desktop,GB,free,user_0277,session_0277_0,0
evt_001664,2026-04-19T17:56:51+00:00,2026-W16,Sun,page_view,marketing,/,google,spring_search,desktop,GB,free,user_0277,session_0277_0,0
evt_001665,2026-04-19T17:59:32+00:00,2026-W16,Sun,page_view,learn,/docs/getting-started,google,spring_search,desktop,GB,free,user_0277,session_0277_0,0
evt_001666,2026-04-25T10:48:00+00:00,2026-W17,Sat,page_view,product,/product,google,spring_search,desktop,AU,team,user_0278,session_0278_0,0
evt_001667,2026-04-25T10:50:54+00:00,2026-W17,Sat,page_view,marketing,/pricing,google,spring_search,desktop,AU,team,user_0278,session_0278_0,0
evt_001668,2026-04-25T10:51:42+00:00,2026-W17,Sat,page_view,product,/integrations,google,spring_search,desktop,AU,team,user_0278,session_0278_0,0
evt_001669,2026-04-25T10:54:04+00:00,2026-W17,Sat,page_view,product,/product,google,spring_search,desktop,AU,team,user_0278,session_0278_0,0
evt_001670,2026-04-06T15:52:00+00:00,2026-W15,Mon,page_view,learn,/docs/getting-started,newsletter,april_launch,mobile,GB,pro,user_0279,session_0279_0,0
evt_001671,2026-04-06T15:55:23+00:00,2026-W15,Mon,page_view,learn,/docs/getting-started,newsletter,april_launch,mobile,GB,pro,user_0279,session_0279_0,0
evt_001672,2026-04-06T15:59:02+00:00,2026-W15,Mon,page_view,product,/integrations,newsletter,april_launch,mobile,GB,pro,user_0279,session_0279_0,0
evt_001673,2026-04-06T16:01:03+00:00,2026-W15,Mon,page_view,product,/product,newsletter,april_launch,mobile,GB,pro,user_0279,session_0279_0,0
evt_001674,2026-04-06T16:02:43+00:00,2026-W15,Mon,page_view,marketing,/pricing,newsletter,april_launch,mobile,GB,pro,user_0279,session_0279_0,0
evt_001675,2026-04-06T16:06:24+00:00,2026-W15,Mon,page_view,product,/integrations,newsletter,april_launch,mobile,GB,pro,user_0279,session_0279_0,0
evt_001676,2026-04-06T16:06:41+00:00,2026-W15,Mon,page_view,product,/integrations,newsletter,april_launch,mobile,GB,pro,user_0279,session_0279_0,0
evt_001677,2026-04-06T16:09:52+00:00,2026-W15,Mon,signup_started,account,/signup,newsletter,april_launch,mobile,GB,pro,user_0279,session_0279_0,0
evt_001678,2026-04-15T10:14:00+00:00,2026-W16,Wed,page_view,product,/product,newsletter,april_launch,mobile,GB,pro,user_0279,session_0279_1,0
evt_001679,2026-04-15T10:17:31+00:00,2026-W16,Wed,page_view,marketing,/,newsletter,april_launch,mobile,GB,pro,user_0279,session_0279_1,0
evt_001680,2026-04-15T10:20:41+00:00,2026-W16,Wed,page_view,marketing,/pricing,newsletter,april_launch,mobile,GB,pro,user_0279,session_0279_1,0
evt_001681,2026-04-15T10:22:37+00:00,2026-W16,Wed,page_view,learn,/docs/getting-started,newsletter,april_launch,mobile,GB,pro,user_0279,session_0279_1,0
evt_001682,2026-04-15T10:25:29+00:00,2026-W16,Wed,page_view,learn,/blog/warehouse,newsletter,april_launch,mobile,GB,pro,user_0279,session_0279_1,0
evt_001683,2026-04-15T10:29:17+00:00,2026-W16,Wed,page_view,marketing,/,newsletter,april_launch,mobile,GB,pro,user_0279,session_0279_1,0
evt_001684,2026-04-26T15:43:00+00:00,2026-W17,Sun,page_view,learn,/blog/warehouse,direct,none,desktop,CA,pro,user_0280,session_0280_0,0
evt_001685,2026-04-26T15:45:13+00:00,2026-W17,Sun,page_view,learn,/docs/getting-started,direct,none,desktop,CA,pro,user_0280,session_0280_0,0
evt_001686,2026-04-26T15:47:13+00:00,2026-W17,Sun,page_view,learn,/blog/warehouse,direct,none,desktop,CA,pro,user_0280,session_0280_0,0
evt_001687,2026-04-26T15:47:42+00:00,2026-W17,Sun,page_view,learn,/docs/getting-started,direct,none,desktop,CA,pro,user_0280,session_0280_0,0
evt_001688,2026-04-26T15:49:13+00:00,2026-W17,Sun,page_view,product,/product,direct,none,desktop,CA,pro,user_0280,session_0280_0,0
evt_001689,2026-04-26T15:52:21+00:00,2026-W17,Sun,page_view,marketing,/pricing,direct,none,desktop,CA,pro,user_0280,session_0280_0,0
evt_001690,2026-04-26T15:54:53+00:00,2026-W17,Sun,signup_started,account,/signup,direct,none,desktop,CA,pro,user_0280,session_0280_0,0
evt_001691,2026-04-16T12:48:00+00:00,2026-W16,Thu,page_view,product,/product,organic,none,mobile,DE,free,user_0281,session_0281_0,0
evt_001692,2026-04-16T12:48:57+00:00,2026-W16,Thu,page_view,product,/product,organic,none,mobile,DE,free,user_0281,session_0281_0,0
evt_001693,2026-04-16T12:50:51+00:00,2026-W16,Thu,page_view,marketing,/,organic,none,mobile,DE,free,user_0281,session_0281_0,0
evt_001694,2026-04-16T12:51:35+00:00,2026-W16,Thu,page_view,learn,/docs/getting-started,organic,none,mobile,DE,free,user_0281,session_0281_0,0
evt_001695,2026-04-16T12:55:02+00:00,2026-W16,Thu,page_view,marketing,/pricing,organic,none,mobile,DE,free,user_0281,session_0281_0,0
evt_001696,2026-04-16T12:58:56+00:00,2026-W16,Thu,page_view,marketing,/pricing,organic,none,mobile,DE,free,user_0281,session_0281_0,0
evt_001697,2026-04-16T12:59:19+00:00,2026-W16,Thu,page_view,marketing,/pricing,organic,none,mobile,DE,free,user_0281,session_0281_0,0
evt_001698,2026-04-13T12:41:00+00:00,2026-W16,Mon,page_view,learn,/docs/getting-started,organic,none,mobile,DE,free,user_0281,session_0281_1,0
evt_001699,2026-04-13T12:42:32+00:00,2026-W16,Mon,page_view,marketing,/,organic,none,mobile,DE,free,user_0281,session_0281_1,0
evt_001700,2026-04-13T12:44:04+00:00,2026-W16,Mon,page_view,marketing,/,organic,none,mobile,DE,free,user_0281,session_0281_1,0
evt_001701,2026-04-13T12:45:54+00:00,2026-W16,Mon,page_view,learn,/docs/getting-started,organic,none,mobile,DE,free,user_0281,session_0281_1,0
evt_001702,2026-04-13T12:49:28+00:00,2026-W16,Mon,page_view,marketing,/,organic,none,mobile,DE,free,user_0281,session_0281_1,0
evt_001703,2026-04-21T17:52:00+00:00,2026-W17,Tue,page_view,learn,/docs/getting-started,google,spring_search,desktop,CA,pro,user_0282,session_0282_0,0
evt_001704,2026-04-21T17:52:51+00:00,2026-W17,Tue,page_view,learn,/docs/getting-started,google,spring_search,desktop,CA,pro,user_0282,session_0282_0,0
evt_001705,2026-04-21T17:53:31+00:00,2026-W17,Tue,page_view,learn,/docs/getting-started,google,spring_search,desktop,CA,pro,user_0282,session_0282_0,0
evt_001706,2026-04-21T17:55:58+00:00,2026-W17,Tue,page_view,product,/integrations,google,spring_search,desktop,CA,pro,user_0282,session_0282_0,0
evt_001707,2026-04-12T01:14:00+00:00,2026-W15,Sun,page_view,marketing,/pricing,google,spring_search,desktop,CA,pro,user_0282,session_0282_1,0
evt_001708,2026-04-12T01:17:56+00:00,2026-W15,Sun,page_view,product,/product,google,spring_search,desktop,CA,pro,user_0282,session_0282_1,0
evt_001709,2026-04-12T01:18:12+00:00,2026-W15,Sun,page_view,marketing,/pricing,google,spring_search,desktop,CA,pro,user_0282,session_0282_1,0
evt_001710,2026-04-12T01:18:38+00:00,2026-W15,Sun,page_view,product,/integrations,google,spring_search,desktop,CA,pro,user_0282,session_0282_1,0
evt_001711,2026-04-12T01:21:25+00:00,2026-W15,Sun,page_view,learn,/docs/getting-started,google,spring_search,desktop,CA,pro,user_0282,session_0282_1,0
evt_001712,2026-04-12T10:57:00+00:00,2026-W15,Sun,page_view,marketing,/,organic,none,desktop,DE,free,user_0283,session_0283_0,0
evt_001713,2026-04-12T10:58:25+00:00,2026-W15,Sun,page_view,product,/product,organic,none,desktop,DE,free,user_0283,session_0283_0,0
evt_001714,2026-04-12T11:01:57+00:00,2026-W15,Sun,page_view,product,/product,organic,none,desktop,DE,free,user_0283,session_0283_0,0
evt_001715,2026-04-12T18:31:00+00:00,2026-W15,Sun,page_view,product,/product,organic,none,desktop,US,free,user_0284,session_0284_0,0
evt_001716,2026-04-12T18:32:24+00:00,2026-W15,Sun,page_view,marketing,/,organic,none,desktop,US,free,user_0284,session_0284_0,0
evt_001717,2026-04-12T18:35:39+00:00,2026-W15,Sun,page_view,learn,/docs/getting-started,organic,none,desktop,US,free,user_0284,session_0284_0,0
evt_001718,2026-04-12T18:38:20+00:00,2026-W15,Sun,page_view,marketing,/pricing,organic,none,desktop,US,free,user_0284,session_0284_0,0
evt_001719,2026-04-12T18:38:53+00:00,2026-W15,Sun,signup_started,account,/signup,organic,none,desktop,US,free,user_0284,session_0284_0,0
evt_001720,2026-04-07T02:56:00+00:00,2026-W15,Tue,page_view,marketing,/pricing,google,spring_search,desktop,US,free,user_0285,session_0285_0,0
evt_001721,2026-04-07T02:59:15+00:00,2026-W15,Tue,page_view,product,/integrations,google,spring_search,desktop,US,free,user_0285,session_0285_0,0
evt_001722,2026-04-07T03:02:01+00:00,2026-W15,Tue,page_view,product,/integrations,google,spring_search,desktop,US,free,user_0285,session_0285_0,0
evt_001723,2026-04-07T03:05:12+00:00,2026-W15,Tue,page_view,product,/integrations,google,spring_search,desktop,US,free,user_0285,session_0285_0,0
evt_001724,2026-04-07T03:08:04+00:00,2026-W15,Tue,page_view,marketing,/pricing,google,spring_search,desktop,US,free,user_0285,session_0285_0,0
evt_001725,2026-04-24T04:29:00+00:00,2026-W17,Fri,page_view,learn,/docs/getting-started,linkedin,founders,mobile,AU,free,user_0286,session_0286_0,0
evt_001726,2026-04-24T04:32:13+00:00,2026-W17,Fri,page_view,product,/product,linkedin,founders,mobile,AU,free,user_0286,session_0286_0,0
evt_001727,2026-04-25T08:48:00+00:00,2026-W17,Sat,page_view,marketing,/pricing,organic,none,mobile,CA,free,user_0287,session_0287_0,0
evt_001728,2026-04-25T08:51:14+00:00,2026-W17,Sat,page_view,learn,/blog/warehouse,organic,none,mobile,CA,free,user_0287,session_0287_0,0
evt_001729,2026-04-25T08:52:53+00:00,2026-W17,Sat,page_view,learn,/docs/getting-started,organic,none,mobile,CA,free,user_0287,session_0287_0,0
evt_001730,2026-04-25T08:56:53+00:00,2026-W17,Sat,page_view,marketing,/pricing,organic,none,mobile,CA,free,user_0287,session_0287_0,0
evt_001731,2026-04-25T08:59:12+00:00,2026-W17,Sat,signup_started,account,/signup,organic,none,mobile,CA,free,user_0287,session_0287_0,0
evt_001732,2026-04-22T03:30:00+00:00,2026-W17,Wed,page_view,learn,/docs/getting-started,google,spring_search,desktop,GB,free,user_0288,session_0288_0,0
evt_001733,2026-04-22T03:33:38+00:00,2026-W17,Wed,page_view,marketing,/,google,spring_search,desktop,GB,free,user_0288,session_0288_0,0
evt_001734,2026-04-22T03:36:15+00:00,2026-W17,Wed,page_view,product,/integrations,google,spring_search,desktop,GB,free,user_0288,session_0288_0,0
evt_001735,2026-04-22T03:39:52+00:00,2026-W17,Wed,page_view,marketing,/pricing,google,spring_search,desktop,GB,free,user_0288,session_0288_0,0
evt_001736,2026-04-22T03:42:05+00:00,2026-W17,Wed,page_view,product,/product,google,spring_search,desktop,GB,free,user_0288,session_0288_0,0
evt_001737,2026-04-22T03:44:05+00:00,2026-W17,Wed,signup_started,account,/signup,google,spring_search,desktop,GB,free,user_0288,session_0288_0,0
evt_001738,2026-05-01T14:51:00+00:00,2026-W18,Fri,page_view,learn,/docs/getting-started,organic,none,desktop,US,free,user_0289,session_0289_0,0
evt_001739,2026-05-01T14:53:34+00:00,2026-W18,Fri,page_view,product,/integrations,organic,none,desktop,US,free,user_0289,session_0289_0,0
evt_001740,2026-05-01T14:54:33+00:00,2026-W18,Fri,page_view,product,/integrations,organic,none,desktop,US,free,user_0289,session_0289_0,0
evt_001741,2026-05-01T14:55:07+00:00,2026-W18,Fri,page_view,learn,/docs/getting-started,organic,none,desktop,US,free,user_0289,session_0289_0,0
evt_001742,2026-05-01T14:58:24+00:00,2026-W18,Fri,page_view,product,/product,organic,none,desktop,US,free,user_0289,session_0289_0,0
evt_001743,2026-05-01T15:00:43+00:00,2026-W18,Fri,page_view,marketing,/,organic,none,desktop,US,free,user_0289,session_0289_0,0
evt_001744,2026-04-09T23:23:00+00:00,2026-W15,Thu,page_view,learn,/docs/getting-started,google,spring_search,desktop,CA,free,user_0290,session_0290_0,0
evt_001745,2026-04-09T23:24:52+00:00,2026-W15,Thu,page_view,marketing,/pricing,google,spring_search,desktop,CA,free,user_0290,session_0290_0,0
evt_001746,2026-04-09T23:27:52+00:00,2026-W15,Thu,page_view,product,/integrations,google,spring_search,desktop,CA,free,user_0290,session_0290_0,0
evt_001747,2026-04-09T23:28:30+00:00,2026-W15,Thu,page_view,marketing,/,google,spring_search,desktop,CA,free,user_0290,session_0290_0,0
evt_001748,2026-04-09T23:29:20+00:00,2026-W15,Thu,page_view,learn,/blog/warehouse,google,spring_search,desktop,CA,free,user_0290,session_0290_0,0
evt_001749,2026-04-09T23:32:48+00:00,2026-W15,Thu,page_view,product,/integrations,google,spring_search,desktop,CA,free,user_0290,session_0290_0,0
evt_001750,2026-04-27T05:05:00+00:00,2026-W18,Mon,page_view,product,/product,google,spring_search,desktop,CA,free,user_0290,session_0290_1,0
evt_001751,2026-04-27T05:06:54+00:00,2026-W18,Mon,page_view,product,/integrations,google,spring_search,desktop,CA,free,user_0290,session_0290_1,0
evt_001752,2026-04-27T05:09:03+00:00,2026-W18,Mon,page_view,marketing,/,google,spring_search,desktop,CA,free,user_0290,session_0290_1,0
evt_001753,2026-04-27T05:12:12+00:00,2026-W18,Mon,page_view,learn,/docs/getting-started,google,spring_search,desktop,CA,free,user_0290,session_0290_1,0
evt_001754,2026-04-27T05:13:43+00:00,2026-W18,Mon,page_view,product,/product,google,spring_search,desktop,CA,free,user_0290,session_0290_1,0
evt_001755,2026-04-24T00:16:00+00:00,2026-W17,Fri,page_view,learn,/blog/warehouse,organic,none,tablet,CA,pro,user_0291,session_0291_0,0
evt_001756,2026-04-24T00:17:58+00:00,2026-W17,Fri,page_view,learn,/docs/getting-started,organic,none,tablet,CA,pro,user_0291,session_0291_0,0
evt_001757,2026-04-24T00:21:51+00:00,2026-W17,Fri,page_view,marketing,/pricing,organic,none,tablet,CA,pro,user_0291,session_0291_0,0
evt_001758,2026-04-24T00:23:40+00:00,2026-W17,Fri,page_view,learn,/blog/warehouse,organic,none,tablet,CA,pro,user_0291,session_0291_0,0
evt_001759,2026-04-24T00:24:08+00:00,2026-W17,Fri,page_view,marketing,/,organic,none,tablet,CA,pro,user_0291,session_0291_0,0
evt_001760,2026-04-24T00:26:46+00:00,2026-W17,Fri,page_view,learn,/docs/getting-started,organic,none,tablet,CA,pro,user_0291,session_0291_0,0
evt_001761,2026-04-24T00:28:32+00:00,2026-W17,Fri,signup_completed,account,/signup,organic,none,tablet,CA,pro,user_0291,session_0291_0,99
evt_001762,2026-04-18T14:51:00+00:00,2026-W16,Sat,page_view,marketing,/,organic,none,desktop,AU,free,user_0292,session_0292_0,0
evt_001763,2026-04-18T14:51:59+00:00,2026-W16,Sat,page_view,product,/product,organic,none,desktop,AU,free,user_0292,session_0292_0,0
evt_001764,2026-04-18T14:53:02+00:00,2026-W16,Sat,page_view,product,/product,organic,none,desktop,AU,free,user_0292,session_0292_0,0
evt_001765,2026-04-18T14:56:52+00:00,2026-W16,Sat,page_view,learn,/blog/warehouse,organic,none,desktop,AU,free,user_0292,session_0292_0,0
evt_001766,2026-04-18T15:00:42+00:00,2026-W16,Sat,page_view,product,/product,organic,none,desktop,AU,free,user_0292,session_0292_0,0
evt_001767,2026-04-18T15:02:10+00:00,2026-W16,Sat,page_view,learn,/blog/warehouse,organic,none,desktop,AU,free,user_0292,session_0292_0,0
evt_001768,2026-04-10T02:53:00+00:00,2026-W15,Fri,page_view,product,/integrations,organic,none,desktop,US,free,user_0293,session_0293_0,0
evt_001769,2026-04-10T02:55:01+00:00,2026-W15,Fri,page_view,learn,/docs/getting-started,organic,none,desktop,US,free,user_0293,session_0293_0,0
evt_001770,2026-04-10T02:58:37+00:00,2026-W15,Fri,page_view,product,/integrations,organic,none,desktop,US,free,user_0293,session_0293_0,0
evt_001771,2026-04-11T14:29:00+00:00,2026-W15,Sat,page_view,marketing,/,linkedin,founders,desktop,CA,free,user_0294,session_0294_0,0
evt_001772,2026-04-11T14:31:22+00:00,2026-W15,Sat,page_view,learn,/docs/getting-started,linkedin,founders,desktop,CA,free,user_0294,session_0294_0,0
evt_001773,2026-04-11T14:32:37+00:00,2026-W15,Sat,page_view,learn,/docs/getting-started,linkedin,founders,desktop,CA,free,user_0294,session_0294_0,0
evt_001774,2026-04-11T14:34:00+00:00,2026-W15,Sat,page_view,product,/product,linkedin,founders,desktop,CA,free,user_0294,session_0294_0,0
evt_001775,2026-04-11T14:36:34+00:00,2026-W15,Sat,page_view,product,/product,linkedin,founders,desktop,CA,free,user_0294,session_0294_0,0
evt_001776,2026-04-11T14:36:57+00:00,2026-W15,Sat,page_view,learn,/blog/warehouse,linkedin,founders,desktop,CA,free,user_0294,session_0294_0,0
evt_001777,2026-04-29T17:58:00+00:00,2026-W18,Wed,page_view,product,/product,google,spring_search,desktop,AU,free,user_0295,session_0295_0,0
evt_001778,2026-04-29T17:58:35+00:00,2026-W18,Wed,page_view,product,/product,google,spring_search,desktop,AU,free,user_0295,session_0295_0,0
evt_001779,2026-04-29T18:01:26+00:00,2026-W18,Wed,page_view,marketing,/,google,spring_search,desktop,AU,free,user_0295,session_0295_0,0
evt_001780,2026-04-29T18:03:41+00:00,2026-W18,Wed,page_view,product,/integrations,google,spring_search,desktop,AU,free,user_0295,session_0295_0,0
evt_001781,2026-04-16T18:15:00+00:00,2026-W16,Thu,page_view,product,/product,direct,none,desktop,AU,pro,user_0296,session_0296_0,0
evt_001782,2026-04-16T18:17:26+00:00,2026-W16,Thu,page_view,learn,/blog/warehouse,direct,none,desktop,AU,pro,user_0296,session_0296_0,0
evt_001783,2026-04-29T11:18:00+00:00,2026-W18,Wed,page_view,marketing,/pricing,direct,none,desktop,AU,pro,user_0296,session_0296_1,0
evt_001784,2026-04-29T11:21:39+00:00,2026-W18,Wed,page_view,marketing,/pricing,direct,none,desktop,AU,pro,user_0296,session_0296_1,0
evt_001785,2026-04-29T11:22:36+00:00,2026-W18,Wed,page_view,marketing,/,direct,none,desktop,AU,pro,user_0296,session_0296_1,0
evt_001786,2026-04-29T11:25:23+00:00,2026-W18,Wed,page_view,learn,/docs/getting-started,direct,none,desktop,AU,pro,user_0296,session_0296_1,0
evt_001787,2026-04-29T11:28:44+00:00,2026-W18,Wed,page_view,learn,/docs/getting-started,direct,none,desktop,AU,pro,user_0296,session_0296_1,0
evt_001788,2026-04-29T11:30:05+00:00,2026-W18,Wed,signup_started,account,/signup,direct,none,desktop,AU,pro,user_0296,session_0296_1,0
evt_001789,2026-04-08T04:19:00+00:00,2026-W15,Wed,page_view,marketing,/,organic,none,desktop,DE,pro,user_0297,session_0297_0,0
evt_001790,2026-04-08T04:22:35+00:00,2026-W15,Wed,page_view,marketing,/pricing,organic,none,desktop,DE,pro,user_0297,session_0297_0,0
evt_001791,2026-04-08T04:23:23+00:00,2026-W15,Wed,page_view,product,/integrations,organic,none,desktop,DE,pro,user_0297,session_0297_0,0
evt_001792,2026-04-08T04:24:48+00:00,2026-W15,Wed,page_view,learn,/docs/getting-started,organic,none,desktop,DE,pro,user_0297,session_0297_0,0
evt_001793,2026-04-08T04:25:06+00:00,2026-W15,Wed,page_view,learn,/docs/getting-started,organic,none,desktop,DE,pro,user_0297,session_0297_0,0
evt_001794,2026-04-08T04:27:55+00:00,2026-W15,Wed,page_view,marketing,/,organic,none,desktop,DE,pro,user_0297,session_0297_0,0
evt_001795,2026-05-01T18:00:00+00:00,2026-W18,Fri,page_view,marketing,/pricing,linkedin,founders,desktop,GB,free,user_0298,session_0298_0,0
evt_001796,2026-05-01T18:00:36+00:00,2026-W18,Fri,page_view,learn,/blog/warehouse,linkedin,founders,desktop,GB,free,user_0298,session_0298_0,0
evt_001797,2026-04-26T05:42:00+00:00,2026-W17,Sun,page_view,product,/product,organic,none,desktop,CA,pro,user_0299,session_0299_0,0
evt_001798,2026-04-26T05:45:50+00:00,2026-W17,Sun,page_view,marketing,/pricing,organic,none,desktop,CA,pro,user_0299,session_0299_0,0
evt_001799,2026-04-26T05:48:49+00:00,2026-W17,Sun,page_view,marketing,/pricing,organic,none,desktop,CA,pro,user_0299,session_0299_0,0
evt_001800,2026-04-26T05:52:33+00:00,2026-W17,Sun,signup_completed,account,/signup,organic,none,desktop,CA,pro,user_0299,session_0299_0,99
evt_001801,2026-04-14T04:57:00+00:00,2026-W16,Tue,page_view,learn,/docs/getting-started,google,spring_search,desktop,AU,free,user_0300,session_0300_0,0
evt_001802,2026-04-14T04:57:18+00:00,2026-W16,Tue,page_view,marketing,/pricing,google,spring_search,desktop,AU,free,user_0300,session_0300_0,0
evt_001803,2026-04-14T05:00:57+00:00,2026-W16,Tue,page_view,product,/product,google,spring_search,desktop,AU,free,user_0300,session_0300_0,0
evt_001804,2026-04-14T05:04:05+00:00,2026-W16,Tue,page_view,marketing,/pricing,google,spring_search,desktop,AU,free,user_0300,session_0300_0,0
evt_001805,2026-04-14T05:06:35+00:00,2026-W16,Tue,page_view,product,/integrations,google,spring_search,desktop,AU,free,user_0300,session_0300_0,0
evt_001806,2026-04-14T05:07:00+00:00,2026-W16,Tue,page_view,marketing,/,google,spring_search,desktop,AU,free,user_0300,session_0300_0,0
evt_001807,2026-04-26T19:56:00+00:00,2026-W17,Sun,page_view,product,/product,direct,none,desktop,DE,free,user_0301,session_0301_0,0
evt_001808,2026-04-26T19:59:07+00:00,2026-W17,Sun,page_view,learn,/docs/getting-started,direct,none,desktop,DE,free,user_0301,session_0301_0,0
evt_001809,2026-04-26T20:02:29+00:00,2026-W17,Sun,page_view,product,/integrations,direct,none,desktop,DE,free,user_0301,session_0301_0,0
evt_001810,2026-04-26T20:06:01+00:00,2026-W17,Sun,page_view,marketing,/,direct,none,desktop,DE,free,user_0301,session_0301_0,0
evt_001811,2026-04-26T20:07:42+00:00,2026-W17,Sun,page_view,product,/integrations,direct,none,desktop,DE,free,user_0301,session_0301_0,0
evt_001812,2026-04-09T23:23:00+00:00,2026-W15,Thu,page_view,marketing,/pricing,organic,none,desktop,US,pro,user_0302,session_0302_0,0
evt_001813,2026-04-09T23:26:20+00:00,2026-W15,Thu,page_view,marketing,/pricing,organic,none,desktop,US,pro,user_0302,session_0302_0,0
evt_001814,2026-04-09T23:27:24+00:00,2026-W15,Thu,page_view,marketing,/,organic,none,desktop,US,pro,user_0302,session_0302_0,0
evt_001815,2026-04-09T23:30:17+00:00,2026-W15,Thu,page_view,marketing,/,organic,none,desktop,US,pro,user_0302,session_0302_0,0
evt_001816,2026-04-09T23:33:04+00:00,2026-W15,Thu,page_view,product,/integrations,organic,none,desktop,US,pro,user_0302,session_0302_0,0
evt_001817,2026-04-09T23:36:52+00:00,2026-W15,Thu,signup_started,account,/signup,organic,none,desktop,US,pro,user_0302,session_0302_0,0
evt_001818,2026-04-09T04:05:00+00:00,2026-W15,Thu,page_view,learn,/docs/getting-started,organic,none,desktop,US,pro,user_0302,session_0302_1,0
evt_001819,2026-04-09T04:05:48+00:00,2026-W15,Thu,page_view,marketing,/pricing,organic,none,desktop,US,pro,user_0302,session_0302_1,0
evt_001820,2026-04-08T21:48:00+00:00,2026-W15,Wed,page_view,learn,/blog/warehouse,google,spring_search,tablet,US,pro,user_0303,session_0303_0,0
evt_001821,2026-04-08T21:49:25+00:00,2026-W15,Wed,page_view,learn,/docs/getting-started,google,spring_search,tablet,US,pro,user_0303,session_0303_0,0
evt_001822,2026-04-08T21:52:37+00:00,2026-W15,Wed,page_view,learn,/blog/warehouse,google,spring_search,tablet,US,pro,user_0303,session_0303_0,0
evt_001823,2026-04-08T21:56:09+00:00,2026-W15,Wed,page_view,learn,/docs/getting-started,google,spring_search,tablet,US,pro,user_0303,session_0303_0,0
evt_001824,2026-04-08T21:57:29+00:00,2026-W15,Wed,page_view,marketing,/,google,spring_search,tablet,US,pro,user_0303,session_0303_0,0
evt_001825,2026-04-14T06:04:00+00:00,2026-W16,Tue,page_view,marketing,/,organic,none,desktop,CA,free,user_0304,session_0304_0,0
evt_001826,2026-04-14T06:05:06+00:00,2026-W16,Tue,page_view,product,/integrations,organic,none,desktop,CA,free,user_0304,session_0304_0,0
evt_001827,2026-04-14T06:06:06+00:00,2026-W16,Tue,page_view,product,/integrations,organic,none,desktop,CA,free,user_0304,session_0304_0,0
evt_001828,2026-04-14T06:06:48+00:00,2026-W16,Tue,page_view,marketing,/,organic,none,desktop,CA,free,user_0304,session_0304_0,0
evt_001829,2026-04-14T06:10:19+00:00,2026-W16,Tue,page_view,product,/product,organic,none,desktop,CA,free,user_0304,session_0304_0,0
evt_001830,2026-04-26T03:37:00+00:00,2026-W17,Sun,page_view,learn,/docs/getting-started,organic,none,desktop,CA,free,user_0304,session_0304_1,0
evt_001831,2026-04-26T03:37:41+00:00,2026-W17,Sun,page_view,marketing,/,organic,none,desktop,CA,free,user_0304,session_0304_1,0
evt_001832,2026-04-26T03:38:14+00:00,2026-W17,Sun,page_view,product,/product,organic,none,desktop,CA,free,user_0304,session_0304_1,0
evt_001833,2026-04-26T03:39:33+00:00,2026-W17,Sun,page_view,learn,/docs/getting-started,organic,none,desktop,CA,free,user_0304,session_0304_1,0
evt_001834,2026-04-26T03:39:52+00:00,2026-W17,Sun,page_view,learn,/blog/warehouse,organic,none,desktop,CA,free,user_0304,session_0304_1,0
evt_001835,2026-04-18T19:36:00+00:00,2026-W16,Sat,page_view,product,/product,linkedin,founders,desktop,US,free,user_0305,session_0305_0,0
evt_001836,2026-04-18T19:39:32+00:00,2026-W16,Sat,page_view,product,/product,linkedin,founders,desktop,US,free,user_0305,session_0305_0,0
evt_001837,2026-05-02T16:27:00+00:00,2026-W18,Sat,page_view,product,/product,google,spring_search,mobile,US,free,user_0306,session_0306_0,0
evt_001838,2026-05-02T16:28:46+00:00,2026-W18,Sat,page_view,marketing,/pricing,google,spring_search,mobile,US,free,user_0306,session_0306_0,0
evt_001839,2026-05-02T16:30:18+00:00,2026-W18,Sat,signup_started,account,/signup,google,spring_search,mobile,US,free,user_0306,session_0306_0,0
evt_001840,2026-04-26T03:05:00+00:00,2026-W17,Sun,page_view,product,/product,google,spring_search,mobile,US,free,user_0306,session_0306_1,0
evt_001841,2026-04-26T03:06:42+00:00,2026-W17,Sun,page_view,marketing,/,google,spring_search,mobile,US,free,user_0306,session_0306_1,0
evt_001842,2026-04-26T03:08:54+00:00,2026-W17,Sun,page_view,learn,/docs/getting-started,google,spring_search,mobile,US,free,user_0306,session_0306_1,0
evt_001843,2026-04-26T03:10:23+00:00,2026-W17,Sun,page_view,product,/integrations,google,spring_search,mobile,US,free,user_0306,session_0306_1,0
evt_001844,2026-04-28T12:15:00+00:00,2026-W18,Tue,page_view,marketing,/,google,spring_search,tablet,GB,free,user_0307,session_0307_0,0
evt_001845,2026-04-28T12:17:56+00:00,2026-W18,Tue,page_view,product,/product,google,spring_search,tablet,GB,free,user_0307,session_0307_0,0
evt_001846,2026-04-28T12:18:59+00:00,2026-W18,Tue,page_view,marketing,/,google,spring_search,tablet,GB,free,user_0307,session_0307_0,0
evt_001847,2026-04-28T12:20:03+00:00,2026-W18,Tue,page_view,marketing,/,google,spring_search,tablet,GB,free,user_0307,session_0307_0,0
evt_001848,2026-04-28T12:22:49+00:00,2026-W18,Tue,page_view,marketing,/,google,spring_search,tablet,GB,free,user_0307,session_0307_0,0
evt_001849,2026-04-06T01:15:00+00:00,2026-W15,Mon,page_view,marketing,/,organic,none,desktop,DE,free,user_0308,session_0308_0,0
evt_001850,2026-04-06T01:18:36+00:00,2026-W15,Mon,page_view,learn,/docs/getting-started,organic,none,desktop,DE,free,user_0308,session_0308_0,0
evt_001851,2026-04-06T01:20:34+00:00,2026-W15,Mon,page_view,marketing,/,organic,none,desktop,DE,free,user_0308,session_0308_0,0
evt_001852,2026-04-06T01:24:15+00:00,2026-W15,Mon,page_view,product,/integrations,organic,none,desktop,DE,free,user_0308,session_0308_0,0
evt_001853,2026-04-07T04:49:00+00:00,2026-W15,Tue,page_view,product,/integrations,google,spring_search,mobile,AU,free,user_0309,session_0309_0,0
evt_001854,2026-04-07T04:51:15+00:00,2026-W15,Tue,page_view,learn,/blog/warehouse,google,spring_search,mobile,AU,free,user_0309,session_0309_0,0
evt_001855,2026-04-07T04:54:08+00:00,2026-W15,Tue,page_view,marketing,/,google,spring_search,mobile,AU,free,user_0309,session_0309_0,0
evt_001856,2026-04-07T04:57:22+00:00,2026-W15,Tue,page_view,product,/integrations,google,spring_search,mobile,AU,free,user_0309,session_0309_0,0
evt_001857,2026-04-07T04:57:40+00:00,2026-W15,Tue,page_view,marketing,/,google,spring_search,mobile,AU,free,user_0309,session_0309_0,0
evt_001858,2026-05-02T03:37:00+00:00,2026-W18,Sat,page_view,product,/product,direct,none,mobile,US,free,user_0310,session_0310_0,0
evt_001859,2026-05-02T03:40:39+00:00,2026-W18,Sat,page_view,product,/integrations,direct,none,mobile,US,free,user_0310,session_0310_0,0
evt_001860,2026-05-01T06:55:00+00:00,2026-W18,Fri,page_view,marketing,/pricing,direct,none,mobile,US,free,user_0310,session_0310_1,0
evt_001861,2026-05-01T06:58:48+00:00,2026-W18,Fri,page_view,learn,/blog/warehouse,direct,none,mobile,US,free,user_0310,session_0310_1,0
evt_001862,2026-05-01T07:01:56+00:00,2026-W18,Fri,page_view,product,/product,direct,none,mobile,US,free,user_0310,session_0310_1,0
evt_001863,2026-05-01T07:02:41+00:00,2026-W18,Fri,page_view,learn,/blog/warehouse,direct,none,mobile,US,free,user_0310,session_0310_1,0
evt_001864,2026-05-01T07:05:23+00:00,2026-W18,Fri,page_view,product,/product,direct,none,mobile,US,free,user_0310,session_0310_1,0
evt_001865,2026-04-30T14:10:00+00:00,2026-W18,Thu,page_view,product,/integrations,newsletter,april_launch,mobile,AU,free,user_0311,session_0311_0,0
evt_001866,2026-04-30T14:12:36+00:00,2026-W18,Thu,page_view,marketing,/,newsletter,april_launch,mobile,AU,free,user_0311,session_0311_0,0
evt_001867,2026-04-30T14:13:53+00:00,2026-W18,Thu,page_view,learn,/blog/warehouse,newsletter,april_launch,mobile,AU,free,user_0311,session_0311_0,0
evt_001868,2026-04-10T03:24:00+00:00,2026-W15,Fri,page_view,product,/integrations,newsletter,april_launch,mobile,AU,free,user_0311,session_0311_1,0
evt_001869,2026-04-10T03:27:34+00:00,2026-W15,Fri,page_view,marketing,/,newsletter,april_launch,mobile,AU,free,user_0311,session_0311_1,0
evt_001870,2026-04-10T03:31:34+00:00,2026-W15,Fri,page_view,product,/product,newsletter,april_launch,mobile,AU,free,user_0311,session_0311_1,0
evt_001871,2026-04-10T03:31:50+00:00,2026-W15,Fri,page_view,marketing,/,newsletter,april_launch,mobile,AU,free,user_0311,session_0311_1,0
evt_001872,2026-04-10T03:32:27+00:00,2026-W15,Fri,page_view,learn,/docs/getting-started,newsletter,april_launch,mobile,AU,free,user_0311,session_0311_1,0
evt_001873,2026-04-10T03:35:13+00:00,2026-W15,Fri,page_view,learn,/blog/warehouse,newsletter,april_launch,mobile,AU,free,user_0311,session_0311_1,0
evt_001874,2026-04-10T03:37:14+00:00,2026-W15,Fri,page_view,product,/integrations,newsletter,april_launch,mobile,AU,free,user_0311,session_0311_1,0
evt_001875,2026-04-13T05:57:00+00:00,2026-W16,Mon,page_view,product,/integrations,newsletter,april_launch,mobile,GB,free,user_0312,session_0312_0,0
evt_001876,2026-04-13T05:59:47+00:00,2026-W16,Mon,page_view,marketing,/,newsletter,april_launch,mobile,GB,free,user_0312,session_0312_0,0
evt_001877,2026-04-13T06:02:09+00:00,2026-W16,Mon,page_view,product,/integrations,newsletter,april_launch,mobile,GB,free,user_0312,session_0312_0,0
evt_001878,2026-04-13T06:02:46+00:00,2026-W16,Mon,page_view,product,/integrations,newsletter,april_launch,mobile,GB,free,user_0312,session_0312_0,0
evt_001879,2026-04-13T06:06:21+00:00,2026-W16,Mon,page_view,marketing,/pricing,newsletter,april_launch,mobile,GB,free,user_0312,session_0312_0,0
evt_001880,2026-04-13T06:08:23+00:00,2026-W16,Mon,page_view,marketing,/,newsletter,april_launch,mobile,GB,free,user_0312,session_0312_0,0
evt_001881,2026-04-13T06:09:38+00:00,2026-W16,Mon,signup_started,account,/signup,newsletter,april_launch,mobile,GB,free,user_0312,session_0312_0,0
evt_001882,2026-04-12T09:26:00+00:00,2026-W15,Sun,page_view,marketing,/,direct,none,mobile,AU,free,user_0313,session_0313_0,0
evt_001883,2026-04-12T09:29:38+00:00,2026-W15,Sun,page_view,marketing,/,direct,none,mobile,AU,free,user_0313,session_0313_0,0
evt_001884,2026-04-17T09:43:00+00:00,2026-W16,Fri,page_view,product,/product,direct,none,desktop,GB,free,user_0314,session_0314_0,0
evt_001885,2026-04-17T09:44:40+00:00,2026-W16,Fri,page_view,product,/integrations,direct,none,desktop,GB,free,user_0314,session_0314_0,0
evt_001886,2026-04-17T09:48:09+00:00,2026-W16,Fri,page_view,product,/product,direct,none,desktop,GB,free,user_0314,session_0314_0,0
evt_001887,2026-04-29T01:47:00+00:00,2026-W18,Wed,page_view,marketing,/,direct,none,desktop,GB,free,user_0314,session_0314_1,0
evt_001888,2026-04-29T01:50:36+00:00,2026-W18,Wed,page_view,marketing,/,direct,none,desktop,GB,free,user_0314,session_0314_1,0
evt_001889,2026-04-29T01:53:02+00:00,2026-W18,Wed,page_view,marketing,/,direct,none,desktop,GB,free,user_0314,session_0314_1,0
evt_001890,2026-04-29T01:54:17+00:00,2026-W18,Wed,page_view,learn,/docs/getting-started,direct,none,desktop,GB,free,user_0314,session_0314_1,0
evt_001891,2026-04-29T01:57:03+00:00,2026-W18,Wed,page_view,product,/product,direct,none,desktop,GB,free,user_0314,session_0314_1,0
evt_001892,2026-04-29T01:59:05+00:00,2026-W18,Wed,page_view,marketing,/,direct,none,desktop,GB,free,user_0314,session_0314_1,0
evt_001893,2026-05-03T06:49:00+00:00,2026-W18,Sun,page_view,learn,/blog/warehouse,newsletter,april_launch,desktop,US,free,user_0315,session_0315_0,0
evt_001894,2026-05-03T06:49:33+00:00,2026-W18,Sun,page_view,product,/product,newsletter,april_launch,desktop,US,free,user_0315,session_0315_0,0
evt_001895,2026-05-03T06:51:52+00:00,2026-W18,Sun,page_view,marketing,/,newsletter,april_launch,desktop,US,free,user_0315,session_0315_0,0
evt_001896,2026-05-03T06:53:58+00:00,2026-W18,Sun,page_view,marketing,/,newsletter,april_launch,desktop,US,free,user_0315,session_0315_0,0
evt_001897,2026-05-03T06:56:49+00:00,2026-W18,Sun,page_view,product,/product,newsletter,april_launch,desktop,US,free,user_0315,session_0315_0,0
evt_001898,2026-04-17T04:39:00+00:00,2026-W16,Fri,page_view,learn,/docs/getting-started,newsletter,april_launch,desktop,US,free,user_0315,session_0315_1,0
evt_001899,2026-04-17T04:41:56+00:00,2026-W16,Fri,page_view,marketing,/pricing,newsletter,april_launch,desktop,US,free,user_0315,session_0315_1,0
evt_001900,2026-04-17T04:43:20+00:00,2026-W16,Fri,page_view,marketing,/,newsletter,april_launch,desktop,US,free,user_0315,session_0315_1,0
evt_001901,2026-04-17T04:44:07+00:00,2026-W16,Fri,page_view,marketing,/,newsletter,april_launch,desktop,US,free,user_0315,session_0315_1,0
evt_001902,2026-04-17T04:46:47+00:00,2026-W16,Fri,page_view,marketing,/,newsletter,april_launch,desktop,US,free,user_0315,session_0315_1,0
evt_001903,2026-04-17T04:47:36+00:00,2026-W16,Fri,signup_started,account,/signup,newsletter,april_launch,desktop,US,free,user_0315,session_0315_1,0
evt_001904,2026-04-26T20:52:00+00:00,2026-W17,Sun,page_view,product,/product,google,spring_search,mobile,GB,pro,user_0316,session_0316_0,0
evt_001905,2026-04-26T20:54:36+00:00,2026-W17,Sun,page_view,learn,/docs/getting-started,google,spring_search,mobile,GB,pro,user_0316,session_0316_0,0
evt_001906,2026-04-26T20:55:13+00:00,2026-W17,Sun,page_view,product,/product,google,spring_search,mobile,GB,pro,user_0316,session_0316_0,0
evt_001907,2026-04-19T08:25:00+00:00,2026-W16,Sun,page_view,marketing,/pricing,google,spring_search,tablet,AU,free,user_0317,session_0317_0,0
evt_001908,2026-04-19T08:27:43+00:00,2026-W16,Sun,page_view,marketing,/,google,spring_search,tablet,AU,free,user_0317,session_0317_0,0
evt_001909,2026-04-19T08:30:29+00:00,2026-W16,Sun,page_view,learn,/blog/warehouse,google,spring_search,tablet,AU,free,user_0317,session_0317_0,0
evt_001910,2026-04-19T01:30:00+00:00,2026-W16,Sun,page_view,learn,/blog/warehouse,google,spring_search,tablet,AU,free,user_0317,session_0317_1,0
evt_001911,2026-04-19T01:33:22+00:00,2026-W16,Sun,page_view,learn,/docs/getting-started,google,spring_search,tablet,AU,free,user_0317,session_0317_1,0
evt_001912,2026-04-06T23:39:00+00:00,2026-W15,Mon,page_view,product,/product,google,spring_search,desktop,US,free,user_0318,session_0318_0,0
evt_001913,2026-04-06T23:40:10+00:00,2026-W15,Mon,page_view,marketing,/,google,spring_search,desktop,US,free,user_0318,session_0318_0,0
evt_001914,2026-04-06T23:41:40+00:00,2026-W15,Mon,page_view,marketing,/,google,spring_search,desktop,US,free,user_0318,session_0318_0,0
evt_001915,2026-04-06T23:42:18+00:00,2026-W15,Mon,page_view,marketing,/,google,spring_search,desktop,US,free,user_0318,session_0318_0,0
evt_001916,2026-04-06T23:45:24+00:00,2026-W15,Mon,page_view,marketing,/pricing,google,spring_search,desktop,US,free,user_0318,session_0318_0,0
evt_001917,2026-04-06T23:48:39+00:00,2026-W15,Mon,page_view,product,/product,google,spring_search,desktop,US,free,user_0318,session_0318_0,0
evt_001918,2026-04-06T23:51:20+00:00,2026-W15,Mon,page_view,learn,/docs/getting-started,google,spring_search,desktop,US,free,user_0318,session_0318_0,0
evt_001919,2026-04-28T21:37:00+00:00,2026-W18,Tue,page_view,learn,/docs/getting-started,google,spring_search,desktop,CA,free,user_0319,session_0319_0,0
evt_001920,2026-04-28T21:37:33+00:00,2026-W18,Tue,page_view,marketing,/pricing,google,spring_search,desktop,CA,free,user_0319,session_0319_0,0
evt_001921,2026-04-28T21:40:44+00:00,2026-W18,Tue,signup_completed,account,/signup,google,spring_search,desktop,CA,free,user_0319,session_0319_0,0
evt_001922,2026-04-08T21:10:00+00:00,2026-W15,Wed,page_view,learn,/docs/getting-started,google,spring_search,desktop,AU,free,user_0320,session_0320_0,0
evt_001923,2026-04-08T21:10:29+00:00,2026-W15,Wed,page_view,product,/product,google,spring_search,desktop,AU,free,user_0320,session_0320_0,0
evt_001924,2026-04-08T21:13:36+00:00,2026-W15,Wed,page_view,marketing,/pricing,google,spring_search,desktop,AU,free,user_0320,session_0320_0,0
evt_001925,2026-04-08T21:14:04+00:00,2026-W15,Wed,page_view,marketing,/,google,spring_search,desktop,AU,free,user_0320,session_0320_0,0
evt_001926,2026-04-10T11:25:00+00:00,2026-W15,Fri,page_view,product,/product,organic,none,desktop,AU,pro,user_0321,session_0321_0,0
evt_001927,2026-04-10T11:28:01+00:00,2026-W15,Fri,page_view,product,/product,organic,none,desktop,AU,pro,user_0321,session_0321_0,0
evt_001928,2026-04-10T11:31:28+00:00,2026-W15,Fri,page_view,product,/integrations,organic,none,desktop,AU,pro,user_0321,session_0321_0,0
evt_001929,2026-04-19T09:27:00+00:00,2026-W16,Sun,page_view,marketing,/,organic,none,mobile,GB,free,user_0322,session_0322_0,0
evt_001930,2026-04-19T09:28:43+00:00,2026-W16,Sun,page_view,product,/product,organic,none,mobile,GB,free,user_0322,session_0322_0,0
evt_001931,2026-04-25T12:33:00+00:00,2026-W17,Sat,page_view,learn,/blog/warehouse,google,spring_search,desktop,AU,free,user_0323,session_0323_0,0
evt_001932,2026-04-25T12:36:42+00:00,2026-W17,Sat,page_view,learn,/blog/warehouse,google,spring_search,desktop,AU,free,user_0323,session_0323_0,0
evt_001933,2026-04-25T12:37:13+00:00,2026-W17,Sat,page_view,marketing,/,google,spring_search,desktop,AU,free,user_0323,session_0323_0,0
evt_001934,2026-04-25T12:39:25+00:00,2026-W17,Sat,page_view,marketing,/,google,spring_search,desktop,AU,free,user_0323,session_0323_0,0
evt_001935,2026-04-25T12:41:20+00:00,2026-W17,Sat,page_view,learn,/blog/warehouse,google,spring_search,desktop,AU,free,user_0323,session_0323_0,0
evt_001936,2026-04-25T12:42:48+00:00,2026-W17,Sat,page_view,learn,/blog/warehouse,google,spring_search,desktop,AU,free,user_0323,session_0323_0,0
evt_001937,2026-04-25T12:43:22+00:00,2026-W17,Sat,page_view,marketing,/,google,spring_search,desktop,AU,free,user_0323,session_0323_0,0
evt_001938,2026-04-15T14:13:00+00:00,2026-W16,Wed,page_view,product,/product,organic,none,desktop,GB,pro,user_0324,session_0324_0,0
evt_001939,2026-04-15T14:13:48+00:00,2026-W16,Wed,page_view,product,/product,organic,none,desktop,GB,pro,user_0324,session_0324_0,0
evt_001940,2026-04-15T14:15:50+00:00,2026-W16,Wed,page_view,product,/product,organic,none,desktop,GB,pro,user_0324,session_0324_0,0
evt_001941,2026-04-15T14:18:50+00:00,2026-W16,Wed,page_view,marketing,/,organic,none,desktop,GB,pro,user_0324,session_0324_0,0
evt_001942,2026-04-15T14:19:53+00:00,2026-W16,Wed,page_view,marketing,/,organic,none,desktop,GB,pro,user_0324,session_0324_0,0
evt_001943,2026-04-15T14:23:51+00:00,2026-W16,Wed,page_view,learn,/docs/getting-started,organic,none,desktop,GB,pro,user_0324,session_0324_0,0
evt_001944,2026-04-15T14:27:39+00:00,2026-W16,Wed,page_view,learn,/blog/warehouse,organic,none,desktop,GB,pro,user_0324,session_0324_0,0
evt_001945,2026-04-23T15:11:00+00:00,2026-W17,Thu,page_view,marketing,/pricing,organic,none,mobile,DE,free,user_0325,session_0325_0,0
evt_001946,2026-04-23T15:11:48+00:00,2026-W17,Thu,page_view,learn,/blog/warehouse,organic,none,mobile,DE,free,user_0325,session_0325_0,0
evt_001947,2026-04-23T15:13:21+00:00,2026-W17,Thu,page_view,marketing,/,organic,none,mobile,DE,free,user_0325,session_0325_0,0
evt_001948,2026-04-23T15:14:42+00:00,2026-W17,Thu,page_view,marketing,/,organic,none,mobile,DE,free,user_0325,session_0325_0,0
evt_001949,2026-04-23T15:16:32+00:00,2026-W17,Thu,page_view,learn,/blog/warehouse,organic,none,mobile,DE,free,user_0325,session_0325_0,0
evt_001950,2026-04-11T05:59:00+00:00,2026-W15,Sat,page_view,product,/integrations,organic,none,desktop,GB,free,user_0326,session_0326_0,0
evt_001951,2026-04-11T06:02:05+00:00,2026-W15,Sat,page_view,learn,/docs/getting-started,organic,none,desktop,GB,free,user_0326,session_0326_0,0
evt_001952,2026-04-11T06:03:01+00:00,2026-W15,Sat,page_view,marketing,/,organic,none,desktop,GB,free,user_0326,session_0326_0,0
evt_001953,2026-04-11T06:03:26+00:00,2026-W15,Sat,page_view,learn,/blog/warehouse,organic,none,desktop,GB,free,user_0326,session_0326_0,0
evt_001954,2026-04-11T06:06:08+00:00,2026-W15,Sat,page_view,marketing,/,organic,none,desktop,GB,free,user_0326,session_0326_0,0
evt_001955,2026-04-11T06:07:29+00:00,2026-W15,Sat,page_view,marketing,/pricing,organic,none,desktop,GB,free,user_0326,session_0326_0,0
evt_001956,2026-04-11T06:08:36+00:00,2026-W15,Sat,page_view,product,/product,organic,none,desktop,GB,free,user_0326,session_0326_0,0
evt_001957,2026-04-17T05:02:00+00:00,2026-W16,Fri,page_view,product,/product,organic,none,desktop,GB,free,user_0326,session_0326_1,0
evt_001958,2026-04-17T05:02:56+00:00,2026-W16,Fri,page_view,product,/product,organic,none,desktop,GB,free,user_0326,session_0326_1,0
evt_001959,2026-04-17T05:03:42+00:00,2026-W16,Fri,page_view,learn,/blog/warehouse,organic,none,desktop,GB,free,user_0326,session_0326_1,0
evt_001960,2026-04-17T05:05:40+00:00,2026-W16,Fri,page_view,learn,/blog/warehouse,organic,none,desktop,GB,free,user_0326,session_0326_1,0
evt_001961,2026-04-22T11:18:00+00:00,2026-W17,Wed,page_view,learn,/docs/getting-started,organic,none,desktop,DE,free,user_0327,session_0327_0,0
evt_001962,2026-04-22T11:20:16+00:00,2026-W17,Wed,page_view,learn,/blog/warehouse,organic,none,desktop,DE,free,user_0327,session_0327_0,0
evt_001963,2026-04-22T11:23:44+00:00,2026-W17,Wed,page_view,learn,/blog/warehouse,organic,none,desktop,DE,free,user_0327,session_0327_0,0
evt_001964,2026-04-22T11:26:25+00:00,2026-W17,Wed,page_view,product,/integrations,organic,none,desktop,DE,free,user_0327,session_0327_0,0
evt_001965,2026-04-22T11:30:04+00:00,2026-W17,Wed,page_view,product,/product,organic,none,desktop,DE,free,user_0327,session_0327_0,0
evt_001966,2026-04-22T11:32:12+00:00,2026-W17,Wed,page_view,marketing,/pricing,organic,none,desktop,DE,free,user_0327,session_0327_0,0
evt_001967,2026-04-22T11:32:55+00:00,2026-W17,Wed,page_view,learn,/docs/getting-started,organic,none,desktop,DE,free,user_0327,session_0327_0,0
evt_001968,2026-04-22T11:33:20+00:00,2026-W17,Wed,signup_started,account,/signup,organic,none,desktop,DE,free,user_0327,session_0327_0,0
evt_001969,2026-04-26T06:39:00+00:00,2026-W17,Sun,page_view,product,/product,organic,none,desktop,GB,free,user_0328,session_0328_0,0
evt_001970,2026-04-26T06:42:35+00:00,2026-W17,Sun,page_view,learn,/blog/warehouse,organic,none,desktop,GB,free,user_0328,session_0328_0,0
evt_001971,2026-04-26T06:44:01+00:00,2026-W17,Sun,page_view,marketing,/,organic,none,desktop,GB,free,user_0328,session_0328_0,0
evt_001972,2026-04-26T06:44:37+00:00,2026-W17,Sun,page_view,product,/product,organic,none,desktop,GB,free,user_0328,session_0328_0,0
evt_001973,2026-04-26T06:46:46+00:00,2026-W17,Sun,page_view,product,/integrations,organic,none,desktop,GB,free,user_0328,session_0328_0,0
evt_001974,2026-04-26T06:47:23+00:00,2026-W17,Sun,page_view,learn,/blog/warehouse,organic,none,desktop,GB,free,user_0328,session_0328_0,0
evt_001975,2026-04-12T16:44:00+00:00,2026-W15,Sun,page_view,product,/integrations,organic,none,desktop,GB,free,user_0328,session_0328_1,0
evt_001976,2026-04-12T16:46:25+00:00,2026-W15,Sun,page_view,learn,/blog/warehouse,organic,none,desktop,GB,free,user_0328,session_0328_1,0
evt_001977,2026-04-12T16:49:30+00:00,2026-W15,Sun,page_view,marketing,/pricing,organic,none,desktop,GB,free,user_0328,session_0328_1,0
evt_001978,2026-04-12T16:50:22+00:00,2026-W15,Sun,page_view,learn,/docs/getting-started,organic,none,desktop,GB,free,user_0328,session_0328_1,0
evt_001979,2026-04-12T16:52:26+00:00,2026-W15,Sun,signup_started,account,/signup,organic,none,desktop,GB,free,user_0328,session_0328_1,0
evt_001980,2026-04-15T11:46:00+00:00,2026-W16,Wed,page_view,marketing,/pricing,organic,none,desktop,GB,free,user_0328,session_0328_2,0
evt_001981,2026-04-15T11:48:09+00:00,2026-W16,Wed,page_view,learn,/docs/getting-started,organic,none,desktop,GB,free,user_0328,session_0328_2,0
evt_001982,2026-04-15T11:48:46+00:00,2026-W16,Wed,page_view,marketing,/,organic,none,desktop,GB,free,user_0328,session_0328_2,0
evt_001983,2026-04-15T11:50:54+00:00,2026-W16,Wed,page_view,learn,/docs/getting-started,organic,none,desktop,GB,free,user_0328,session_0328_2,0
evt_001984,2026-04-25T02:56:00+00:00,2026-W17,Sat,page_view,marketing,/,organic,none,mobile,CA,pro,user_0329,session_0329_0,0
evt_001985,2026-04-25T02:58:16+00:00,2026-W17,Sat,page_view,learn,/blog/warehouse,organic,none,mobile,CA,pro,user_0329,session_0329_0,0
evt_001986,2026-04-25T03:00:45+00:00,2026-W17,Sat,page_view,learn,/blog/warehouse,organic,none,mobile,CA,pro,user_0329,session_0329_0,0
evt_001987,2026-04-19T05:58:00+00:00,2026-W16,Sun,page_view,product,/product,direct,none,mobile,CA,free,user_0330,session_0330_0,0
evt_001988,2026-04-19T06:00:40+00:00,2026-W16,Sun,page_view,learn,/docs/getting-started,direct,none,mobile,CA,free,user_0330,session_0330_0,0
evt_001989,2026-04-19T06:01:30+00:00,2026-W16,Sun,page_view,marketing,/,direct,none,mobile,CA,free,user_0330,session_0330_0,0
evt_001990,2026-04-19T06:05:18+00:00,2026-W16,Sun,page_view,marketing,/pricing,direct,none,mobile,CA,free,user_0330,session_0330_0,0
evt_001991,2026-04-19T06:07:54+00:00,2026-W16,Sun,page_view,product,/product,direct,none,mobile,CA,free,user_0330,session_0330_0,0
evt_001992,2026-04-19T06:11:39+00:00,2026-W16,Sun,page_view,learn,/docs/getting-started,direct,none,mobile,CA,free,user_0330,session_0330_0,0
evt_001993,2026-04-26T21:43:00+00:00,2026-W17,Sun,page_view,marketing,/,google,spring_search,mobile,GB,free,user_0331,session_0331_0,0
evt_001994,2026-04-26T21:46:05+00:00,2026-W17,Sun,page_view,learn,/blog/warehouse,google,spring_search,mobile,GB,free,user_0331,session_0331_0,0
evt_001995,2026-04-26T21:48:06+00:00,2026-W17,Sun,page_view,marketing,/,google,spring_search,mobile,GB,free,user_0331,session_0331_0,0
evt_001996,2026-04-26T21:51:17+00:00,2026-W17,Sun,page_view,product,/integrations,google,spring_search,mobile,GB,free,user_0331,session_0331_0,0
evt_001997,2026-04-26T21:51:39+00:00,2026-W17,Sun,page_view,marketing,/,google,spring_search,mobile,GB,free,user_0331,session_0331_0,0
evt_001998,2026-04-21T02:16:00+00:00,2026-W17,Tue,page_view,learn,/docs/getting-started,google,spring_search,mobile,GB,free,user_0331,session_0331_1,0
evt_001999,2026-04-21T02:18:43+00:00,2026-W17,Tue,page_view,product,/product,google,spring_search,mobile,GB,free,user_0331,session_0331_1,0
evt_002000,2026-04-21T02:20:49+00:00,2026-W17,Tue,page_view,learn,/docs/getting-started,google,spring_search,mobile,GB,free,user_0331,session_0331_1,0
evt_002001,2026-04-21T02:23:44+00:00,2026-W17,Tue,page_view,product,/integrations,google,spring_search,mobile,GB,free,user_0331,session_0331_1,0
evt_002002,2026-04-21T02:26:56+00:00,2026-W17,Tue,page_view,learn,/docs/getting-started,google,spring_search,mobile,GB,free,user_0331,session_0331_1,0
evt_002003,2026-04-21T02:28:46+00:00,2026-W17,Tue,page_view,product,/product,google,spring_search,mobile,GB,free,user_0331,session_0331_1,0
evt_002004,2026-04-10T12:11:00+00:00,2026-W15,Fri,page_view,marketing,/,organic,none,desktop,AU,free,user_0332,session_0332_0,0
evt_002005,2026-04-10T12:12:47+00:00,2026-W15,Fri,page_view,product,/product,organic,none,desktop,AU,free,user_0332,session_0332_0,0
evt_002006,2026-04-10T12:14:33+00:00,2026-W15,Fri,page_view,marketing,/,organic,none,desktop,AU,free,user_0332,session_0332_0,0
evt_002007,2026-04-25T05:42:00+00:00,2026-W17,Sat,page_view,marketing,/pricing,google,spring_search,mobile,AU,free,user_0333,session_0333_0,0
evt_002008,2026-04-25T05:43:35+00:00,2026-W17,Sat,page_view,learn,/docs/getting-started,google,spring_search,mobile,AU,free,user_0333,session_0333_0,0
evt_002009,2026-04-25T05:46:45+00:00,2026-W17,Sat,page_view,learn,/docs/getting-started,google,spring_search,mobile,AU,free,user_0333,session_0333_0,0
evt_002010,2026-04-25T05:48:09+00:00,2026-W17,Sat,page_view,product,/integrations,google,spring_search,mobile,AU,free,user_0333,session_0333_0,0
evt_002011,2026-04-25T05:51:20+00:00,2026-W17,Sat,page_view,marketing,/pricing,google,spring_search,mobile,AU,free,user_0333,session_0333_0,0
evt_002012,2026-04-25T05:53:51+00:00,2026-W17,Sat,page_view,product,/integrations,google,spring_search,mobile,AU,free,user_0333,session_0333_0,0
evt_002013,2026-04-25T05:57:36+00:00,2026-W17,Sat,signup_completed,account,/signup,google,spring_search,mobile,AU,free,user_0333,session_0333_0,0
evt_002014,2026-04-10T17:10:00+00:00,2026-W15,Fri,page_view,learn,/docs/getting-started,organic,none,mobile,CA,free,user_0334,session_0334_0,0
evt_002015,2026-04-10T17:13:38+00:00,2026-W15,Fri,page_view,learn,/blog/warehouse,organic,none,mobile,CA,free,user_0334,session_0334_0,0
evt_002016,2026-04-10T17:16:30+00:00,2026-W15,Fri,page_view,product,/integrations,organic,none,mobile,CA,free,user_0334,session_0334_0,0
evt_002017,2026-04-10T00:35:00+00:00,2026-W15,Fri,page_view,marketing,/pricing,newsletter,april_launch,mobile,US,free,user_0335,session_0335_0,0
evt_002018,2026-04-10T00:38:11+00:00,2026-W15,Fri,page_view,marketing,/pricing,newsletter,april_launch,mobile,US,free,user_0335,session_0335_0,0
evt_002019,2026-04-10T00:41:55+00:00,2026-W15,Fri,page_view,product,/product,newsletter,april_launch,mobile,US,free,user_0335,session_0335_0,0
evt_002020,2026-04-10T00:44:42+00:00,2026-W15,Fri,page_view,product,/product,newsletter,april_launch,mobile,US,free,user_0335,session_0335_0,0
evt_002021,2026-04-10T00:46:24+00:00,2026-W15,Fri,page_view,marketing,/,newsletter,april_launch,mobile,US,free,user_0335,session_0335_0,0
evt_002022,2026-04-10T00:47:56+00:00,2026-W15,Fri,signup_started,account,/signup,newsletter,april_launch,mobile,US,free,user_0335,session_0335_0,0
evt_002023,2026-04-08T14:30:00+00:00,2026-W15,Wed,page_view,learn,/docs/getting-started,organic,none,mobile,GB,pro,user_0336,session_0336_0,0
evt_002024,2026-04-08T14:30:43+00:00,2026-W15,Wed,page_view,marketing,/,organic,none,mobile,GB,pro,user_0336,session_0336_0,0
evt_002025,2026-04-08T14:34:16+00:00,2026-W15,Wed,page_view,product,/product,organic,none,mobile,GB,pro,user_0336,session_0336_0,0
evt_002026,2026-04-08T14:36:21+00:00,2026-W15,Wed,page_view,marketing,/,organic,none,mobile,GB,pro,user_0336,session_0336_0,0
evt_002027,2026-04-08T14:37:03+00:00,2026-W15,Wed,page_view,marketing,/,organic,none,mobile,GB,pro,user_0336,session_0336_0,0
evt_002028,2026-04-08T14:40:06+00:00,2026-W15,Wed,page_view,product,/product,organic,none,mobile,GB,pro,user_0336,session_0336_0,0
evt_002029,2026-04-08T14:40:36+00:00,2026-W15,Wed,page_view,product,/product,organic,none,mobile,GB,pro,user_0336,session_0336_0,0
evt_002030,2026-04-12T20:03:00+00:00,2026-W15,Sun,page_view,marketing,/,organic,none,desktop,US,pro,user_0337,session_0337_0,0
evt_002031,2026-04-12T20:04:44+00:00,2026-W15,Sun,page_view,marketing,/,organic,none,desktop,US,pro,user_0337,session_0337_0,0
evt_002032,2026-04-12T20:05:36+00:00,2026-W15,Sun,page_view,learn,/docs/getting-started,organic,none,desktop,US,pro,user_0337,session_0337_0,0
evt_002033,2026-04-22T19:27:00+00:00,2026-W17,Wed,page_view,marketing,/,direct,none,desktop,GB,pro,user_0338,session_0338_0,0
evt_002034,2026-04-22T19:29:43+00:00,2026-W17,Wed,page_view,learn,/docs/getting-started,direct,none,desktop,GB,pro,user_0338,session_0338_0,0
evt_002035,2026-04-29T03:22:00+00:00,2026-W18,Wed,page_view,learn,/blog/warehouse,organic,none,desktop,DE,free,user_0339,session_0339_0,0
evt_002036,2026-04-29T03:25:52+00:00,2026-W18,Wed,page_view,learn,/docs/getting-started,organic,none,desktop,DE,free,user_0339,session_0339_0,0
evt_002037,2026-04-29T03:27:40+00:00,2026-W18,Wed,page_view,product,/integrations,organic,none,desktop,DE,free,user_0339,session_0339_0,0
evt_002038,2026-04-20T22:59:00+00:00,2026-W17,Mon,page_view,marketing,/,organic,none,desktop,DE,free,user_0339,session_0339_1,0
evt_002039,2026-04-20T23:00:45+00:00,2026-W17,Mon,page_view,learn,/blog/warehouse,organic,none,desktop,DE,free,user_0339,session_0339_1,0
evt_002040,2026-04-22T04:38:00+00:00,2026-W17,Wed,page_view,learn,/docs/getting-started,organic,none,desktop,US,pro,user_0340,session_0340_0,0
evt_002041,2026-04-22T04:41:15+00:00,2026-W17,Wed,page_view,marketing,/pricing,organic,none,desktop,US,pro,user_0340,session_0340_0,0
evt_002042,2026-04-22T04:44:34+00:00,2026-W17,Wed,page_view,marketing,/,organic,none,desktop,US,pro,user_0340,session_0340_0,0
evt_002043,2026-04-22T04:46:12+00:00,2026-W17,Wed,page_view,product,/product,organic,none,desktop,US,pro,user_0340,session_0340_0,0
evt_002044,2026-04-22T04:48:05+00:00,2026-W17,Wed,page_view,marketing,/pricing,organic,none,desktop,US,pro,user_0340,session_0340_0,0
evt_002045,2026-04-12T02:22:00+00:00,2026-W15,Sun,page_view,learn,/blog/warehouse,linkedin,founders,mobile,GB,free,user_0341,session_0341_0,0
evt_002046,2026-04-12T02:23:49+00:00,2026-W15,Sun,page_view,marketing,/,linkedin,founders,mobile,GB,free,user_0341,session_0341_0,0
evt_002047,2026-04-12T02:26:56+00:00,2026-W15,Sun,page_view,product,/product,linkedin,founders,mobile,GB,free,user_0341,session_0341_0,0
evt_002048,2026-04-12T02:27:37+00:00,2026-W15,Sun,page_view,marketing,/pricing,linkedin,founders,mobile,GB,free,user_0341,session_0341_0,0
evt_002049,2026-04-12T02:30:05+00:00,2026-W15,Sun,page_view,product,/integrations,linkedin,founders,mobile,GB,free,user_0341,session_0341_0,0
evt_002050,2026-04-12T02:30:41+00:00,2026-W15,Sun,signup_started,account,/signup,linkedin,founders,mobile,GB,free,user_0341,session_0341_0,0
evt_002051,2026-04-25T13:47:00+00:00,2026-W17,Sat,page_view,marketing,/,linkedin,founders,tablet,GB,free,user_0342,session_0342_0,0
evt_002052,2026-04-25T13:49:03+00:00,2026-W17,Sat,page_view,learn,/docs/getting-started,linkedin,founders,tablet,GB,free,user_0342,session_0342_0,0
evt_002053,2026-04-18T12:09:00+00:00,2026-W16,Sat,page_view,product,/integrations,newsletter,april_launch,mobile,AU,free,user_0343,session_0343_0,0
evt_002054,2026-04-18T12:10:58+00:00,2026-W16,Sat,page_view,learn,/blog/warehouse,newsletter,april_launch,mobile,AU,free,user_0343,session_0343_0,0
evt_002055,2026-04-18T12:13:23+00:00,2026-W16,Sat,page_view,marketing,/pricing,newsletter,april_launch,mobile,AU,free,user_0343,session_0343_0,0
evt_002056,2026-04-18T12:16:54+00:00,2026-W16,Sat,page_view,product,/product,newsletter,april_launch,mobile,AU,free,user_0343,session_0343_0,0
evt_002057,2026-04-18T12:17:40+00:00,2026-W16,Sat,page_view,marketing,/pricing,newsletter,april_launch,mobile,AU,free,user_0343,session_0343_0,0
evt_002058,2026-04-18T12:20:02+00:00,2026-W16,Sat,signup_started,account,/signup,newsletter,april_launch,mobile,AU,free,user_0343,session_0343_0,0
evt_002059,2026-04-25T23:11:00+00:00,2026-W17,Sat,page_view,marketing,/,organic,none,mobile,US,free,user_0344,session_0344_0,0
evt_002060,2026-04-25T23:13:54+00:00,2026-W17,Sat,page_view,product,/integrations,organic,none,mobile,US,free,user_0344,session_0344_0,0
evt_002061,2026-04-25T23:17:23+00:00,2026-W17,Sat,page_view,marketing,/,organic,none,mobile,US,free,user_0344,session_0344_0,0
evt_002062,2026-04-25T23:20:50+00:00,2026-W17,Sat,page_view,product,/product,organic,none,mobile,US,free,user_0344,session_0344_0,0
evt_002063,2026-05-01T15:54:00+00:00,2026-W18,Fri,page_view,marketing,/pricing,organic,none,mobile,US,free,user_0344,session_0344_1,0
evt_002064,2026-05-01T15:56:22+00:00,2026-W18,Fri,page_view,product,/product,organic,none,mobile,US,free,user_0344,session_0344_1,0
evt_002065,2026-05-01T15:57:43+00:00,2026-W18,Fri,page_view,product,/product,organic,none,mobile,US,free,user_0344,session_0344_1,0
evt_002066,2026-04-20T10:44:00+00:00,2026-W17,Mon,page_view,product,/product,google,spring_search,tablet,US,team,user_0345,session_0345_0,0
evt_002067,2026-04-20T10:44:24+00:00,2026-W17,Mon,page_view,marketing,/,google,spring_search,tablet,US,team,user_0345,session_0345_0,0
evt_002068,2026-04-20T10:47:01+00:00,2026-W17,Mon,page_view,product,/integrations,google,spring_search,tablet,US,team,user_0345,session_0345_0,0
evt_002069,2026-04-20T10:50:35+00:00,2026-W17,Mon,page_view,marketing,/pricing,google,spring_search,tablet,US,team,user_0345,session_0345_0,0
evt_002070,2026-04-20T10:53:50+00:00,2026-W17,Mon,page_view,marketing,/,google,spring_search,tablet,US,team,user_0345,session_0345_0,0
evt_002071,2026-04-20T10:55:55+00:00,2026-W17,Mon,signup_started,account,/signup,google,spring_search,tablet,US,team,user_0345,session_0345_0,0
evt_002072,2026-04-21T19:11:00+00:00,2026-W17,Tue,page_view,product,/product,google,spring_search,desktop,CA,free,user_0346,session_0346_0,0
evt_002073,2026-04-21T19:12:55+00:00,2026-W17,Tue,page_view,marketing,/pricing,google,spring_search,desktop,CA,free,user_0346,session_0346_0,0
evt_002074,2026-04-21T19:15:41+00:00,2026-W17,Tue,page_view,learn,/blog/warehouse,google,spring_search,desktop,CA,free,user_0346,session_0346_0,0
evt_002075,2026-04-17T19:55:00+00:00,2026-W16,Fri,page_view,learn,/docs/getting-started,newsletter,april_launch,desktop,US,free,user_0347,session_0347_0,0
evt_002076,2026-04-17T19:57:55+00:00,2026-W16,Fri,page_view,marketing,/pricing,newsletter,april_launch,desktop,US,free,user_0347,session_0347_0,0
evt_002077,2026-04-17T14:03:00+00:00,2026-W16,Fri,page_view,marketing,/,newsletter,april_launch,desktop,US,free,user_0347,session_0347_1,0
evt_002078,2026-04-17T14:04:17+00:00,2026-W16,Fri,page_view,marketing,/pricing,newsletter,april_launch,desktop,US,free,user_0347,session_0347_1,0
evt_002079,2026-04-17T14:07:17+00:00,2026-W16,Fri,page_view,marketing,/pricing,newsletter,april_launch,desktop,US,free,user_0347,session_0347_1,0
evt_002080,2026-04-17T14:07:53+00:00,2026-W16,Fri,page_view,learn,/blog/warehouse,newsletter,april_launch,desktop,US,free,user_0347,session_0347_1,0
evt_002081,2026-04-24T17:34:00+00:00,2026-W17,Fri,page_view,marketing,/pricing,organic,none,desktop,AU,free,user_0348,session_0348_0,0
evt_002082,2026-04-24T17:37:13+00:00,2026-W17,Fri,page_view,product,/product,organic,none,desktop,AU,free,user_0348,session_0348_0,0
evt_002083,2026-04-24T17:37:33+00:00,2026-W17,Fri,page_view,learn,/blog/warehouse,organic,none,desktop,AU,free,user_0348,session_0348_0,0
evt_002084,2026-04-24T17:39:24+00:00,2026-W17,Fri,page_view,product,/product,organic,none,desktop,AU,free,user_0348,session_0348_0,0
evt_002085,2026-04-24T17:41:01+00:00,2026-W17,Fri,page_view,product,/product,organic,none,desktop,AU,free,user_0348,session_0348_0,0
evt_002086,2026-04-25T10:13:00+00:00,2026-W17,Sat,page_view,learn,/blog/warehouse,linkedin,founders,desktop,CA,free,user_0349,session_0349_0,0
evt_002087,2026-04-25T10:14:06+00:00,2026-W17,Sat,page_view,product,/product,linkedin,founders,desktop,CA,free,user_0349,session_0349_0,0
evt_002088,2026-04-25T10:17:57+00:00,2026-W17,Sat,page_view,learn,/blog/warehouse,linkedin,founders,desktop,CA,free,user_0349,session_0349_0,0
evt_002089,2026-04-25T10:18:31+00:00,2026-W17,Sat,page_view,learn,/docs/getting-started,linkedin,founders,desktop,CA,free,user_0349,session_0349_0,0
evt_002090,2026-04-29T03:08:00+00:00,2026-W18,Wed,page_view,learn,/docs/getting-started,organic,none,desktop,DE,team,user_0350,session_0350_0,0
evt_002091,2026-04-29T03:08:39+00:00,2026-W18,Wed,page_view,product,/integrations,organic,none,desktop,DE,team,user_0350,session_0350_0,0
evt_002092,2026-04-29T03:10:03+00:00,2026-W18,Wed,page_view,marketing,/,organic,none,desktop,DE,team,user_0350,session_0350_0,0
evt_002093,2026-04-29T03:13:43+00:00,2026-W18,Wed,page_view,product,/product,organic,none,desktop,DE,team,user_0350,session_0350_0,0
evt_002094,2026-04-29T03:15:47+00:00,2026-W18,Wed,page_view,marketing,/,organic,none,desktop,DE,team,user_0350,session_0350_0,0
evt_002095,2026-04-29T03:19:25+00:00,2026-W18,Wed,page_view,marketing,/,organic,none,desktop,DE,team,user_0350,session_0350_0,0
evt_002096,2026-04-29T03:23:10+00:00,2026-W18,Wed,page_view,marketing,/pricing,organic,none,desktop,DE,team,user_0350,session_0350_0,0
evt_002097,2026-04-29T03:26:50+00:00,2026-W18,Wed,signup_started,account,/signup,organic,none,desktop,DE,team,user_0350,session_0350_0,0
evt_002098,2026-04-11T00:38:00+00:00,2026-W15,Sat,page_view,learn,/docs/getting-started,organic,none,desktop,DE,free,user_0351,session_0351_0,0
evt_002099,2026-04-11T00:41:55+00:00,2026-W15,Sat,page_view,marketing,/,organic,none,desktop,DE,free,user_0351,session_0351_0,0
evt_002100,2026-04-11T00:44:17+00:00,2026-W15,Sat,page_view,marketing,/,organic,none,desktop,DE,free,user_0351,session_0351_0,0
evt_002101,2026-04-11T00:48:02+00:00,2026-W15,Sat,page_view,learn,/docs/getting-started,organic,none,desktop,DE,free,user_0351,session_0351_0,0
evt_002102,2026-04-11T00:50:16+00:00,2026-W15,Sat,page_view,marketing,/pricing,organic,none,desktop,DE,free,user_0351,session_0351_0,0
evt_002103,2026-04-11T00:53:14+00:00,2026-W15,Sat,page_view,product,/product,organic,none,desktop,DE,free,user_0351,session_0351_0,0
evt_002104,2026-04-11T00:56:06+00:00,2026-W15,Sat,page_view,learn,/docs/getting-started,organic,none,desktop,DE,free,user_0351,session_0351_0,0
evt_002105,2026-04-27T10:14:00+00:00,2026-W18,Mon,page_view,product,/product,linkedin,founders,desktop,GB,free,user_0352,session_0352_0,0
evt_002106,2026-04-27T10:17:55+00:00,2026-W18,Mon,page_view,learn,/docs/getting-started,linkedin,founders,desktop,GB,free,user_0352,session_0352_0,0
evt_002107,2026-04-27T10:18:26+00:00,2026-W18,Mon,page_view,product,/integrations,linkedin,founders,desktop,GB,free,user_0352,session_0352_0,0
evt_002108,2026-04-27T10:22:17+00:00,2026-W18,Mon,page_view,product,/product,linkedin,founders,desktop,GB,free,user_0352,session_0352_0,0
evt_002109,2026-04-27T10:26:02+00:00,2026-W18,Mon,page_view,marketing,/pricing,linkedin,founders,desktop,GB,free,user_0352,session_0352_0,0
evt_002110,2026-04-27T10:26:58+00:00,2026-W18,Mon,signup_started,account,/signup,linkedin,founders,desktop,GB,free,user_0352,session_0352_0,0
evt_002111,2026-04-18T08:08:00+00:00,2026-W16,Sat,page_view,marketing,/,linkedin,founders,desktop,GB,free,user_0352,session_0352_1,0
evt_002112,2026-04-18T08:08:22+00:00,2026-W16,Sat,page_view,marketing,/pricing,linkedin,founders,desktop,GB,free,user_0352,session_0352_1,0
evt_002113,2026-04-18T08:12:08+00:00,2026-W16,Sat,signup_started,account,/signup,linkedin,founders,desktop,GB,free,user_0352,session_0352_1,0
evt_002114,2026-05-01T09:28:00+00:00,2026-W18,Fri,page_view,product,/product,direct,none,desktop,US,free,user_0353,session_0353_0,0
evt_002115,2026-05-01T09:30:59+00:00,2026-W18,Fri,page_view,learn,/docs/getting-started,direct,none,desktop,US,free,user_0353,session_0353_0,0
evt_002116,2026-05-01T09:34:18+00:00,2026-W18,Fri,page_view,product,/product,direct,none,desktop,US,free,user_0353,session_0353_0,0
evt_002117,2026-05-01T09:34:38+00:00,2026-W18,Fri,page_view,marketing,/,direct,none,desktop,US,free,user_0353,session_0353_0,0
evt_002118,2026-05-01T09:35:14+00:00,2026-W18,Fri,page_view,marketing,/pricing,direct,none,desktop,US,free,user_0353,session_0353_0,0
evt_002119,2026-05-01T09:36:45+00:00,2026-W18,Fri,page_view,learn,/docs/getting-started,direct,none,desktop,US,free,user_0353,session_0353_0,0
evt_002120,2026-05-01T09:38:44+00:00,2026-W18,Fri,page_view,learn,/blog/warehouse,direct,none,desktop,US,free,user_0353,session_0353_0,0
evt_002121,2026-04-08T13:32:00+00:00,2026-W15,Wed,page_view,learn,/docs/getting-started,direct,none,desktop,US,free,user_0353,session_0353_1,0
evt_002122,2026-04-08T13:33:15+00:00,2026-W15,Wed,page_view,marketing,/,direct,none,desktop,US,free,user_0353,session_0353_1,0
evt_002123,2026-04-08T13:36:38+00:00,2026-W15,Wed,page_view,product,/product,direct,none,desktop,US,free,user_0353,session_0353_1,0
evt_002124,2026-04-08T13:37:23+00:00,2026-W15,Wed,page_view,product,/product,direct,none,desktop,US,free,user_0353,session_0353_1,0
evt_002125,2026-04-08T13:41:10+00:00,2026-W15,Wed,page_view,product,/integrations,direct,none,desktop,US,free,user_0353,session_0353_1,0
evt_002126,2026-04-08T13:44:43+00:00,2026-W15,Wed,page_view,learn,/blog/warehouse,direct,none,desktop,US,free,user_0353,session_0353_1,0
evt_002127,2026-04-08T13:46:02+00:00,2026-W15,Wed,page_view,product,/product,direct,none,desktop,US,free,user_0353,session_0353_1,0
evt_002128,2026-04-29T08:03:00+00:00,2026-W18,Wed,page_view,marketing,/,organic,none,desktop,DE,free,user_0354,session_0354_0,0
evt_002129,2026-04-29T08:03:42+00:00,2026-W18,Wed,page_view,marketing,/,organic,none,desktop,DE,free,user_0354,session_0354_0,0
evt_002130,2026-04-29T08:05:07+00:00,2026-W18,Wed,page_view,product,/product,organic,none,desktop,DE,free,user_0354,session_0354_0,0
evt_002131,2026-04-29T08:06:27+00:00,2026-W18,Wed,page_view,learn,/docs/getting-started,organic,none,desktop,DE,free,user_0354,session_0354_0,0
evt_002132,2026-04-29T08:06:56+00:00,2026-W18,Wed,page_view,product,/product,organic,none,desktop,DE,free,user_0354,session_0354_0,0
evt_002133,2026-05-01T04:56:00+00:00,2026-W18,Fri,page_view,product,/product,linkedin,founders,desktop,AU,free,user_0355,session_0355_0,0
evt_002134,2026-05-01T04:57:49+00:00,2026-W18,Fri,page_view,learn,/docs/getting-started,linkedin,founders,desktop,AU,free,user_0355,session_0355_0,0
evt_002135,2026-05-01T04:58:09+00:00,2026-W18,Fri,page_view,product,/integrations,linkedin,founders,desktop,AU,free,user_0355,session_0355_0,0
evt_002136,2026-05-01T05:00:59+00:00,2026-W18,Fri,page_view,marketing,/,linkedin,founders,desktop,AU,free,user_0355,session_0355_0,0
evt_002137,2026-04-28T12:23:00+00:00,2026-W18,Tue,page_view,marketing,/,linkedin,founders,tablet,GB,free,user_0356,session_0356_0,0
evt_002138,2026-04-28T12:26:56+00:00,2026-W18,Tue,page_view,marketing,/,linkedin,founders,tablet,GB,free,user_0356,session_0356_0,0
evt_002139,2026-04-28T12:29:04+00:00,2026-W18,Tue,page_view,marketing,/pricing,linkedin,founders,tablet,GB,free,user_0356,session_0356_0,0
evt_002140,2026-04-28T12:30:59+00:00,2026-W18,Tue,page_view,learn,/blog/warehouse,linkedin,founders,tablet,GB,free,user_0356,session_0356_0,0
evt_002141,2026-04-28T12:32:19+00:00,2026-W18,Tue,page_view,marketing,/pricing,linkedin,founders,tablet,GB,free,user_0356,session_0356_0,0
evt_002142,2026-04-28T12:36:04+00:00,2026-W18,Tue,page_view,learn,/docs/getting-started,linkedin,founders,tablet,GB,free,user_0356,session_0356_0,0
evt_002143,2026-04-28T12:37:35+00:00,2026-W18,Tue,page_view,marketing,/,linkedin,founders,tablet,GB,free,user_0356,session_0356_0,0
evt_002144,2026-04-30T16:46:00+00:00,2026-W18,Thu,page_view,learn,/docs/getting-started,linkedin,founders,mobile,CA,pro,user_0357,session_0357_0,0
evt_002145,2026-04-30T16:49:50+00:00,2026-W18,Thu,page_view,marketing,/pricing,linkedin,founders,mobile,CA,pro,user_0357,session_0357_0,0
evt_002146,2026-04-30T16:51:53+00:00,2026-W18,Thu,page_view,learn,/docs/getting-started,linkedin,founders,mobile,CA,pro,user_0357,session_0357_0,0
evt_002147,2026-04-30T16:55:37+00:00,2026-W18,Thu,page_view,marketing,/,linkedin,founders,mobile,CA,pro,user_0357,session_0357_0,0
evt_002148,2026-04-30T16:56:33+00:00,2026-W18,Thu,page_view,product,/integrations,linkedin,founders,mobile,CA,pro,user_0357,session_0357_0,0
evt_002149,2026-04-30T16:58:57+00:00,2026-W18,Thu,signup_completed,account,/signup,linkedin,founders,mobile,CA,pro,user_0357,session_0357_0,99
evt_002150,2026-04-26T06:16:00+00:00,2026-W17,Sun,page_view,product,/product,linkedin,founders,desktop,DE,free,user_0358,session_0358_0,0
evt_002151,2026-04-26T06:18:59+00:00,2026-W17,Sun,page_view,marketing,/,linkedin,founders,desktop,DE,free,user_0358,session_0358_0,0
evt_002152,2026-04-26T06:20:56+00:00,2026-W17,Sun,page_view,marketing,/,linkedin,founders,desktop,DE,free,user_0358,session_0358_0,0
evt_002153,2026-04-26T06:22:29+00:00,2026-W17,Sun,page_view,marketing,/pricing,linkedin,founders,desktop,DE,free,user_0358,session_0358_0,0
evt_002154,2026-04-26T06:23:05+00:00,2026-W17,Sun,page_view,marketing,/,linkedin,founders,desktop,DE,free,user_0358,session_0358_0,0
evt_002155,2026-04-26T06:24:23+00:00,2026-W17,Sun,page_view,product,/product,linkedin,founders,desktop,DE,free,user_0358,session_0358_0,0
evt_002156,2026-04-26T06:27:54+00:00,2026-W17,Sun,page_view,learn,/docs/getting-started,linkedin,founders,desktop,DE,free,user_0358,session_0358_0,0
evt_002157,2026-04-26T06:31:24+00:00,2026-W17,Sun,signup_started,account,/signup,linkedin,founders,desktop,DE,free,user_0358,session_0358_0,0
evt_002158,2026-04-19T10:54:00+00:00,2026-W16,Sun,page_view,product,/product,linkedin,founders,desktop,DE,free,user_0358,session_0358_1,0
evt_002159,2026-04-19T10:57:23+00:00,2026-W16,Sun,page_view,marketing,/,linkedin,founders,desktop,DE,free,user_0358,session_0358_1,0
evt_002160,2026-04-19T10:58:22+00:00,2026-W16,Sun,page_view,product,/integrations,linkedin,founders,desktop,DE,free,user_0358,session_0358_1,0
evt_002161,2026-04-19T11:02:08+00:00,2026-W16,Sun,page_view,marketing,/pricing,linkedin,founders,desktop,DE,free,user_0358,session_0358_1,0
evt_002162,2026-04-19T11:03:35+00:00,2026-W16,Sun,page_view,marketing,/,linkedin,founders,desktop,DE,free,user_0358,session_0358_1,0
evt_002163,2026-04-19T11:05:36+00:00,2026-W16,Sun,signup_started,account,/signup,linkedin,founders,desktop,DE,free,user_0358,session_0358_1,0
evt_002164,2026-04-18T19:28:00+00:00,2026-W16,Sat,page_view,marketing,/,linkedin,founders,desktop,DE,free,user_0358,session_0358_2,0
evt_002165,2026-04-18T19:28:20+00:00,2026-W16,Sat,page_view,learn,/blog/warehouse,linkedin,founders,desktop,DE,free,user_0358,session_0358_2,0
evt_002166,2026-04-18T19:31:20+00:00,2026-W16,Sat,page_view,product,/integrations,linkedin,founders,desktop,DE,free,user_0358,session_0358_2,0
evt_002167,2026-04-25T14:38:00+00:00,2026-W17,Sat,page_view,marketing,/pricing,direct,none,tablet,GB,free,user_0359,session_0359_0,0
evt_002168,2026-04-25T14:38:37+00:00,2026-W17,Sat,page_view,learn,/blog/warehouse,direct,none,tablet,GB,free,user_0359,session_0359_0,0
evt_002169,2026-04-25T14:39:35+00:00,2026-W17,Sat,page_view,learn,/blog/warehouse,direct,none,tablet,GB,free,user_0359,session_0359_0,0
evt_002170,2026-04-25T14:40:20+00:00,2026-W17,Sat,page_view,marketing,/,direct,none,tablet,GB,free,user_0359,session_0359_0,0
evt_002171,2026-04-25T14:42:49+00:00,2026-W17,Sat,page_view,product,/product,direct,none,tablet,GB,free,user_0359,session_0359_0,0
evt_002172,2026-04-25T14:45:00+00:00,2026-W17,Sat,page_view,learn,/docs/getting-started,direct,none,tablet,GB,free,user_0359,session_0359_0,0
evt_002173,2026-04-25T14:47:21+00:00,2026-W17,Sat,signup_started,account,/signup,direct,none,tablet,GB,free,user_0359,session_0359_0,0
evt_002174,2026-04-12T09:05:00+00:00,2026-W15,Sun,page_view,learn,/docs/getting-started,direct,none,tablet,GB,free,user_0359,session_0359_1,0
evt_002175,2026-04-12T09:06:52+00:00,2026-W15,Sun,page_view,marketing,/,direct,none,tablet,GB,free,user_0359,session_0359_1,0
evt_002176,2026-04-12T09:10:46+00:00,2026-W15,Sun,page_view,marketing,/,direct,none,tablet,GB,free,user_0359,session_0359_1,0
evt_002177,2026-04-12T09:11:56+00:00,2026-W15,Sun,page_view,learn,/blog/warehouse,direct,none,tablet,GB,free,user_0359,session_0359_1,0
evt_002178,2026-04-14T08:02:00+00:00,2026-W16,Tue,page_view,product,/product,linkedin,founders,desktop,GB,free,user_0360,session_0360_0,0
evt_002179,2026-04-14T08:03:18+00:00,2026-W16,Tue,page_view,marketing,/pricing,linkedin,founders,desktop,GB,free,user_0360,session_0360_0,0
evt_002180,2026-04-14T08:06:28+00:00,2026-W16,Tue,page_view,product,/integrations,linkedin,founders,desktop,GB,free,user_0360,session_0360_0,0
evt_002181,2026-04-14T08:07:04+00:00,2026-W16,Tue,page_view,marketing,/,linkedin,founders,desktop,GB,free,user_0360,session_0360_0,0
evt_002182,2026-04-14T08:07:53+00:00,2026-W16,Tue,page_view,learn,/docs/getting-started,linkedin,founders,desktop,GB,free,user_0360,session_0360_0,0
evt_002183,2026-04-14T08:11:05+00:00,2026-W16,Tue,page_view,marketing,/pricing,linkedin,founders,desktop,GB,free,user_0360,session_0360_0,0
evt_002184,2026-04-28T14:26:00+00:00,2026-W18,Tue,page_view,product,/integrations,linkedin,founders,desktop,GB,free,user_0360,session_0360_1,0
evt_002185,2026-04-28T14:26:33+00:00,2026-W18,Tue,page_view,marketing,/,linkedin,founders,desktop,GB,free,user_0360,session_0360_1,0
evt_002186,2026-04-28T14:27:03+00:00,2026-W18,Tue,page_view,marketing,/,linkedin,founders,desktop,GB,free,user_0360,session_0360_1,0
evt_002187,2026-04-28T14:28:18+00:00,2026-W18,Tue,page_view,product,/product,linkedin,founders,desktop,GB,free,user_0360,session_0360_1,0
evt_002188,2026-04-28T14:30:03+00:00,2026-W18,Tue,page_view,learn,/blog/warehouse,linkedin,founders,desktop,GB,free,user_0360,session_0360_1,0
evt_002189,2026-04-28T14:33:09+00:00,2026-W18,Tue,page_view,learn,/blog/warehouse,linkedin,founders,desktop,GB,free,user_0360,session_0360_1,0
evt_002190,2026-04-28T14:35:57+00:00,2026-W18,Tue,page_view,learn,/docs/getting-started,linkedin,founders,desktop,GB,free,user_0360,session_0360_1,0
evt_002191,2026-04-10T19:05:00+00:00,2026-W15,Fri,page_view,product,/integrations,organic,none,desktop,AU,free,user_0361,session_0361_0,0
evt_002192,2026-04-10T19:06:21+00:00,2026-W15,Fri,page_view,marketing,/,organic,none,desktop,AU,free,user_0361,session_0361_0,0
evt_002193,2026-04-14T03:59:00+00:00,2026-W16,Tue,page_view,marketing,/,direct,none,mobile,GB,free,user_0362,session_0362_0,0
evt_002194,2026-04-14T03:59:47+00:00,2026-W16,Tue,page_view,product,/product,direct,none,mobile,GB,free,user_0362,session_0362_0,0
evt_002195,2026-04-14T04:03:35+00:00,2026-W16,Tue,page_view,marketing,/pricing,direct,none,mobile,GB,free,user_0362,session_0362_0,0
evt_002196,2026-04-14T04:05:22+00:00,2026-W16,Tue,page_view,learn,/blog/warehouse,direct,none,mobile,GB,free,user_0362,session_0362_0,0
evt_002197,2026-04-29T16:46:00+00:00,2026-W18,Wed,page_view,product,/product,organic,none,mobile,DE,free,user_0363,session_0363_0,0
evt_002198,2026-04-29T16:49:03+00:00,2026-W18,Wed,page_view,product,/integrations,organic,none,mobile,DE,free,user_0363,session_0363_0,0
evt_002199,2026-04-29T16:51:10+00:00,2026-W18,Wed,page_view,marketing,/,organic,none,mobile,DE,free,user_0363,session_0363_0,0
evt_002200,2026-04-21T01:23:00+00:00,2026-W17,Tue,page_view,marketing,/pricing,organic,none,desktop,CA,free,user_0364,session_0364_0,0
evt_002201,2026-04-21T01:26:16+00:00,2026-W17,Tue,page_view,product,/product,organic,none,desktop,CA,free,user_0364,session_0364_0,0
evt_002202,2026-04-21T01:28:28+00:00,2026-W17,Tue,page_view,product,/product,organic,none,desktop,CA,free,user_0364,session_0364_0,0
evt_002203,2026-04-21T01:32:19+00:00,2026-W17,Tue,page_view,learn,/docs/getting-started,organic,none,desktop,CA,free,user_0364,session_0364_0,0
evt_002204,2026-04-21T01:33:11+00:00,2026-W17,Tue,page_view,marketing,/,organic,none,desktop,CA,free,user_0364,session_0364_0,0
evt_002205,2026-04-21T01:33:49+00:00,2026-W17,Tue,signup_started,account,/signup,organic,none,desktop,CA,free,user_0364,session_0364_0,0
evt_002206,2026-04-06T17:57:00+00:00,2026-W15,Mon,page_view,marketing,/,newsletter,april_launch,mobile,DE,free,user_0365,session_0365_0,0
evt_002207,2026-04-06T17:57:34+00:00,2026-W15,Mon,page_view,marketing,/pricing,newsletter,april_launch,mobile,DE,free,user_0365,session_0365_0,0
evt_002208,2026-04-06T17:59:56+00:00,2026-W15,Mon,page_view,product,/integrations,newsletter,april_launch,mobile,DE,free,user_0365,session_0365_0,0
evt_002209,2026-04-06T18:01:35+00:00,2026-W15,Mon,page_view,marketing,/,newsletter,april_launch,mobile,DE,free,user_0365,session_0365_0,0
evt_002210,2026-04-06T18:04:44+00:00,2026-W15,Mon,page_view,learn,/blog/warehouse,newsletter,april_launch,mobile,DE,free,user_0365,session_0365_0,0
evt_002211,2026-04-06T18:05:30+00:00,2026-W15,Mon,page_view,marketing,/pricing,newsletter,april_launch,mobile,DE,free,user_0365,session_0365_0,0
evt_002212,2026-04-20T21:26:00+00:00,2026-W17,Mon,page_view,product,/integrations,organic,none,desktop,US,free,user_0366,session_0366_0,0
evt_002213,2026-04-20T21:26:16+00:00,2026-W17,Mon,page_view,marketing,/pricing,organic,none,desktop,US,free,user_0366,session_0366_0,0
evt_002214,2026-04-20T21:26:42+00:00,2026-W17,Mon,page_view,product,/integrations,organic,none,desktop,US,free,user_0366,session_0366_0,0
evt_002215,2026-04-20T21:28:52+00:00,2026-W17,Mon,page_view,marketing,/pricing,organic,none,desktop,US,free,user_0366,session_0366_0,0
evt_002216,2026-04-16T01:53:00+00:00,2026-W16,Thu,page_view,marketing,/,direct,none,mobile,GB,free,user_0367,session_0367_0,0
evt_002217,2026-04-16T01:55:49+00:00,2026-W16,Thu,page_view,marketing,/pricing,direct,none,mobile,GB,free,user_0367,session_0367_0,0
evt_002218,2026-04-16T01:57:46+00:00,2026-W16,Thu,page_view,marketing,/pricing,direct,none,mobile,GB,free,user_0367,session_0367_0,0
evt_002219,2026-04-16T01:59:02+00:00,2026-W16,Thu,page_view,learn,/blog/warehouse,direct,none,mobile,GB,free,user_0367,session_0367_0,0
evt_002220,2026-04-16T02:02:58+00:00,2026-W16,Thu,page_view,marketing,/pricing,direct,none,mobile,GB,free,user_0367,session_0367_0,0
evt_002221,2026-04-16T02:03:18+00:00,2026-W16,Thu,page_view,learn,/docs/getting-started,direct,none,mobile,GB,free,user_0367,session_0367_0,0
evt_002222,2026-04-16T02:04:14+00:00,2026-W16,Thu,page_view,marketing,/pricing,direct,none,mobile,GB,free,user_0367,session_0367_0,0
evt_002223,2026-04-16T02:06:12+00:00,2026-W16,Thu,signup_started,account,/signup,direct,none,mobile,GB,free,user_0367,session_0367_0,0
evt_002224,2026-04-26T05:15:00+00:00,2026-W17,Sun,page_view,marketing,/pricing,direct,none,mobile,GB,free,user_0367,session_0367_1,0
evt_002225,2026-04-26T05:18:40+00:00,2026-W17,Sun,page_view,product,/product,direct,none,mobile,GB,free,user_0367,session_0367_1,0
evt_002226,2026-04-21T15:12:00+00:00,2026-W17,Tue,page_view,product,/product,direct,none,mobile,DE,free,user_0368,session_0368_0,0
evt_002227,2026-04-21T15:14:39+00:00,2026-W17,Tue,page_view,product,/integrations,direct,none,mobile,DE,free,user_0368,session_0368_0,0
evt_002228,2026-04-21T15:15:17+00:00,2026-W17,Tue,page_view,learn,/docs/getting-started,direct,none,mobile,DE,free,user_0368,session_0368_0,0
evt_002229,2026-04-21T15:18:59+00:00,2026-W17,Tue,page_view,marketing,/pricing,direct,none,mobile,DE,free,user_0368,session_0368_0,0
evt_002230,2026-04-21T15:20:01+00:00,2026-W17,Tue,page_view,product,/product,direct,none,mobile,DE,free,user_0368,session_0368_0,0
evt_002231,2026-04-21T15:22:05+00:00,2026-W17,Tue,signup_started,account,/signup,direct,none,mobile,DE,free,user_0368,session_0368_0,0
evt_002232,2026-04-08T09:55:00+00:00,2026-W15,Wed,page_view,product,/product,direct,none,mobile,GB,team,user_0369,session_0369_0,0
evt_002233,2026-04-08T09:58:40+00:00,2026-W15,Wed,page_view,product,/product,direct,none,mobile,GB,team,user_0369,session_0369_0,0
evt_002234,2026-04-08T09:59:33+00:00,2026-W15,Wed,page_view,learn,/blog/warehouse,direct,none,mobile,GB,team,user_0369,session_0369_0,0
evt_002235,2026-04-08T10:02:43+00:00,2026-W15,Wed,page_view,learn,/blog/warehouse,direct,none,mobile,GB,team,user_0369,session_0369_0,0
evt_002236,2026-04-08T10:06:33+00:00,2026-W15,Wed,page_view,marketing,/pricing,direct,none,mobile,GB,team,user_0369,session_0369_0,0
evt_002237,2026-04-08T10:08:37+00:00,2026-W15,Wed,signup_completed,account,/signup,direct,none,mobile,GB,team,user_0369,session_0369_0,249
evt_002238,2026-04-29T19:24:00+00:00,2026-W18,Wed,page_view,marketing,/pricing,organic,none,desktop,US,free,user_0370,session_0370_0,0
evt_002239,2026-04-29T19:26:44+00:00,2026-W18,Wed,page_view,marketing,/,organic,none,desktop,US,free,user_0370,session_0370_0,0
evt_002240,2026-04-29T19:29:07+00:00,2026-W18,Wed,page_view,marketing,/,organic,none,desktop,US,free,user_0370,session_0370_0,0
evt_002241,2026-04-29T19:32:31+00:00,2026-W18,Wed,page_view,product,/integrations,organic,none,desktop,US,free,user_0370,session_0370_0,0
evt_002242,2026-04-20T22:52:00+00:00,2026-W17,Mon,page_view,product,/integrations,newsletter,april_launch,desktop,CA,pro,user_0371,session_0371_0,0
evt_002243,2026-04-20T22:53:22+00:00,2026-W17,Mon,page_view,marketing,/pricing,newsletter,april_launch,desktop,CA,pro,user_0371,session_0371_0,0
evt_002244,2026-04-20T22:57:20+00:00,2026-W17,Mon,page_view,learn,/docs/getting-started,newsletter,april_launch,desktop,CA,pro,user_0371,session_0371_0,0
evt_002245,2026-04-20T22:58:29+00:00,2026-W17,Mon,page_view,marketing,/,newsletter,april_launch,desktop,CA,pro,user_0371,session_0371_0,0
evt_002246,2026-04-20T23:01:55+00:00,2026-W17,Mon,page_view,learn,/blog/warehouse,newsletter,april_launch,desktop,CA,pro,user_0371,session_0371_0,0
evt_002247,2026-04-20T23:36:00+00:00,2026-W17,Mon,page_view,learn,/docs/getting-started,organic,none,desktop,US,free,user_0372,session_0372_0,0
evt_002248,2026-04-20T23:39:25+00:00,2026-W17,Mon,page_view,product,/integrations,organic,none,desktop,US,free,user_0372,session_0372_0,0
evt_002249,2026-04-20T23:41:44+00:00,2026-W17,Mon,page_view,marketing,/pricing,organic,none,desktop,US,free,user_0372,session_0372_0,0
evt_002250,2026-04-20T23:45:27+00:00,2026-W17,Mon,page_view,learn,/blog/warehouse,organic,none,desktop,US,free,user_0372,session_0372_0,0
evt_002251,2026-04-20T23:47:14+00:00,2026-W17,Mon,page_view,product,/integrations,organic,none,desktop,US,free,user_0372,session_0372_0,0
evt_002252,2026-05-01T10:19:00+00:00,2026-W18,Fri,page_view,marketing,/,organic,none,desktop,US,free,user_0372,session_0372_1,0
evt_002253,2026-05-01T10:19:18+00:00,2026-W18,Fri,page_view,marketing,/,organic,none,desktop,US,free,user_0372,session_0372_1,0
evt_002254,2026-04-19T21:22:00+00:00,2026-W16,Sun,page_view,marketing,/,organic,none,tablet,US,free,user_0373,session_0373_0,0
evt_002255,2026-04-19T21:23:32+00:00,2026-W16,Sun,page_view,learn,/docs/getting-started,organic,none,tablet,US,free,user_0373,session_0373_0,0
evt_002256,2026-04-19T21:24:24+00:00,2026-W16,Sun,page_view,product,/product,organic,none,tablet,US,free,user_0373,session_0373_0,0
evt_002257,2026-04-19T21:24:44+00:00,2026-W16,Sun,page_view,marketing,/,organic,none,tablet,US,free,user_0373,session_0373_0,0
evt_002258,2026-04-19T21:25:38+00:00,2026-W16,Sun,page_view,learn,/docs/getting-started,organic,none,tablet,US,free,user_0373,session_0373_0,0
evt_002259,2026-04-19T21:27:46+00:00,2026-W16,Sun,page_view,learn,/blog/warehouse,organic,none,tablet,US,free,user_0373,session_0373_0,0
evt_002260,2026-04-07T11:23:00+00:00,2026-W15,Tue,page_view,marketing,/,organic,none,desktop,GB,free,user_0374,session_0374_0,0
evt_002261,2026-04-07T11:26:51+00:00,2026-W15,Tue,page_view,learn,/docs/getting-started,organic,none,desktop,GB,free,user_0374,session_0374_0,0
evt_002262,2026-04-18T16:35:00+00:00,2026-W16,Sat,page_view,product,/integrations,newsletter,april_launch,mobile,AU,pro,user_0375,session_0375_0,0
evt_002263,2026-04-18T16:37:51+00:00,2026-W16,Sat,page_view,learn,/blog/warehouse,newsletter,april_launch,mobile,AU,pro,user_0375,session_0375_0,0
evt_002264,2026-04-18T16:41:35+00:00,2026-W16,Sat,page_view,learn,/docs/getting-started,newsletter,april_launch,mobile,AU,pro,user_0375,session_0375_0,0
evt_002265,2026-04-18T16:42:49+00:00,2026-W16,Sat,page_view,learn,/docs/getting-started,newsletter,april_launch,mobile,AU,pro,user_0375,session_0375_0,0
evt_002266,2026-04-18T16:45:19+00:00,2026-W16,Sat,page_view,marketing,/,newsletter,april_launch,mobile,AU,pro,user_0375,session_0375_0,0
evt_002267,2026-04-18T16:48:01+00:00,2026-W16,Sat,page_view,marketing,/pricing,newsletter,april_launch,mobile,AU,pro,user_0375,session_0375_0,0
evt_002268,2026-04-18T16:48:32+00:00,2026-W16,Sat,signup_started,account,/signup,newsletter,april_launch,mobile,AU,pro,user_0375,session_0375_0,0
evt_002269,2026-04-21T03:59:00+00:00,2026-W17,Tue,page_view,product,/integrations,newsletter,april_launch,mobile,AU,pro,user_0375,session_0375_1,0
evt_002270,2026-04-21T04:02:00+00:00,2026-W17,Tue,page_view,marketing,/pricing,newsletter,april_launch,mobile,AU,pro,user_0375,session_0375_1,0
evt_002271,2026-04-21T04:05:13+00:00,2026-W17,Tue,page_view,product,/product,newsletter,april_launch,mobile,AU,pro,user_0375,session_0375_1,0
evt_002272,2026-04-21T04:06:09+00:00,2026-W17,Tue,page_view,marketing,/pricing,newsletter,april_launch,mobile,AU,pro,user_0375,session_0375_1,0
evt_002273,2026-04-21T04:07:13+00:00,2026-W17,Tue,page_view,product,/product,newsletter,april_launch,mobile,AU,pro,user_0375,session_0375_1,0
evt_002274,2026-04-21T04:09:20+00:00,2026-W17,Tue,signup_completed,account,/signup,newsletter,april_launch,mobile,AU,pro,user_0375,session_0375_1,99
evt_002275,2026-04-15T13:19:00+00:00,2026-W16,Wed,page_view,learn,/docs/getting-started,direct,none,desktop,AU,pro,user_0376,session_0376_0,0
evt_002276,2026-04-15T13:22:07+00:00,2026-W16,Wed,page_view,product,/integrations,direct,none,desktop,AU,pro,user_0376,session_0376_0,0
evt_002277,2026-04-15T13:23:54+00:00,2026-W16,Wed,page_view,learn,/docs/getting-started,direct,none,desktop,AU,pro,user_0376,session_0376_0,0
evt_002278,2026-04-15T13:27:33+00:00,2026-W16,Wed,page_view,learn,/blog/warehouse,direct,none,desktop,AU,pro,user_0376,session_0376_0,0
evt_002279,2026-04-15T13:28:29+00:00,2026-W16,Wed,page_view,product,/integrations,direct,none,desktop,AU,pro,user_0376,session_0376_0,0
evt_002280,2026-04-09T14:11:00+00:00,2026-W15,Thu,page_view,marketing,/pricing,linkedin,founders,desktop,CA,free,user_0377,session_0377_0,0
evt_002281,2026-04-09T14:12:08+00:00,2026-W15,Thu,page_view,product,/product,linkedin,founders,desktop,CA,free,user_0377,session_0377_0,0
evt_002282,2026-04-09T14:12:27+00:00,2026-W15,Thu,page_view,marketing,/pricing,linkedin,founders,desktop,CA,free,user_0377,session_0377_0,0
evt_002283,2026-04-09T14:13:48+00:00,2026-W15,Thu,page_view,marketing,/pricing,linkedin,founders,desktop,CA,free,user_0377,session_0377_0,0
evt_002284,2026-04-09T14:14:43+00:00,2026-W15,Thu,page_view,marketing,/,linkedin,founders,desktop,CA,free,user_0377,session_0377_0,0
evt_002285,2026-04-07T02:10:00+00:00,2026-W15,Tue,page_view,product,/product,linkedin,founders,desktop,CA,free,user_0377,session_0377_1,0
evt_002286,2026-04-07T02:12:53+00:00,2026-W15,Tue,page_view,marketing,/,linkedin,founders,desktop,CA,free,user_0377,session_0377_1,0
evt_002287,2026-04-07T02:15:31+00:00,2026-W15,Tue,page_view,marketing,/,linkedin,founders,desktop,CA,free,user_0377,session_0377_1,0
evt_002288,2026-04-07T02:16:52+00:00,2026-W15,Tue,page_view,learn,/blog/warehouse,linkedin,founders,desktop,CA,free,user_0377,session_0377_1,0
evt_002289,2026-04-22T20:37:00+00:00,2026-W17,Wed,page_view,marketing,/,google,spring_search,desktop,AU,free,user_0378,session_0378_0,0
evt_002290,2026-04-22T20:37:27+00:00,2026-W17,Wed,page_view,learn,/blog/warehouse,google,spring_search,desktop,AU,free,user_0378,session_0378_0,0
evt_002291,2026-04-22T20:39:34+00:00,2026-W17,Wed,page_view,learn,/docs/getting-started,google,spring_search,desktop,AU,free,user_0378,session_0378_0,0
evt_002292,2026-04-22T20:43:24+00:00,2026-W17,Wed,page_view,learn,/docs/getting-started,google,spring_search,desktop,AU,free,user_0378,session_0378_0,0
evt_002293,2026-04-22T20:44:06+00:00,2026-W17,Wed,page_view,learn,/docs/getting-started,google,spring_search,desktop,AU,free,user_0378,session_0378_0,0
evt_002294,2026-04-22T20:46:57+00:00,2026-W17,Wed,page_view,learn,/docs/getting-started,google,spring_search,desktop,AU,free,user_0378,session_0378_0,0
evt_002295,2026-04-22T20:47:38+00:00,2026-W17,Wed,page_view,learn,/docs/getting-started,google,spring_search,desktop,AU,free,user_0378,session_0378_0,0
evt_002296,2026-04-22T03:35:00+00:00,2026-W17,Wed,page_view,product,/integrations,google,spring_search,desktop,AU,free,user_0378,session_0378_1,0
evt_002297,2026-04-22T03:38:57+00:00,2026-W17,Wed,page_view,marketing,/,google,spring_search,desktop,AU,free,user_0378,session_0378_1,0
evt_002298,2026-04-22T03:40:44+00:00,2026-W17,Wed,page_view,marketing,/,google,spring_search,desktop,AU,free,user_0378,session_0378_1,0
evt_002299,2026-04-16T04:42:00+00:00,2026-W16,Thu,page_view,learn,/docs/getting-started,linkedin,founders,mobile,CA,pro,user_0379,session_0379_0,0
evt_002300,2026-04-16T04:44:07+00:00,2026-W16,Thu,page_view,learn,/blog/warehouse,linkedin,founders,mobile,CA,pro,user_0379,session_0379_0,0
evt_002301,2026-04-30T00:13:00+00:00,2026-W18,Thu,page_view,learn,/docs/getting-started,linkedin,founders,mobile,CA,pro,user_0379,session_0379_1,0
evt_002302,2026-04-30T00:15:16+00:00,2026-W18,Thu,page_view,marketing,/pricing,linkedin,founders,mobile,CA,pro,user_0379,session_0379_1,0
evt_002303,2026-04-30T00:17:40+00:00,2026-W18,Thu,page_view,marketing,/,linkedin,founders,mobile,CA,pro,user_0379,session_0379_1,0
evt_002304,2026-04-30T00:19:03+00:00,2026-W18,Thu,signup_started,account,/signup,linkedin,founders,mobile,CA,pro,user_0379,session_0379_1,0
evt_002305,2026-04-10T14:38:00+00:00,2026-W15,Fri,page_view,learn,/blog/warehouse,google,spring_search,mobile,GB,pro,user_0380,session_0380_0,0
evt_002306,2026-04-10T14:40:12+00:00,2026-W15,Fri,page_view,learn,/blog/warehouse,google,spring_search,mobile,GB,pro,user_0380,session_0380_0,0
evt_002307,2026-04-10T14:42:39+00:00,2026-W15,Fri,page_view,learn,/docs/getting-started,google,spring_search,mobile,GB,pro,user_0380,session_0380_0,0
evt_002308,2026-04-10T14:44:26+00:00,2026-W15,Fri,page_view,learn,/blog/warehouse,google,spring_search,mobile,GB,pro,user_0380,session_0380_0,0
evt_002309,2026-04-10T14:46:34+00:00,2026-W15,Fri,page_view,marketing,/,google,spring_search,mobile,GB,pro,user_0380,session_0380_0,0
evt_002310,2026-04-11T14:48:00+00:00,2026-W15,Sat,page_view,marketing,/pricing,linkedin,founders,desktop,US,free,user_0381,session_0381_0,0
evt_002311,2026-04-11T14:48:24+00:00,2026-W15,Sat,page_view,product,/integrations,linkedin,founders,desktop,US,free,user_0381,session_0381_0,0
evt_002312,2026-04-11T14:51:23+00:00,2026-W15,Sat,signup_started,account,/signup,linkedin,founders,desktop,US,free,user_0381,session_0381_0,0
evt_002313,2026-04-28T18:53:00+00:00,2026-W18,Tue,page_view,learn,/docs/getting-started,direct,none,tablet,AU,team,user_0382,session_0382_0,0
evt_002314,2026-04-28T18:54:35+00:00,2026-W18,Tue,page_view,learn,/blog/warehouse,direct,none,tablet,AU,team,user_0382,session_0382_0,0
evt_002315,2026-04-28T18:54:52+00:00,2026-W18,Tue,page_view,learn,/docs/getting-started,direct,none,tablet,AU,team,user_0382,session_0382_0,0
evt_002316,2026-04-28T18:57:22+00:00,2026-W18,Tue,page_view,product,/integrations,direct,none,tablet,AU,team,user_0382,session_0382_0,0
evt_002317,2026-04-20T23:48:00+00:00,2026-W17,Mon,page_view,learn,/blog/warehouse,linkedin,founders,desktop,GB,pro,user_0383,session_0383_0,0
evt_002318,2026-04-20T23:51:35+00:00,2026-W17,Mon,page_view,product,/integrations,linkedin,founders,desktop,GB,pro,user_0383,session_0383_0,0
evt_002319,2026-04-20T23:55:08+00:00,2026-W17,Mon,page_view,marketing,/,linkedin,founders,desktop,GB,pro,user_0383,session_0383_0,0
evt_002320,2026-04-20T23:56:40+00:00,2026-W17,Mon,page_view,marketing,/,linkedin,founders,desktop,GB,pro,user_0383,session_0383_0,0
evt_002321,2026-04-22T18:50:00+00:00,2026-W17,Wed,page_view,product,/product,organic,none,mobile,GB,free,user_0384,session_0384_0,0
evt_002322,2026-04-22T18:53:28+00:00,2026-W17,Wed,page_view,product,/integrations,organic,none,mobile,GB,free,user_0384,session_0384_0,0
evt_002323,2026-04-22T18:53:48+00:00,2026-W17,Wed,page_view,marketing,/,organic,none,mobile,GB,free,user_0384,session_0384_0,0
evt_002324,2026-04-22T18:57:26+00:00,2026-W17,Wed,page_view,product,/product,organic,none,mobile,GB,free,user_0384,session_0384_0,0
evt_002325,2026-04-17T08:51:00+00:00,2026-W16,Fri,page_view,product,/product,organic,none,mobile,CA,team,user_0385,session_0385_0,0
evt_002326,2026-04-17T08:51:46+00:00,2026-W16,Fri,page_view,marketing,/,organic,none,mobile,CA,team,user_0385,session_0385_0,0
evt_002327,2026-04-17T08:54:47+00:00,2026-W16,Fri,page_view,learn,/blog/warehouse,organic,none,mobile,CA,team,user_0385,session_0385_0,0
evt_002328,2026-04-17T08:56:56+00:00,2026-W16,Fri,page_view,marketing,/pricing,organic,none,mobile,CA,team,user_0385,session_0385_0,0
evt_002329,2026-04-17T09:00:19+00:00,2026-W16,Fri,page_view,marketing,/,organic,none,mobile,CA,team,user_0385,session_0385_0,0
evt_002330,2026-04-17T09:02:00+00:00,2026-W16,Fri,page_view,learn,/blog/warehouse,organic,none,mobile,CA,team,user_0385,session_0385_0,0
evt_002331,2026-04-17T09:05:41+00:00,2026-W16,Fri,page_view,learn,/docs/getting-started,organic,none,mobile,CA,team,user_0385,session_0385_0,0
evt_002332,2026-04-26T22:42:00+00:00,2026-W17,Sun,page_view,learn,/docs/getting-started,organic,none,mobile,CA,team,user_0385,session_0385_1,0
evt_002333,2026-04-26T22:43:14+00:00,2026-W17,Sun,page_view,marketing,/pricing,organic,none,mobile,CA,team,user_0385,session_0385_1,0
evt_002334,2026-04-26T22:44:41+00:00,2026-W17,Sun,page_view,product,/integrations,organic,none,mobile,CA,team,user_0385,session_0385_1,0
evt_002335,2026-04-26T22:48:24+00:00,2026-W17,Sun,page_view,learn,/docs/getting-started,organic,none,mobile,CA,team,user_0385,session_0385_1,0
evt_002336,2026-04-26T22:51:31+00:00,2026-W17,Sun,page_view,marketing,/,organic,none,mobile,CA,team,user_0385,session_0385_1,0
evt_002337,2026-04-26T22:53:22+00:00,2026-W17,Sun,page_view,product,/product,organic,none,mobile,CA,team,user_0385,session_0385_1,0
evt_002338,2026-04-26T22:54:40+00:00,2026-W17,Sun,signup_started,account,/signup,organic,none,mobile,CA,team,user_0385,session_0385_1,0
evt_002339,2026-04-12T12:19:00+00:00,2026-W15,Sun,page_view,marketing,/,organic,none,mobile,CA,team,user_0385,session_0385_2,0
evt_002340,2026-04-12T12:22:17+00:00,2026-W15,Sun,page_view,product,/product,organic,none,mobile,CA,team,user_0385,session_0385_2,0
evt_002341,2026-04-12T12:24:17+00:00,2026-W15,Sun,page_view,marketing,/,organic,none,mobile,CA,team,user_0385,session_0385_2,0
evt_002342,2026-04-12T12:24:47+00:00,2026-W15,Sun,page_view,product,/product,organic,none,mobile,CA,team,user_0385,session_0385_2,0
evt_002343,2026-04-12T12:25:35+00:00,2026-W15,Sun,page_view,product,/product,organic,none,mobile,CA,team,user_0385,session_0385_2,0
evt_002344,2026-04-14T19:56:00+00:00,2026-W16,Tue,page_view,product,/integrations,organic,none,mobile,CA,free,user_0386,session_0386_0,0
evt_002345,2026-04-14T19:58:07+00:00,2026-W16,Tue,page_view,product,/integrations,organic,none,mobile,CA,free,user_0386,session_0386_0,0
evt_002346,2026-04-14T20:00:27+00:00,2026-W16,Tue,page_view,learn,/docs/getting-started,organic,none,mobile,CA,free,user_0386,session_0386_0,0
evt_002347,2026-04-14T20:02:28+00:00,2026-W16,Tue,page_view,learn,/docs/getting-started,organic,none,mobile,CA,free,user_0386,session_0386_0,0
evt_002348,2026-04-14T20:03:19+00:00,2026-W16,Tue,page_view,product,/product,organic,none,mobile,CA,free,user_0386,session_0386_0,0
evt_002349,2026-04-21T01:06:00+00:00,2026-W17,Tue,page_view,marketing,/,linkedin,founders,desktop,AU,pro,user_0387,session_0387_0,0
evt_002350,2026-04-21T01:08:38+00:00,2026-W17,Tue,page_view,marketing,/pricing,linkedin,founders,desktop,AU,pro,user_0387,session_0387_0,0
evt_002351,2026-04-21T01:09:23+00:00,2026-W17,Tue,page_view,product,/integrations,linkedin,founders,desktop,AU,pro,user_0387,session_0387_0,0
evt_002352,2026-04-21T01:11:22+00:00,2026-W17,Tue,page_view,marketing,/,linkedin,founders,desktop,AU,pro,user_0387,session_0387_0,0
evt_002353,2026-04-21T01:13:11+00:00,2026-W17,Tue,page_view,product,/product,linkedin,founders,desktop,AU,pro,user_0387,session_0387_0,0
evt_002354,2026-04-21T01:13:36+00:00,2026-W17,Tue,page_view,product,/product,linkedin,founders,desktop,AU,pro,user_0387,session_0387_0,0
evt_002355,2026-04-21T01:14:21+00:00,2026-W17,Tue,page_view,marketing,/pricing,linkedin,founders,desktop,AU,pro,user_0387,session_0387_0,0
evt_002356,2026-04-21T01:16:11+00:00,2026-W17,Tue,signup_started,account,/signup,linkedin,founders,desktop,AU,pro,user_0387,session_0387_0,0
evt_002357,2026-05-01T04:52:00+00:00,2026-W18,Fri,page_view,learn,/docs/getting-started,linkedin,founders,desktop,AU,pro,user_0387,session_0387_1,0
evt_002358,2026-05-01T04:54:02+00:00,2026-W18,Fri,page_view,marketing,/,linkedin,founders,desktop,AU,pro,user_0387,session_0387_1,0
evt_002359,2026-05-01T04:55:35+00:00,2026-W18,Fri,page_view,learn,/blog/warehouse,linkedin,founders,desktop,AU,pro,user_0387,session_0387_1,0
evt_002360,2026-04-19T16:25:00+00:00,2026-W16,Sun,page_view,marketing,/pricing,organic,none,mobile,US,free,user_0388,session_0388_0,0
evt_002361,2026-04-19T16:27:10+00:00,2026-W16,Sun,page_view,learn,/blog/warehouse,organic,none,mobile,US,free,user_0388,session_0388_0,0
evt_002362,2026-04-19T16:30:45+00:00,2026-W16,Sun,page_view,marketing,/pricing,organic,none,mobile,US,free,user_0388,session_0388_0,0
evt_002363,2026-04-19T16:34:33+00:00,2026-W16,Sun,page_view,learn,/docs/getting-started,organic,none,mobile,US,free,user_0388,session_0388_0,0
evt_002364,2026-04-19T16:37:23+00:00,2026-W16,Sun,page_view,marketing,/,organic,none,mobile,US,free,user_0388,session_0388_0,0
evt_002365,2026-04-19T16:38:13+00:00,2026-W16,Sun,page_view,product,/product,organic,none,mobile,US,free,user_0388,session_0388_0,0
evt_002366,2026-04-18T07:56:00+00:00,2026-W16,Sat,page_view,marketing,/pricing,linkedin,founders,desktop,DE,free,user_0389,session_0389_0,0
evt_002367,2026-04-18T07:56:26+00:00,2026-W16,Sat,page_view,learn,/blog/warehouse,linkedin,founders,desktop,DE,free,user_0389,session_0389_0,0
evt_002368,2026-04-18T07:58:34+00:00,2026-W16,Sat,page_view,learn,/docs/getting-started,linkedin,founders,desktop,DE,free,user_0389,session_0389_0,0
evt_002369,2026-04-18T08:01:34+00:00,2026-W16,Sat,page_view,marketing,/,linkedin,founders,desktop,DE,free,user_0389,session_0389_0,0
evt_002370,2026-04-18T08:02:31+00:00,2026-W16,Sat,page_view,learn,/docs/getting-started,linkedin,founders,desktop,DE,free,user_0389,session_0389_0,0
evt_002371,2026-04-23T19:41:00+00:00,2026-W17,Thu,page_view,learn,/blog/warehouse,newsletter,april_launch,desktop,US,free,user_0390,session_0390_0,0
evt_002372,2026-04-23T19:43:28+00:00,2026-W17,Thu,page_view,marketing,/,newsletter,april_launch,desktop,US,free,user_0390,session_0390_0,0
evt_002373,2026-04-22T00:38:00+00:00,2026-W17,Wed,page_view,product,/integrations,newsletter,april_launch,desktop,US,free,user_0390,session_0390_1,0
evt_002374,2026-04-22T00:40:31+00:00,2026-W17,Wed,page_view,marketing,/,newsletter,april_launch,desktop,US,free,user_0390,session_0390_1,0
evt_002375,2026-04-18T20:06:00+00:00,2026-W16,Sat,page_view,product,/product,organic,none,desktop,AU,free,user_0391,session_0391_0,0
evt_002376,2026-04-18T20:06:20+00:00,2026-W16,Sat,page_view,marketing,/pricing,organic,none,desktop,AU,free,user_0391,session_0391_0,0
evt_002377,2026-04-18T20:07:21+00:00,2026-W16,Sat,signup_started,account,/signup,organic,none,desktop,AU,free,user_0391,session_0391_0,0
evt_002378,2026-04-11T08:43:00+00:00,2026-W15,Sat,page_view,marketing,/,organic,none,desktop,US,team,user_0392,session_0392_0,0
evt_002379,2026-04-11T08:44:59+00:00,2026-W15,Sat,page_view,product,/integrations,organic,none,desktop,US,team,user_0392,session_0392_0,0
evt_002380,2026-04-10T14:05:00+00:00,2026-W15,Fri,page_view,marketing,/pricing,linkedin,founders,desktop,US,pro,user_0393,session_0393_0,0
evt_002381,2026-04-10T14:08:46+00:00,2026-W15,Fri,page_view,learn,/blog/warehouse,linkedin,founders,desktop,US,pro,user_0393,session_0393_0,0
evt_002382,2026-04-10T14:09:14+00:00,2026-W15,Fri,page_view,marketing,/,linkedin,founders,desktop,US,pro,user_0393,session_0393_0,0
evt_002383,2026-04-10T14:12:41+00:00,2026-W15,Fri,page_view,product,/integrations,linkedin,founders,desktop,US,pro,user_0393,session_0393_0,0
evt_002384,2026-04-08T16:31:00+00:00,2026-W15,Wed,page_view,product,/product,linkedin,founders,desktop,US,free,user_0394,session_0394_0,0
evt_002385,2026-04-08T16:32:14+00:00,2026-W15,Wed,page_view,learn,/blog/warehouse,linkedin,founders,desktop,US,free,user_0394,session_0394_0,0
evt_002386,2026-04-15T19:23:00+00:00,2026-W16,Wed,page_view,product,/product,organic,none,tablet,US,free,user_0395,session_0395_0,0
evt_002387,2026-04-15T19:26:51+00:00,2026-W16,Wed,page_view,product,/integrations,organic,none,tablet,US,free,user_0395,session_0395_0,0
evt_002388,2026-04-15T19:27:58+00:00,2026-W16,Wed,page_view,learn,/docs/getting-started,organic,none,tablet,US,free,user_0395,session_0395_0,0
evt_002389,2026-04-15T19:28:49+00:00,2026-W16,Wed,page_view,marketing,/pricing,organic,none,tablet,US,free,user_0395,session_0395_0,0
evt_002390,2026-04-15T19:29:47+00:00,2026-W16,Wed,page_view,learn,/docs/getting-started,organic,none,tablet,US,free,user_0395,session_0395_0,0
evt_002391,2026-04-15T22:17:00+00:00,2026-W16,Wed,page_view,marketing,/,direct,none,desktop,US,free,user_0396,session_0396_0,0
evt_002392,2026-04-15T22:19:18+00:00,2026-W16,Wed,page_view,marketing,/pricing,direct,none,desktop,US,free,user_0396,session_0396_0,0
evt_002393,2026-04-15T22:20:37+00:00,2026-W16,Wed,page_view,learn,/docs/getting-started,direct,none,desktop,US,free,user_0396,session_0396_0,0
evt_002394,2026-04-08T10:15:00+00:00,2026-W15,Wed,page_view,marketing,/pricing,newsletter,april_launch,desktop,AU,free,user_0397,session_0397_0,0
evt_002395,2026-04-08T10:15:46+00:00,2026-W15,Wed,page_view,learn,/docs/getting-started,newsletter,april_launch,desktop,AU,free,user_0397,session_0397_0,0
evt_002396,2026-04-14T14:44:00+00:00,2026-W16,Tue,page_view,product,/integrations,newsletter,april_launch,desktop,AU,free,user_0397,session_0397_1,0
evt_002397,2026-04-14T14:47:40+00:00,2026-W16,Tue,page_view,marketing,/pricing,newsletter,april_launch,desktop,AU,free,user_0397,session_0397_1,0
evt_002398,2026-04-14T14:50:49+00:00,2026-W16,Tue,page_view,learn,/blog/warehouse,newsletter,april_launch,desktop,AU,free,user_0397,session_0397_1,0
evt_002399,2026-04-14T14:53:46+00:00,2026-W16,Tue,signup_started,account,/signup,newsletter,april_launch,desktop,AU,free,user_0397,session_0397_1,0
evt_002400,2026-04-06T23:36:00+00:00,2026-W15,Mon,page_view,product,/integrations,google,spring_search,desktop,DE,free,user_0398,session_0398_0,0
evt_002401,2026-04-06T23:36:15+00:00,2026-W15,Mon,page_view,product,/integrations,google,spring_search,desktop,DE,free,user_0398,session_0398_0,0
evt_002402,2026-04-06T23:36:31+00:00,2026-W15,Mon,page_view,learn,/blog/warehouse,google,spring_search,desktop,DE,free,user_0398,session_0398_0,0
evt_002403,2026-04-26T22:13:00+00:00,2026-W17,Sun,page_view,product,/product,organic,none,desktop,CA,pro,user_0399,session_0399_0,0
evt_002404,2026-04-26T22:16:48+00:00,2026-W17,Sun,page_view,learn,/docs/getting-started,organic,none,desktop,CA,pro,user_0399,session_0399_0,0
evt_002405,2026-04-30T23:47:00+00:00,2026-W18,Thu,page_view,marketing,/,linkedin,founders,desktop,CA,pro,user_0400,session_0400_0,0
evt_002406,2026-04-30T23:48:49+00:00,2026-W18,Thu,page_view,learn,/blog/warehouse,linkedin,founders,desktop,CA,pro,user_0400,session_0400_0,0
evt_002407,2026-05-02T20:56:00+00:00,2026-W18,Sat,page_view,marketing,/pricing,organic,none,mobile,DE,pro,user_0401,session_0401_0,0
evt_002408,2026-05-02T20:59:18+00:00,2026-W18,Sat,page_view,marketing,/,organic,none,mobile,DE,pro,user_0401,session_0401_0,0
evt_002409,2026-05-02T21:01:39+00:00,2026-W18,Sat,page_view,learn,/blog/warehouse,organic,none,mobile,DE,pro,user_0401,session_0401_0,0
evt_002410,2026-05-02T21:02:03+00:00,2026-W18,Sat,page_view,marketing,/pricing,organic,none,mobile,DE,pro,user_0401,session_0401_0,0
evt_002411,2026-05-02T21:05:18+00:00,2026-W18,Sat,page_view,learn,/docs/getting-started,organic,none,mobile,DE,pro,user_0401,session_0401_0,0
evt_002412,2026-05-02T21:06:26+00:00,2026-W18,Sat,page_view,marketing,/,organic,none,mobile,DE,pro,user_0401,session_0401_0,0
evt_002413,2026-05-02T21:10:11+00:00,2026-W18,Sat,page_view,product,/integrations,organic,none,mobile,DE,pro,user_0401,session_0401_0,0
evt_002414,2026-04-25T19:17:00+00:00,2026-W17,Sat,page_view,marketing,/,google,spring_search,desktop,AU,free,user_0402,session_0402_0,0
evt_002415,2026-04-25T19:17:47+00:00,2026-W17,Sat,page_view,learn,/docs/getting-started,google,spring_search,desktop,AU,free,user_0402,session_0402_0,0
evt_002416,2026-04-25T19:18:34+00:00,2026-W17,Sat,page_view,marketing,/pricing,google,spring_search,desktop,AU,free,user_0402,session_0402_0,0
evt_002417,2026-04-28T23:08:00+00:00,2026-W18,Tue,page_view,product,/integrations,newsletter,april_launch,mobile,DE,free,user_0403,session_0403_0,0
evt_002418,2026-04-28T23:11:09+00:00,2026-W18,Tue,page_view,product,/product,newsletter,april_launch,mobile,DE,free,user_0403,session_0403_0,0
evt_002419,2026-04-28T23:13:20+00:00,2026-W18,Tue,page_view,marketing,/,newsletter,april_launch,mobile,DE,free,user_0403,session_0403_0,0
evt_002420,2026-04-28T23:15:24+00:00,2026-W18,Tue,page_view,product,/integrations,newsletter,april_launch,mobile,DE,free,user_0403,session_0403_0,0
evt_002421,2026-04-28T23:18:25+00:00,2026-W18,Tue,page_view,marketing,/,newsletter,april_launch,mobile,DE,free,user_0403,session_0403_0,0
evt_002422,2026-04-28T23:20:02+00:00,2026-W18,Tue,page_view,product,/product,newsletter,april_launch,mobile,DE,free,user_0403,session_0403_0,0
evt_002423,2026-04-29T07:39:00+00:00,2026-W18,Wed,page_view,marketing,/pricing,organic,none,mobile,CA,free,user_0404,session_0404_0,0
evt_002424,2026-04-29T07:41:02+00:00,2026-W18,Wed,page_view,product,/product,organic,none,mobile,CA,free,user_0404,session_0404_0,0
evt_002425,2026-04-29T07:42:37+00:00,2026-W18,Wed,signup_started,account,/signup,organic,none,mobile,CA,free,user_0404,session_0404_0,0
evt_002426,2026-04-08T19:31:00+00:00,2026-W15,Wed,page_view,learn,/blog/warehouse,organic,none,mobile,CA,free,user_0404,session_0404_1,0
evt_002427,2026-04-08T19:32:12+00:00,2026-W15,Wed,page_view,learn,/blog/warehouse,organic,none,mobile,CA,free,user_0404,session_0404_1,0
evt_002428,2026-04-09T00:57:00+00:00,2026-W15,Thu,page_view,product,/product,direct,none,mobile,GB,free,user_0405,session_0405_0,0
evt_002429,2026-04-09T00:57:21+00:00,2026-W15,Thu,page_view,product,/integrations,direct,none,mobile,GB,free,user_0405,session_0405_0,0
evt_002430,2026-04-09T01:00:16+00:00,2026-W15,Thu,page_view,learn,/blog/warehouse,direct,none,mobile,GB,free,user_0405,session_0405_0,0
evt_002431,2026-04-09T01:04:06+00:00,2026-W15,Thu,page_view,marketing,/pricing,direct,none,mobile,GB,free,user_0405,session_0405_0,0
evt_002432,2026-04-09T01:04:48+00:00,2026-W15,Thu,page_view,product,/product,direct,none,mobile,GB,free,user_0405,session_0405_0,0
evt_002433,2026-04-30T03:15:00+00:00,2026-W18,Thu,page_view,product,/product,newsletter,april_launch,desktop,GB,team,user_0406,session_0406_0,0
evt_002434,2026-04-30T03:15:46+00:00,2026-W18,Thu,page_view,marketing,/,newsletter,april_launch,desktop,GB,team,user_0406,session_0406_0,0
evt_002435,2026-04-30T03:16:16+00:00,2026-W18,Thu,page_view,learn,/blog/warehouse,newsletter,april_launch,desktop,GB,team,user_0406,session_0406_0,0
evt_002436,2026-04-30T03:18:07+00:00,2026-W18,Thu,page_view,marketing,/pricing,newsletter,april_launch,desktop,GB,team,user_0406,session_0406_0,0
evt_002437,2026-04-30T03:21:59+00:00,2026-W18,Thu,page_view,product,/integrations,newsletter,april_launch,desktop,GB,team,user_0406,session_0406_0,0
evt_002438,2026-04-30T03:25:34+00:00,2026-W18,Thu,page_view,marketing,/,newsletter,april_launch,desktop,GB,team,user_0406,session_0406_0,0
evt_002439,2026-04-30T03:29:14+00:00,2026-W18,Thu,page_view,product,/product,newsletter,april_launch,desktop,GB,team,user_0406,session_0406_0,0
evt_002440,2026-04-09T21:04:00+00:00,2026-W15,Thu,page_view,marketing,/,google,spring_search,desktop,US,free,user_0407,session_0407_0,0
evt_002441,2026-04-09T21:06:48+00:00,2026-W15,Thu,page_view,learn,/docs/getting-started,google,spring_search,desktop,US,free,user_0407,session_0407_0,0
evt_002442,2026-04-09T21:09:42+00:00,2026-W15,Thu,page_view,marketing,/,google,spring_search,desktop,US,free,user_0407,session_0407_0,0
evt_002443,2026-04-09T21:11:35+00:00,2026-W15,Thu,page_view,product,/product,google,spring_search,desktop,US,free,user_0407,session_0407_0,0
evt_002444,2026-04-09T21:13:39+00:00,2026-W15,Thu,page_view,learn,/docs/getting-started,google,spring_search,desktop,US,free,user_0407,session_0407_0,0
evt_002445,2026-04-09T00:25:00+00:00,2026-W15,Thu,page_view,learn,/docs/getting-started,organic,none,mobile,US,free,user_0408,session_0408_0,0
evt_002446,2026-04-09T00:27:46+00:00,2026-W15,Thu,page_view,learn,/docs/getting-started,organic,none,mobile,US,free,user_0408,session_0408_0,0
evt_002447,2026-04-09T00:28:50+00:00,2026-W15,Thu,page_view,learn,/blog/warehouse,organic,none,mobile,US,free,user_0408,session_0408_0,0
evt_002448,2026-04-09T00:29:37+00:00,2026-W15,Thu,page_view,product,/integrations,organic,none,mobile,US,free,user_0408,session_0408_0,0
evt_002449,2026-04-09T00:30:57+00:00,2026-W15,Thu,page_view,marketing,/pricing,organic,none,mobile,US,free,user_0408,session_0408_0,0
evt_002450,2026-04-09T00:33:15+00:00,2026-W15,Thu,page_view,learn,/docs/getting-started,organic,none,mobile,US,free,user_0408,session_0408_0,0
evt_002451,2026-04-09T00:35:23+00:00,2026-W15,Thu,signup_completed,account,/signup,organic,none,mobile,US,free,user_0408,session_0408_0,0
evt_002452,2026-04-15T19:55:00+00:00,2026-W16,Wed,page_view,learn,/docs/getting-started,organic,none,desktop,AU,free,user_0409,session_0409_0,0
evt_002453,2026-04-15T19:55:52+00:00,2026-W16,Wed,page_view,product,/product,organic,none,desktop,AU,free,user_0409,session_0409_0,0
evt_002454,2026-04-15T19:58:41+00:00,2026-W16,Wed,page_view,marketing,/pricing,organic,none,desktop,AU,free,user_0409,session_0409_0,0
evt_002455,2026-04-15T20:00:30+00:00,2026-W16,Wed,page_view,learn,/blog/warehouse,organic,none,desktop,AU,free,user_0409,session_0409_0,0
evt_002456,2026-04-15T20:02:57+00:00,2026-W16,Wed,page_view,product,/integrations,organic,none,desktop,AU,free,user_0409,session_0409_0,0
evt_002457,2026-04-15T20:06:05+00:00,2026-W16,Wed,page_view,marketing,/,organic,none,desktop,AU,free,user_0409,session_0409_0,0
evt_002458,2026-04-12T02:20:00+00:00,2026-W15,Sun,page_view,marketing,/,newsletter,april_launch,mobile,CA,free,user_0410,session_0410_0,0
evt_002459,2026-04-12T02:22:16+00:00,2026-W15,Sun,page_view,product,/integrations,newsletter,april_launch,mobile,CA,free,user_0410,session_0410_0,0
evt_002460,2026-04-12T02:24:30+00:00,2026-W15,Sun,page_view,product,/integrations,newsletter,april_launch,mobile,CA,free,user_0410,session_0410_0,0
evt_002461,2026-04-12T02:26:09+00:00,2026-W15,Sun,page_view,learn,/docs/getting-started,newsletter,april_launch,mobile,CA,free,user_0410,session_0410_0,0
evt_002462,2026-04-07T16:55:00+00:00,2026-W15,Tue,page_view,learn,/blog/warehouse,direct,none,mobile,CA,free,user_0411,session_0411_0,0
evt_002463,2026-04-07T16:57:58+00:00,2026-W15,Tue,page_view,marketing,/,direct,none,mobile,CA,free,user_0411,session_0411_0,0
evt_002464,2026-04-07T16:59:11+00:00,2026-W15,Tue,page_view,product,/product,direct,none,mobile,CA,free,user_0411,session_0411_0,0
evt_002465,2026-04-13T16:24:00+00:00,2026-W16,Mon,page_view,learn,/docs/getting-started,direct,none,mobile,CA,free,user_0411,session_0411_1,0
evt_002466,2026-04-13T16:27:43+00:00,2026-W16,Mon,page_view,marketing,/pricing,direct,none,mobile,CA,free,user_0411,session_0411_1,0
evt_002467,2026-04-13T16:31:07+00:00,2026-W16,Mon,page_view,marketing,/pricing,direct,none,mobile,CA,free,user_0411,session_0411_1,0
evt_002468,2026-04-13T16:33:04+00:00,2026-W16,Mon,page_view,marketing,/,direct,none,mobile,CA,free,user_0411,session_0411_1,0
evt_002469,2026-04-13T16:33:20+00:00,2026-W16,Mon,page_view,marketing,/pricing,direct,none,mobile,CA,free,user_0411,session_0411_1,0
evt_002470,2026-04-13T16:33:53+00:00,2026-W16,Mon,page_view,marketing,/pricing,direct,none,mobile,CA,free,user_0411,session_0411_1,0
evt_002471,2026-04-13T16:36:30+00:00,2026-W16,Mon,page_view,marketing,/,direct,none,mobile,CA,free,user_0411,session_0411_1,0
evt_002472,2026-04-11T07:28:00+00:00,2026-W15,Sat,page_view,learn,/docs/getting-started,linkedin,founders,mobile,DE,free,user_0412,session_0412_0,0
evt_002473,2026-04-11T07:29:41+00:00,2026-W15,Sat,page_view,learn,/docs/getting-started,linkedin,founders,mobile,DE,free,user_0412,session_0412_0,0
evt_002474,2026-04-11T07:30:58+00:00,2026-W15,Sat,page_view,marketing,/,linkedin,founders,mobile,DE,free,user_0412,session_0412_0,0
evt_002475,2026-04-11T07:31:18+00:00,2026-W15,Sat,page_view,marketing,/,linkedin,founders,mobile,DE,free,user_0412,session_0412_0,0
evt_002476,2026-04-09T00:42:00+00:00,2026-W15,Thu,page_view,marketing,/,linkedin,founders,mobile,DE,free,user_0412,session_0412_1,0
evt_002477,2026-04-09T00:45:02+00:00,2026-W15,Thu,page_view,learn,/docs/getting-started,linkedin,founders,mobile,DE,free,user_0412,session_0412_1,0
evt_002478,2026-04-09T00:45:45+00:00,2026-W15,Thu,page_view,marketing,/pricing,linkedin,founders,mobile,DE,free,user_0412,session_0412_1,0
evt_002479,2026-04-09T00:46:53+00:00,2026-W15,Thu,page_view,marketing,/pricing,linkedin,founders,mobile,DE,free,user_0412,session_0412_1,0
evt_002480,2026-04-09T00:48:09+00:00,2026-W15,Thu,page_view,marketing,/pricing,linkedin,founders,mobile,DE,free,user_0412,session_0412_1,0
evt_002481,2026-04-09T00:49:59+00:00,2026-W15,Thu,page_view,product,/integrations,linkedin,founders,mobile,DE,free,user_0412,session_0412_1,0
evt_002482,2026-04-09T00:52:28+00:00,2026-W15,Thu,page_view,learn,/blog/warehouse,linkedin,founders,mobile,DE,free,user_0412,session_0412_1,0
evt_002483,2026-04-23T12:54:00+00:00,2026-W17,Thu,page_view,marketing,/pricing,newsletter,april_launch,desktop,GB,pro,user_0413,session_0413_0,0
evt_002484,2026-04-23T12:56:48+00:00,2026-W17,Thu,page_view,product,/product,newsletter,april_launch,desktop,GB,pro,user_0413,session_0413_0,0
evt_002485,2026-04-23T12:59:45+00:00,2026-W17,Thu,page_view,marketing,/pricing,newsletter,april_launch,desktop,GB,pro,user_0413,session_0413_0,0
evt_002486,2026-04-23T13:00:11+00:00,2026-W17,Thu,page_view,learn,/docs/getting-started,newsletter,april_launch,desktop,GB,pro,user_0413,session_0413_0,0
evt_002487,2026-04-23T13:02:56+00:00,2026-W17,Thu,page_view,marketing,/,newsletter,april_launch,desktop,GB,pro,user_0413,session_0413_0,0
evt_002488,2026-04-23T13:05:28+00:00,2026-W17,Thu,page_view,marketing,/pricing,newsletter,april_launch,desktop,GB,pro,user_0413,session_0413_0,0
evt_002489,2026-04-23T13:06:21+00:00,2026-W17,Thu,page_view,marketing,/pricing,newsletter,april_launch,desktop,GB,pro,user_0413,session_0413_0,0
evt_002490,2026-04-14T04:18:00+00:00,2026-W16,Tue,page_view,learn,/blog/warehouse,newsletter,april_launch,desktop,GB,pro,user_0413,session_0413_1,0
evt_002491,2026-04-14T04:20:20+00:00,2026-W16,Tue,page_view,marketing,/,newsletter,april_launch,desktop,GB,pro,user_0413,session_0413_1,0
evt_002492,2026-04-14T04:20:55+00:00,2026-W16,Tue,page_view,learn,/docs/getting-started,newsletter,april_launch,desktop,GB,pro,user_0413,session_0413_1,0
evt_002493,2026-04-14T04:24:32+00:00,2026-W16,Tue,page_view,product,/integrations,newsletter,april_launch,desktop,GB,pro,user_0413,session_0413_1,0
evt_002494,2026-04-14T04:25:03+00:00,2026-W16,Tue,page_view,marketing,/,newsletter,april_launch,desktop,GB,pro,user_0413,session_0413_1,0
evt_002495,2026-04-14T04:26:57+00:00,2026-W16,Tue,page_view,learn,/docs/getting-started,newsletter,april_launch,desktop,GB,pro,user_0413,session_0413_1,0
evt_002496,2026-04-28T16:29:00+00:00,2026-W18,Tue,page_view,learn,/blog/warehouse,linkedin,founders,desktop,AU,free,user_0414,session_0414_0,0
evt_002497,2026-04-28T16:31:16+00:00,2026-W18,Tue,page_view,marketing,/pricing,linkedin,founders,desktop,AU,free,user_0414,session_0414_0,0
evt_002498,2026-04-28T16:33:13+00:00,2026-W18,Tue,page_view,product,/integrations,linkedin,founders,desktop,AU,free,user_0414,session_0414_0,0
evt_002499,2026-04-28T16:36:50+00:00,2026-W18,Tue,page_view,product,/integrations,linkedin,founders,desktop,AU,free,user_0414,session_0414_0,0
evt_002500,2026-04-28T16:37:14+00:00,2026-W18,Tue,page_view,marketing,/,linkedin,founders,desktop,AU,free,user_0414,session_0414_0,0
evt_002501,2026-04-28T16:38:20+00:00,2026-W18,Tue,page_view,product,/product,linkedin,founders,desktop,AU,free,user_0414,session_0414_0,0
evt_002502,2026-04-28T16:39:35+00:00,2026-W18,Tue,page_view,marketing,/pricing,linkedin,founders,desktop,AU,free,user_0414,session_0414_0,0
evt_002503,2026-04-15T15:10:00+00:00,2026-W16,Wed,page_view,marketing,/pricing,google,spring_search,desktop,DE,free,user_0415,session_0415_0,0
evt_002504,2026-04-15T15:12:44+00:00,2026-W16,Wed,page_view,marketing,/,google,spring_search,desktop,DE,free,user_0415,session_0415_0,0
evt_002505,2026-04-15T15:15:10+00:00,2026-W16,Wed,page_view,product,/integrations,google,spring_search,desktop,DE,free,user_0415,session_0415_0,0
evt_002506,2026-04-15T15:17:14+00:00,2026-W16,Wed,page_view,product,/product,google,spring_search,desktop,DE,free,user_0415,session_0415_0,0
evt_002507,2026-04-15T15:19:19+00:00,2026-W16,Wed,page_view,product,/product,google,spring_search,desktop,DE,free,user_0415,session_0415_0,0
evt_002508,2026-04-15T15:22:59+00:00,2026-W16,Wed,page_view,product,/product,google,spring_search,desktop,DE,free,user_0415,session_0415_0,0
evt_002509,2026-04-15T15:24:23+00:00,2026-W16,Wed,signup_started,account,/signup,google,spring_search,desktop,DE,free,user_0415,session_0415_0,0
evt_002510,2026-04-13T09:03:00+00:00,2026-W16,Mon,page_view,marketing,/,google,spring_search,desktop,DE,free,user_0415,session_0415_1,0
evt_002511,2026-04-13T09:03:36+00:00,2026-W16,Mon,page_view,marketing,/pricing,google,spring_search,desktop,DE,free,user_0415,session_0415_1,0
evt_002512,2026-04-13T09:05:59+00:00,2026-W16,Mon,page_view,product,/product,google,spring_search,desktop,DE,free,user_0415,session_0415_1,0
evt_002513,2026-04-13T09:08:58+00:00,2026-W16,Mon,page_view,marketing,/,google,spring_search,desktop,DE,free,user_0415,session_0415_1,0
evt_002514,2026-04-13T09:10:23+00:00,2026-W16,Mon,page_view,learn,/blog/warehouse,google,spring_search,desktop,DE,free,user_0415,session_0415_1,0
evt_002515,2026-04-13T09:11:03+00:00,2026-W16,Mon,page_view,marketing,/,google,spring_search,desktop,DE,free,user_0415,session_0415_1,0
evt_002516,2026-04-13T09:12:50+00:00,2026-W16,Mon,page_view,marketing,/,google,spring_search,desktop,DE,free,user_0415,session_0415_1,0
evt_002517,2026-04-13T09:13:56+00:00,2026-W16,Mon,signup_started,account,/signup,google,spring_search,desktop,DE,free,user_0415,session_0415_1,0
evt_002518,2026-05-03T18:32:00+00:00,2026-W18,Sun,page_view,marketing,/,organic,none,mobile,DE,free,user_0416,session_0416_0,0
evt_002519,2026-05-03T18:33:31+00:00,2026-W18,Sun,page_view,marketing,/pricing,organic,none,mobile,DE,free,user_0416,session_0416_0,0
evt_002520,2026-05-03T18:35:14+00:00,2026-W18,Sun,page_view,learn,/docs/getting-started,organic,none,mobile,DE,free,user_0416,session_0416_0,0
evt_002521,2026-05-03T18:37:12+00:00,2026-W18,Sun,page_view,learn,/blog/warehouse,organic,none,mobile,DE,free,user_0416,session_0416_0,0
evt_002522,2026-04-13T07:44:00+00:00,2026-W16,Mon,page_view,learn,/docs/getting-started,linkedin,founders,desktop,AU,team,user_0417,session_0417_0,0
evt_002523,2026-04-13T07:46:16+00:00,2026-W16,Mon,page_view,marketing,/,linkedin,founders,desktop,AU,team,user_0417,session_0417_0,0
evt_002524,2026-04-13T07:49:01+00:00,2026-W16,Mon,page_view,learn,/docs/getting-started,linkedin,founders,desktop,AU,team,user_0417,session_0417_0,0
evt_002525,2026-04-13T07:52:29+00:00,2026-W16,Mon,page_view,product,/product,linkedin,founders,desktop,AU,team,user_0417,session_0417_0,0
evt_002526,2026-04-13T07:56:12+00:00,2026-W16,Mon,page_view,product,/product,linkedin,founders,desktop,AU,team,user_0417,session_0417_0,0
evt_002527,2026-04-13T07:59:49+00:00,2026-W16,Mon,page_view,marketing,/,linkedin,founders,desktop,AU,team,user_0417,session_0417_0,0
evt_002528,2026-04-13T08:03:40+00:00,2026-W16,Mon,page_view,marketing,/,linkedin,founders,desktop,AU,team,user_0417,session_0417_0,0
evt_002529,2026-04-24T04:22:00+00:00,2026-W17,Fri,page_view,learn,/blog/warehouse,direct,none,desktop,CA,free,user_0418,session_0418_0,0
evt_002530,2026-04-24T04:22:17+00:00,2026-W17,Fri,page_view,product,/product,direct,none,desktop,CA,free,user_0418,session_0418_0,0
evt_002531,2026-04-24T04:25:20+00:00,2026-W17,Fri,page_view,learn,/docs/getting-started,direct,none,desktop,CA,free,user_0418,session_0418_0,0
evt_002532,2026-04-24T04:27:01+00:00,2026-W17,Fri,page_view,marketing,/,direct,none,desktop,CA,free,user_0418,session_0418_0,0
evt_002533,2026-04-07T04:44:00+00:00,2026-W15,Tue,page_view,learn,/blog/warehouse,linkedin,founders,desktop,AU,free,user_0419,session_0419_0,0
evt_002534,2026-04-07T04:45:39+00:00,2026-W15,Tue,page_view,product,/product,linkedin,founders,desktop,AU,free,user_0419,session_0419_0,0
evt_002535,2026-04-07T04:49:18+00:00,2026-W15,Tue,page_view,product,/integrations,linkedin,founders,desktop,AU,free,user_0419,session_0419_0,0
